cell,day,alive,money_mean,money_p10,money_p90,prestige_mean,prestige_p10,income_mean,quota,spawned_mean,served_mean,lost_mean,missed_mean,packed_mean,delivered_mean,phone_mean,trucksFull_mean,idle_frac,early_frac,rent_mean
P1_zayif_hic_ev,1,1.00,512.33,499.50,555.00,12.69,12.20,16.50,4,4,2.73,0.93,0,1.93,0.30,0.13,0.13,0.15,0.90,0
P1_zayif_hic_ev,2,1.00,547.20,480.70,651.50,13.07,12.43,47.67,4,4,2.43,1.30,0,1.67,0.87,0.13,0.60,0.18,0.83,0
P1_zayif_hic_ev,3,1.00,598.97,494.50,682.50,13.44,12.83,66,4,4,2.53,1.33,0,1.70,1.20,0.10,0.83,0.14,0.93,0
P1_zayif_hic_ev,4,1.00,358.57,237.20,447.50,13.78,13.08,64.17,4,4,2.40,1.33,0,1.50,1.17,0.20,0.53,0.14,1,290
P1_zayif_hic_ev,5,1.00,401.73,300.50,502.50,13.98,13.19,56,4.07,4.03,2.23,1.60,0.03,1.43,1,0.27,0.57,0.24,0.97,0
P1_zayif_hic_ev,6,1.00,453.70,357.60,582.30,14.27,12.94,52.33,4.23,4.13,2.37,1.67,0.10,1.53,0.90,0.37,0.60,0.23,0.90,0
P1_zayif_hic_ev,7,1.00,509.77,337.20,634.30,14.57,13.47,61.17,4.17,4.13,2.37,1.67,0.03,1.33,1.07,0.40,0.43,0.23,0.93,0
P1_zayif_hic_ev,8,1.00,235.97,67.90,363.40,14.95,13.54,78.83,5,4.93,2.93,1.80,0.07,2.03,1.40,0.20,0.80,0.21,0.93,342.73
P1_zayif_hic_ev,9,1.00,289.30,102.80,455.30,14.70,12.55,67.57,5.30,5,2.27,2.63,0.30,2.43,1.23,0.27,0.70,0.15,0.73,0
P1_zayif_hic_ev,10,1.00,356.43,193.30,560.80,14.60,12.75,84.73,5.17,4.73,2.33,2.20,0.43,2.63,1.53,0.07,0.83,0.09,0.63,0
P1_zayif_hic_ev,11,1.00,428.43,197.00,641.30,14.36,11.97,84.10,5.10,4.93,2.10,2.57,0.17,2.43,1.57,0.33,0.93,0.10,0.83,0
P1_zayif_hic_ev,12,1.00,165.97,57.10,378.80,14.33,12.06,100.67,5,5,2.50,2.33,0,2.87,1.80,0.07,1.07,0.04,1,349.77
P1_zayif_hic_ev,13,0.93,276.25,110.40,441.30,14.22,11.18,133.25,6.21,5.57,2.64,2.82,0.64,3.46,2.39,0.11,1.14,0.06,0.46,0
P1_zayif_hic_ev,14,0.93,380.79,214.80,610.50,13.42,10.58,127.36,6.11,5.68,2.18,3.43,0.43,3.61,2.21,0.11,1.39,0.04,0.61,0
P1_zayif_hic_ev,15,0.93,499.32,303.40,757.30,13.33,9.99,134.43,6.39,5.86,2.89,2.71,0.54,3.39,2.36,0.07,1.14,0.05,0.61,0
P1_zayif_hic_ev,16,0.93,247.68,41.90,474.90,13.22,9.84,117.50,6,5.96,2.89,2.82,0.04,3.14,2.11,0.07,0.96,0.05,0.96,339.29
P1_zayif_hic_noev,1,1.00,513.83,495.00,555.00,12.68,12.20,14.67,4,4,2.70,1,0,1.87,0.27,0.17,0.07,0.16,0.90,0
P1_zayif_hic_noev,2,1.00,541.10,455.00,665.00,12.86,12.19,45.83,4,4,2.27,1.43,0,1.63,0.83,0.13,0.50,0.20,0.93,0
P1_zayif_hic_noev,3,1.00,599.60,477.20,720.00,13.10,12.56,71.50,4,4,2.37,1.40,0,1.70,1.30,0.10,0.77,0.16,0.87,0
P1_zayif_hic_noev,4,1.00,369.47,237.70,470.00,13.47,12.86,69.67,4,4,2.40,1.37,0,1.53,1.27,0.23,0.63,0.16,0.93,290
P1_zayif_hic_noev,5,1.00,414.50,293.30,528.50,13.83,13.05,55,4,4,2.27,1.53,0,1.30,1,0.40,0.67,0.18,1,0
P1_zayif_hic_noev,6,1.00,454.83,332.70,599.00,14.15,12.92,53.17,4,4,2.40,1.50,0,1.67,0.97,0.27,0.70,0.19,1,0
P1_zayif_hic_noev,7,1.00,505.17,343.50,658.50,14.37,13.20,64.17,4,4,2.23,1.57,0,1.47,1.17,0.33,0.40,0.19,1,0
P1_zayif_hic_noev,8,1.00,223.30,68.90,348.80,14.77,13.38,63.33,5,4.87,2.87,1.67,0.13,1.93,1.13,0.13,0.63,0.23,0.87,336.67
P1_zayif_hic_noev,9,1.00,268.87,133.90,407.00,14.72,13.21,64,5,5,2.40,2.43,0,2.07,1.13,0.23,0.63,0.17,1,0
P1_zayif_hic_noev,10,1.00,338.03,126.20,497.80,14.60,12.44,88.50,5,5,2.47,2.43,0,2.63,1.57,0.13,0.80,0.05,1,0
P1_zayif_hic_noev,11,1.00,427.83,165.00,586.70,14.57,12.72,100.67,5,5,2.47,2.43,0,2.90,1.80,0.13,1.13,0.04,1,0
P1_zayif_hic_noev,12,1.00,160.60,60.70,307.40,14.50,12.52,91.50,5,5,2.47,2.30,0,3,1.63,0.03,1.13,0.05,1,340.53
P1_zayif_hic_noev,13,0.90,260.67,123.20,393.40,14.52,12.54,134.63,6,5.59,2.96,2.37,0.41,3.41,2.37,0.04,1.11,0.02,0.52,0
P1_zayif_hic_noev,14,0.90,350.41,145.80,598.80,14.45,12.10,110.19,6,5.78,2.81,2.78,0.22,3.67,1.93,0,1.04,0.02,0.74,0
P1_zayif_hic_noev,15,0.90,487.41,297.40,772.20,14.25,11.82,156.48,6,5.85,2.70,2.81,0.15,3.67,2.78,0.04,1.56,0.01,0.78,0
P1_zayif_hic_noev,16,0.90,215.89,22.40,453.20,14.08,11.04,131.30,6,6,2.70,3.15,0,3.59,2.33,0.11,1.11,0.01,1,385.26
P1_zayif_acgozlu_ev,1,1.00,367.50,341.50,405.00,12.29,11.95,22,4,4,2.23,1.57,0,1.73,0.40,0.20,0.20,0.21,0.90,0
P1_zayif_acgozlu_ev,2,1.00,344.87,294.50,405.00,12.45,11.84,47.67,4,4,2.17,1.57,0,1.57,0.87,0.13,0.50,0.18,1,0
P1_zayif_acgozlu_ev,3,1.00,351.03,290.00,417.00,12.86,12.04,51.33,4,4,2.60,1.17,0,1.80,0.93,0.13,0.50,0.16,0.97,0
P1_zayif_acgozlu_ev,4,1.00,79.37,27.90,141.00,13.16,12.24,67.83,4,4,2.40,1.43,0,1.87,1.23,0.17,0.60,0.15,0.97,281.13
P1_zayif_acgozlu_ev,5,1.00,137.77,34.50,251.20,13.59,12.59,70.93,4.07,4,2.53,1.27,0.07,1.43,1.23,0.27,0.73,0.20,0.93,0
P1_zayif_acgozlu_ev,6,1.00,188.80,76.80,331.50,14.07,12.45,58.80,4.23,4.20,2.67,1.20,0.03,2.03,1,0.23,0.57,0.15,0.93,0
P1_zayif_acgozlu_ev,7,1.00,247.83,97.70,403.20,14.48,12.48,74.30,4.17,4.10,2.57,1.40,0.07,1.50,1.30,0.23,0.67,0.25,0.93,0
P1_zayif_acgozlu_ev,8,1.00,74.90,14.60,167.20,14.86,13.12,68.83,5,4.93,3.17,1.63,0.07,1.93,1.23,0.27,0.80,0.21,0.93,227.27
P1_zayif_acgozlu_ev,9,1.00,143.37,65.30,261.40,14.61,12.48,85.73,5.30,4.97,2.37,2.40,0.33,2.27,1.57,0.23,0.77,0.15,0.73,0
P1_zayif_acgozlu_ev,10,1.00,201.27,81.70,342.50,14.49,12.07,70,5.17,4.87,2.20,2.47,0.30,2.83,1.27,0.30,0.80,0.10,0.77,0
P1_zayif_acgozlu_ev,11,1.00,276.63,104.10,431.80,14.49,12.00,94.17,5.10,4.97,2.63,2.17,0.13,2.87,1.77,0.07,1.17,0.07,0.83,0
P1_zayif_acgozlu_ev,12,1.00,140.83,43.70,278.60,13.72,10.04,91.17,5,5,2.47,2.20,0,3.20,1.63,0.07,0.80,0.06,1,203.27
P1_zayif_acgozlu_ev,13,1.00,278.33,123.50,500.30,13.50,10.24,150.73,6.17,5.50,2.63,2.70,0.67,3.83,2.70,0.07,1.23,0.05,0.43,0
P1_zayif_acgozlu_ev,14,1.00,380.60,147.30,563.20,13.26,10.07,124.10,6.07,5.80,2.77,2.87,0.27,3.57,2.17,0.13,1.27,0.07,0.80,0
P1_zayif_acgozlu_ev,15,1.00,493.40,282.70,668.20,12.79,9.15,152.07,6.37,5.63,2.53,2.90,0.73,3.80,2.67,0.10,1.40,0.07,0.43,0
P1_zayif_acgozlu_ev,16,1.00,221.13,64.50,419.50,12.18,8.34,154,6,6,2.83,2.93,0,3.43,2.77,0.10,1.57,0.06,1,366.17
P1_zayif_acgozlu_noev,1,1.00,362.50,310.00,405.00,12.36,11.96,20.17,4,4,2.33,1.43,0,1.67,0.37,0.20,0.13,0.19,0.87,0
P1_zayif_acgozlu_noev,2,1.00,340.60,290.00,400.50,12.50,11.88,44,4,4,2.20,1.60,0,1.50,0.80,0.17,0.53,0.20,1,0
P1_zayif_acgozlu_noev,3,1.00,344.27,290.00,399.80,12.88,11.83,47.67,4,4,2.57,1.20,0,1.83,0.87,0.10,0.50,0.18,0.93,0
P1_zayif_acgozlu_noev,4,1.00,70.97,26.80,130.50,13.11,11.83,64.17,4,4,2.37,1.40,0,1.83,1.17,0.10,0.57,0.18,0.97,283.20
P1_zayif_acgozlu_noev,5,1.00,125.33,39.50,191.50,13.61,12.04,66.17,4,4,2.53,1.20,0,1.47,1.20,0.33,0.70,0.18,1,0
P1_zayif_acgozlu_noev,6,1.00,185.33,76.20,291.00,14.07,12.40,70.33,4,4,2.57,1.27,0,1.70,1.27,0.23,0.80,0.16,1,0
P1_zayif_acgozlu_noev,7,1.00,249.70,149.50,375.50,14.70,13.46,74,4,4,2.73,1.13,0,1.63,1.33,0.17,0.70,0.22,1,0
P1_zayif_acgozlu_noev,8,1.00,60.30,29.90,97.70,15.15,13.45,56.17,5,4.93,3.17,1.60,0.07,2.20,1,0.20,0.57,0.17,0.93,220.33
P1_zayif_acgozlu_noev,9,1.00,147.97,25.00,243.60,14.97,12.79,106.83,5,4.93,2.27,2.27,0.07,2.67,1.90,0.13,1.13,0.13,0.93,0
P1_zayif_acgozlu_noev,10,1.00,220.60,95.60,357.40,15.14,13.30,86.83,5,4.97,2.67,2.13,0.03,2.73,1.53,0.20,0.83,0.08,0.97,0
P1_zayif_acgozlu_noev,11,1.00,286.57,117.70,440.70,15.15,13.24,97.33,5,5,2.70,2.23,0,2.97,1.70,0.03,1.13,0.06,1,0
P1_zayif_acgozlu_noev,12,1.00,156.63,10.30,314.00,14.29,10.84,95.87,5,5,2.50,2.33,0,3.10,1.70,0.07,0.97,0.05,1,201.87
P1_zayif_acgozlu_noev,13,1.00,283.43,106.50,494.00,14.20,10.84,149.73,6,5.47,2.80,2.57,0.53,3.80,2.67,0.10,1.27,0.03,0.47,0
P1_zayif_acgozlu_noev,14,1.00,388.60,194.00,560.70,14.17,11.18,127.53,6,5.90,2.97,2.73,0.10,3.40,2.27,0.03,1.37,0.03,0.87,0
P1_zayif_acgozlu_noev,15,1.00,495.13,320.80,634.30,14.06,11.16,143.63,6,5.93,2.80,2.80,0.07,3.70,2.53,0.07,1.27,0.02,0.87,0
P1_zayif_acgozlu_noev,16,1.00,228.17,50.30,459.40,13.53,9.73,117.70,6,5.93,3,2.80,0.07,3.97,2.10,0,0.90,0.02,0.93,330.17
P1_zayif_mantikli_ev,1,1.00,367.50,341.50,405.00,12.29,11.95,22,4,4,2.23,1.57,0,1.73,0.40,0.20,0.20,0.21,0.90,0
P1_zayif_mantikli_ev,2,1.00,324.53,285.00,367.50,12.45,11.84,47.67,4,4,2.17,1.57,0,1.57,0.87,0.13,0.50,0.18,1,0
P1_zayif_mantikli_ev,3,1.00,338.87,289.50,415.50,12.87,12.04,51.33,4,4,2.63,1.13,0,1.87,0.93,0.10,0.50,0.17,0.93,0
P1_zayif_mantikli_ev,4,1.00,71.80,23.50,125.50,13.11,11.99,69.67,4,4,2.40,1.40,0,1.80,1.27,0.03,0.67,0.16,1,273.13
P1_zayif_mantikli_ev,5,1.00,128.93,40.00,228.70,13.45,12.38,62.93,4.07,4,2.37,1.43,0.07,1.60,1.10,0.30,0.60,0.22,0.93,0
P1_zayif_mantikli_ev,6,1.00,190.20,53.50,301.10,14.08,12.74,64.40,4.23,4.23,2.83,1.27,0,1.93,1.10,0.30,0.57,0.18,0.93,0
P1_zayif_mantikli_ev,7,1.00,243.73,94.70,405.30,14.57,13.32,70.23,4.17,4.13,2.67,1.37,0.03,1.80,1.23,0.27,0.67,0.19,0.97,0
P1_zayif_mantikli_ev,8,1.00,88.87,22.20,188.40,14.85,13.23,74.50,5,4.97,3.07,1.73,0.03,1.97,1.33,0.37,0.87,0.21,0.93,216.73
P1_zayif_mantikli_ev,9,1.00,151.17,57.20,267.40,14.85,13.09,83.07,5.30,4.93,2.73,2,0.37,2.57,1.53,0.17,0.87,0.14,0.67,0
P1_zayif_mantikli_ev,10,1.00,212.53,95.70,311.20,14.64,12.99,72.90,5.17,4.90,2.20,2.53,0.27,2.80,1.37,0.20,0.87,0.10,0.77,0
P1_zayif_mantikli_ev,11,1.00,300.40,173.30,467.00,14.39,12.20,112.17,5.10,5.03,2.37,2.53,0.07,2.77,2.10,0.10,1.37,0.09,0.90,0
P1_zayif_mantikli_ev,12,1.00,129.33,20.40,295.40,13.79,10.08,104.50,5,5,2.57,2.10,0,3.13,1.87,0.03,1,0.06,1,250
P1_zayif_mantikli_ev,13,1.00,267.77,101.90,477.80,13.68,10.60,147.23,6.17,5.60,2.77,2.63,0.57,3.57,2.63,0.10,1.23,0.05,0.53,0
P1_zayif_mantikli_ev,14,1.00,363.50,161.40,545.40,13.55,10.05,126.30,6.07,5.83,2.93,2.67,0.23,3.43,2.20,0.13,1.23,0.05,0.87,0
P1_zayif_mantikli_ev,15,1.00,475.67,332.00,623.30,13.16,9.04,136.57,6.37,5.87,2.67,3.03,0.50,3.70,2.37,0.10,1.37,0.07,0.60,0
P1_zayif_mantikli_ev,16,1.00,232.60,55.80,482.00,12.53,8.45,133.83,6,6,2.77,3.03,0,3.73,2.40,0.03,1.23,0.06,1,325.73
P1_zayif_mantikli_noev,1,1.00,362.50,310.00,405.00,12.36,11.96,20.17,4,4,2.33,1.43,0,1.67,0.37,0.20,0.13,0.19,0.87,0
P1_zayif_mantikli_noev,2,1.00,324.27,285.00,390.00,12.50,11.88,44,4,4,2.20,1.60,0,1.50,0.80,0.17,0.53,0.20,1,0
P1_zayif_mantikli_noev,3,1.00,325.43,282.00,370.00,12.91,11.97,45.83,4,4,2.63,1.20,0,1.90,0.83,0.10,0.47,0.17,0.90,0
P1_zayif_mantikli_noev,4,1.00,64.93,14.50,130.30,13.10,11.86,60.50,4,4,2.30,1.33,0,1.80,1.10,0.10,0.50,0.19,1,275.80
P1_zayif_mantikli_noev,5,1.00,138.60,34.20,236.50,13.53,12.20,80.83,4,4,2.53,1.23,0,1.50,1.47,0.20,0.77,0.21,1,0
P1_zayif_mantikli_noev,6,1.00,185.10,58.00,301.50,14.03,12.76,59.17,4,4,2.67,1.20,0,1.87,1.07,0.17,0.70,0.19,1,0
P1_zayif_mantikli_noev,7,1.00,238.20,82.00,410.20,14.49,12.42,70.50,4,4,2.53,1.27,0,1.63,1.27,0.27,0.63,0.20,1,0
P1_zayif_mantikli_noev,8,1.00,69.80,22.60,141.60,14.73,12.77,70.83,5,4.93,3.03,1.70,0.07,2.37,1.27,0.23,0.63,0.19,0.93,215.67
P1_zayif_mantikli_noev,9,1.00,141.53,52.50,251.70,14.61,12.43,94.17,5,4.97,2.43,2.30,0.03,2.67,1.67,0.13,1.03,0.12,0.93,0
P1_zayif_mantikli_noev,10,1.00,231.07,97.00,412.10,14.45,12.38,105.33,5,5,2.27,2.57,0,2.83,1.87,0.20,1.17,0.10,1,0
P1_zayif_mantikli_noev,11,1.00,290.50,96.20,507.30,14.46,12.05,90.83,5,5,2.67,2.20,0,2.90,1.60,0.10,1.07,0.09,1,0
P1_zayif_mantikli_noev,12,1.00,132,20.90,311.90,13.77,10.72,114,5,5,2.40,2.30,0,3.10,2.03,0.07,1.17,0.05,1,238.53
P1_zayif_mantikli_noev,13,1.00,274.20,123.50,485.50,13.65,10.46,162.07,6,5.70,2.70,2.73,0.30,3.57,2.90,0.13,1.37,0.04,0.63,0
P1_zayif_mantikli_noev,14,1.00,371.43,216.10,521.30,13.49,9.55,122.93,6,5.93,2.77,3,0.07,3.57,2.20,0.10,1.17,0.04,0.90,0
P1_zayif_mantikli_noev,15,1.00,465.63,304.80,636.10,13.43,8.58,129.53,6,5.93,2.80,2.87,0.07,3.60,2.30,0.20,1.30,0.03,0.90,0
P1_zayif_mantikli_noev,16,1.00,199.10,43.80,423.00,12.80,7.95,128.40,6,5.93,2.67,3.10,0.07,3.90,2.30,0,1.13,0.03,0.90,334
P1_orta_hic_ev,1,1.00,512.83,487.00,555.00,13.08,12.40,22,4,4,3.03,0.93,0,2.73,0.40,0.70,0.20,0.18,0.97,0
P1_orta_hic_ev,2,1.00,591.40,513.50,660.00,14.08,13.26,97.17,4,4,3.20,0.73,0,2.70,1.77,0.43,1.03,0.16,0.97,0
P1_orta_hic_ev,3,1.00,688.97,584.50,772.90,15.14,13.79,107.83,4,4,3.33,0.63,0,3,1.93,0.33,1.07,0.15,0.97,0
P1_orta_hic_ev,4,1.00,510.93,398.50,672.00,16.21,14.64,124.33,4,4,3.07,0.77,0,2.50,2.17,0.57,1.27,0.14,1,290
P1_orta_hic_ev,5,1.00,642.57,487.40,797.80,17.28,15.77,137.13,4.07,4.07,2.97,1.03,0,2.13,2.27,0.87,1.37,0.14,1,0
P1_orta_hic_ev,6,1.00,726.80,566.40,884.40,18.31,16.80,86.07,4.23,4.23,2.93,1.20,0,2.27,1.40,1.07,0.93,0.16,0.97,0
P1_orta_hic_ev,7,1.00,807.37,617.60,987.40,19.30,17.54,81.37,4.17,4.17,2.87,1.27,0,2.17,1.33,0.93,0.73,0.18,1,0
P1_orta_hic_ev,8,1.00,562.53,328.10,744.60,20.16,18.02,110,5,5,3.07,1.90,0,2.30,1.83,1.20,1.17,0.19,1,348
P1_orta_hic_ev,9,1.00,689.93,422.60,932.30,20.57,18.42,132.50,5.30,4.97,2.73,2.13,0.33,3.53,2.27,0.73,1.33,0.14,0.73,0
P1_orta_hic_ev,10,1.00,823,501.10,1140.30,21.32,19.58,133.77,5.17,5,2.93,1.93,0.17,3.93,2.30,0.67,1.30,0.11,0.83,0
P1_orta_hic_ev,11,1.00,999.97,596.50,1367.80,22.00,19.74,180.43,5.10,5.07,2.97,2.07,0.03,3.70,3.13,0.70,1.93,0.08,0.97,0
P1_orta_hic_ev,12,1.00,743.70,327.20,1049.80,22.73,20.43,163.33,5,5,2.97,1.97,0,4.33,2.67,0.57,1.67,0.06,1,418
P1_orta_hic_ev,13,1.00,944.03,504.80,1245.00,23.08,19.97,207.37,6.17,5.67,2.90,2.63,0.50,5.07,3.40,0.67,2.17,0.06,0.63,0
P1_orta_hic_ev,14,1.00,1165.63,779.10,1657.80,23.71,20.36,230.67,6.07,5.87,3.37,2.40,0.20,4.73,3.60,0.67,2.13,0.07,0.83,0
P1_orta_hic_ev,15,1.00,1394.80,942.40,1837.10,24.41,21.12,230.10,6.37,6.07,3.37,2.60,0.30,4.87,3.60,0.70,2.23,0.07,0.73,0
P1_orta_hic_ev,16,1.00,1145.70,623.80,1622.30,25.26,21.58,247.17,6,6,3.47,2.47,0,4.93,3.90,0.43,2.20,0.07,0.97,501
P1_orta_hic_noev,1,1.00,515.33,494.50,555.00,12.97,12.40,20.17,4,4,2.80,1.13,0,2.57,0.37,0.83,0.23,0.20,0.93,0
P1_orta_hic_noev,2,1.00,591,484.50,688.00,14.01,13.23,89.83,4,4,3.23,0.63,0,2.77,1.63,0.37,0.97,0.17,0.93,0
P1_orta_hic_noev,3,1.00,690,553.00,791.30,15.18,13.91,109.67,4,4,3.40,0.57,0,2.93,1.97,0.40,1.07,0.14,0.90,0
P1_orta_hic_noev,4,1.00,522.03,412.20,682.80,16.22,14.85,136.50,4,4,3.10,0.77,0,2.47,2.40,0.53,1.50,0.14,1,290
P1_orta_hic_noev,5,1.00,636.67,488.60,808.50,17.25,15.75,118,4,4,2.80,1.17,0,2.03,2,0.93,1.30,0.15,1,0
P1_orta_hic_noev,6,1.00,713.37,540.80,890.70,18.28,16.48,83.50,4,4,2.90,1,0,2.27,1.40,0.93,0.97,0.17,1,0
P1_orta_hic_noev,7,1.00,818.43,579.80,977.50,19.31,17.76,105.67,4,4,2.77,1.20,0,2.03,1.77,0.97,1.07,0.18,1,0
P1_orta_hic_noev,8,1.00,539.23,260.70,743.90,20.31,18.48,76,5,5,3.07,1.83,0,2.10,1.27,1.37,0.73,0.18,1,348
P1_orta_hic_noev,9,1.00,659.20,397.70,870.60,20.97,18.60,124.67,5,4.97,2.93,1.97,0.03,3.23,2.07,0.83,1.53,0.13,0.97,0
P1_orta_hic_noev,10,1.00,812.40,548.60,1005.40,21.75,19.24,147.17,5,5,2.80,2.13,0,3.73,2.43,0.73,1.40,0.09,1,0
P1_orta_hic_noev,11,1.00,973.63,666.10,1231.00,22.38,20.22,164.83,5,5,2.70,2.20,0,4.17,2.70,0.77,1.87,0.05,1,0
P1_orta_hic_noev,12,1.00,730.67,374.70,965.50,23.02,20.42,178,5,5,2.93,2,0,4.43,2.90,0.47,1.83,0.06,1,418
P1_orta_hic_noev,13,1.00,946.57,581.50,1158.80,23.69,21.03,222,6,5.70,3.23,2.30,0.30,5.07,3.60,0.57,2,0.07,0.67,0
P1_orta_hic_noev,14,1.00,1131.63,721.00,1395.10,24.31,21.62,188.33,6,5.93,3.07,2.83,0.07,4.37,3,0.77,1.57,0.10,0.90,0
P1_orta_hic_noev,15,1.00,1358.57,954.00,1698.40,25.10,21.72,226.50,6,6,3.40,2.57,0,4.67,3.60,0.70,2.33,0.06,1,0
P1_orta_hic_noev,16,1.00,1070.07,576.60,1475.40,26.18,22.36,210.33,6,6,3.67,2.23,0,4.97,3.30,0.60,2,0.06,0.97,501
P1_orta_acgozlu_ev,1,1.00,372.83,349.50,410.50,13.25,12.60,25.67,4,4,3.30,0.47,0,3.23,0.47,0.43,0.30,0.16,0.87,0
P1_orta_acgozlu_ev,2,1.00,383,295.00,461.50,14.37,13.64,82.50,4,4,3.10,0.73,0,2.73,1.50,0.40,0.70,0.16,0.87,0
P1_orta_acgozlu_ev,3,1.00,417.70,339.30,495.20,15.36,14.48,114.50,4,4,3.27,0.63,0,2.70,2.07,0.40,1.33,0.14,1,0
P1_orta_acgozlu_ev,4,1.00,148.43,41.00,259.20,16.28,15.14,134.50,4,4,2.90,0.90,0,2.53,2.33,0.67,1.53,0.14,0.97,290
P1_orta_acgozlu_ev,5,1.00,265.73,154.50,402.00,17.35,16.09,121.67,4.07,4.03,2.87,1.10,0.03,2.20,2,1.10,1.27,0.20,0.97,0
P1_orta_acgozlu_ev,6,1.00,390.87,224.70,522.90,18.28,16.97,137.80,4.23,4.23,2.77,1.37,0,2.40,2.23,0.97,1.47,0.20,1,0
P1_orta_acgozlu_ev,7,1.00,450.57,303.30,577.50,19.32,17.73,116.37,4.17,4.17,2.90,1.17,0,2.33,1.90,0.93,1.03,0.22,1,0
P1_orta_acgozlu_ev,8,1.00,163.03,66.90,243.30,20.48,18.84,134,5,5,3.47,1.43,0,2.70,2.23,1.20,1.30,0.21,1,345.20
P1_orta_acgozlu_ev,9,1.00,275.03,114.60,401.70,21.03,19.17,121.13,5.30,5.07,2.83,2.10,0.23,3.77,2.10,0.93,1.33,0.17,0.83,0
P1_orta_acgozlu_ev,10,1.00,432.27,259.70,615.10,21.86,20.11,171.57,5.17,4.90,3.03,1.70,0.27,4.40,2.90,0.60,1.80,0.10,0.83,0
P1_orta_acgozlu_ev,11,1.00,530.40,397.00,649.80,22.50,20.03,179.17,5.10,5,2.90,1.97,0.10,4.27,3.07,0.63,1.80,0.08,0.87,0
P1_orta_acgozlu_ev,12,1.00,197.17,78.50,325.50,23.55,21.32,187.77,5,5,3.03,1.87,0,4.13,3.03,0.80,2,0.09,1,401.53
P1_orta_acgozlu_ev,13,1.00,440.50,223.90,658.40,24.84,22.19,254.50,6.17,5.87,3.53,2.17,0.30,4.90,4.03,0.77,2.47,0.11,0.73,0
P1_orta_acgozlu_ev,14,1.00,626.83,423.10,869.90,26.09,22.92,242.30,6.07,5.90,3.37,2.43,0.17,5.37,3.73,0.77,2.17,0.09,0.80,0
P1_orta_acgozlu_ev,15,1.00,763.57,569.90,996.80,27.54,23.35,263.20,6.37,6.17,3.47,2.50,0.20,5.23,3.93,0.97,2.13,0.08,0.77,0
P1_orta_acgozlu_ev,16,1.00,283.77,104.20,454.90,29.09,24.33,282,6,6,3.67,2.27,0,5.43,4.23,0.53,2.57,0.08,1,476.73
P1_orta_acgozlu_noev,1,1.00,368,345.00,405.00,13.25,12.60,20.17,4,4,3.27,0.47,0,3.07,0.37,0.50,0.20,0.16,0.90,0
P1_orta_acgozlu_noev,2,1.00,398.20,334.50,483.50,14.34,13.64,95.33,4,4,3.27,0.63,0,2.77,1.73,0.30,0.97,0.15,0.87,0
P1_orta_acgozlu_noev,3,1.00,437.77,373.50,500.30,15.40,14.63,131,4,4,3.37,0.57,0,2.67,2.37,0.30,1.57,0.13,0.97,0
P1_orta_acgozlu_noev,4,1.00,152.37,33.80,270.10,16.48,15.68,124.17,4,4,2.97,0.77,0,2.63,2.13,0.67,1.33,0.15,0.90,290
P1_orta_acgozlu_noev,5,1.00,254.30,121.70,400.10,17.34,16.26,115.33,4,4,2.77,1.13,0,2.17,1.93,1.03,1.27,0.21,1,0
P1_orta_acgozlu_noev,6,1.00,348.67,165.00,554.50,18.34,17.02,107.83,4,4,2.67,1.23,0,2.17,1.80,1,1.13,0.20,1,0
P1_orta_acgozlu_noev,7,1.00,418.53,290.80,531.10,19.42,17.95,110,4,4,2.90,1.03,0,2.43,1.83,0.83,1.17,0.20,1,0
P1_orta_acgozlu_noev,8,1.00,135.73,40.60,240.80,20.53,18.88,132,5,5,3.10,1.67,0,2.50,2.20,1.27,1.33,0.21,0.97,339.40
P1_orta_acgozlu_noev,9,1.00,261.27,138.00,380.50,21.21,19.44,132.17,5,5,3,1.87,0,3.83,2.20,0.80,1.33,0.15,1,0
P1_orta_acgozlu_noev,10,1.00,445.03,254.40,614.70,21.92,19.67,191.17,5,4.97,2.87,1.80,0.03,4.27,3.17,0.67,1.90,0.11,0.97,0
P1_orta_acgozlu_noev,11,1.00,557.23,355.70,705.20,22.92,21.03,179.03,5,5,3.10,1.73,0,4.43,2.93,0.63,1.80,0.09,1,0
P1_orta_acgozlu_noev,12,1.00,196.83,96.90,300.80,23.96,21.64,187.53,5,5,3.07,1.87,0,4.20,3,0.63,1.70,0.08,1,409.33
P1_orta_acgozlu_noev,13,1.00,466.73,234.00,709.80,25.71,21.82,277.17,6,5.80,3.93,1.73,0.20,5.73,4.33,0.60,2.80,0.06,0.70,0
P1_orta_acgozlu_noev,14,1.00,661.67,325.00,931.80,27.57,23.00,261.20,6,5.90,4.10,1.73,0.10,5.80,4.03,0.60,2.27,0.04,0.87,0
P1_orta_acgozlu_noev,15,1.00,761.60,566.60,933.10,29.47,23.79,268.20,6,5.97,3.90,1.83,0.03,5.73,4.03,0.50,2.33,0.05,0.97,0
P1_orta_acgozlu_noev,16,1.00,357.63,198.80,552.70,31.50,25.95,299,6,6,4.27,1.67,0,5.90,4.33,0.47,2.50,0.06,1,473.73
P1_orta_mantikli_ev,1,1.00,372.83,349.50,410.50,13.25,12.60,25.67,4,4,3.30,0.47,0,3.23,0.47,0.43,0.30,0.16,0.87,0
P1_orta_mantikli_ev,2,1.00,357,295.00,445.50,14.37,13.64,82.50,4,4,3.10,0.73,0,2.73,1.50,0.40,0.70,0.16,0.87,0
P1_orta_mantikli_ev,3,1.00,402.37,333.00,488.00,15.36,14.48,109.50,4,4,3.23,0.70,0,2.50,1.97,0.50,1.20,0.14,1,0
P1_orta_mantikli_ev,4,1.00,137.67,37.20,203.20,16.21,15.27,149.50,4,4,2.93,0.97,0,2.70,2.60,0.53,1.67,0.15,0.97,290
P1_orta_mantikli_ev,5,1.00,253.30,151.70,381.20,17.11,16.07,124.03,4.07,4.03,2.73,1.20,0.03,2.17,2.03,0.87,1.43,0.24,0.97,0
P1_orta_mantikli_ev,6,1.00,361.20,250.00,510.10,17.94,16.72,122.37,4.23,4.23,2.73,1.30,0,2.10,2,1.03,1.43,0.22,1,0
P1_orta_mantikli_ev,7,1.00,402.53,259.70,530.80,18.69,16.98,86.40,4.17,4.17,2.70,1.37,0,2.20,1.40,1.13,0.77,0.23,1,0
P1_orta_mantikli_ev,8,1.00,99.70,15.90,196.90,19.92,18.45,105.83,5,5,3.33,1.63,0,2.63,1.77,1.13,1.07,0.22,1,335.87
P1_orta_mantikli_ev,9,1.00,268.17,107.80,431.90,20.71,18.30,167.60,5.30,5.13,3,1.90,0.17,3.70,2.80,0.87,1.73,0.15,0.87,0
P1_orta_mantikli_ev,10,1.00,426.53,214.20,652.40,21.43,19.42,168.13,5.17,4.97,2.83,2,0.20,4.30,2.80,0.77,1.77,0.10,0.83,0
P1_orta_mantikli_ev,11,1.00,530.93,324.80,681.30,22.39,20.97,195.97,5.10,5.07,3.23,1.73,0.03,4.53,3.30,0.60,2.03,0.08,0.97,0
P1_orta_mantikli_ev,12,1.00,188.73,107.30,340.30,22.84,19.48,214.90,5,5,2.43,2.40,0,4.43,3.50,0.63,2.07,0.09,1,396.40
P1_orta_mantikli_ev,13,1.00,438.63,328.60,587.70,23.93,21.06,246.57,6.17,6.13,3.17,2.77,0.03,4.47,3.90,0.97,2.17,0.12,0.80,0
P1_orta_mantikli_ev,14,1.00,668.03,422.70,885.40,25.10,21.25,265.67,6.07,5.93,3.40,2.37,0.13,5.33,4.03,0.77,2.40,0.07,0.87,0
P1_orta_mantikli_ev,15,1.00,736.63,509.00,876.00,26.33,21.07,273.67,6.37,6.17,3.50,2.50,0.20,5.43,4,0.80,2.07,0.08,0.80,0
P1_orta_mantikli_ev,16,1.00,330.87,138.80,602.60,27.60,21.94,298.07,6,6,3.53,2.37,0,4.97,4.23,0.67,2.57,0.09,1,461.50
P1_orta_mantikli_noev,1,1.00,368,345.00,405.00,13.25,12.60,20.17,4,4,3.27,0.47,0,3.07,0.37,0.50,0.20,0.16,0.90,0
P1_orta_mantikli_noev,2,1.00,375.03,295.00,451.00,14.34,13.64,95.33,4,4,3.27,0.63,0,2.77,1.73,0.30,0.97,0.15,0.87,0
P1_orta_mantikli_noev,3,1.00,421.77,358.30,500.00,15.36,14.67,129.67,4,4,3.30,0.63,0,2.57,2.33,0.37,1.53,0.14,1,0
P1_orta_mantikli_noev,4,1.00,134.60,37.20,210.20,16.47,15.67,133,4,4,3.20,0.70,0,2.73,2.30,0.47,1.43,0.15,0.93,290
P1_orta_mantikli_noev,5,1.00,242.03,131.30,386.30,17.11,15.96,123.17,4,4,2.53,1.40,0,1.97,2.07,0.93,1.33,0.25,1,0
P1_orta_mantikli_noev,6,1.00,333.43,204.20,535.10,17.78,16.36,115.17,4,4,2.47,1.40,0,2.13,1.93,1,1.37,0.22,1,0
P1_orta_mantikli_noev,7,1.00,402.40,297.40,493.20,18.54,16.58,111.67,4,4,2.63,1.27,0,2.33,1.87,0.90,1.17,0.22,1,0
P1_orta_mantikli_noev,8,1.00,115.73,31.80,236.30,19.51,17.22,98,5,5,2.93,1.80,0,2.67,1.63,1.23,0.97,0.24,0.97,332.23
P1_orta_mantikli_noev,9,1.00,284.73,107.10,492.00,20.14,18.04,178,5,5,3,1.93,0,3.83,2.97,0.77,1.80,0.13,0.97,0
P1_orta_mantikli_noev,10,1.00,442.37,307.90,596.70,20.88,18.76,178.83,5,5,2.80,2.03,0,4.23,2.97,0.77,1.77,0.10,1,0
P1_orta_mantikli_noev,11,1.00,539.53,436.90,663.00,21.60,19.04,182.87,5,5,2.73,2.10,0,3.97,3.03,0.70,1.90,0.10,1,0
P1_orta_mantikli_noev,12,1.00,193.90,68.90,341.50,22.42,19.51,169.90,5,5,2.87,2.10,0,4.20,2.77,0.83,1.37,0.09,1,399.17
P1_orta_mantikli_noev,13,1.00,479.70,289.20,672.40,23.24,19.61,292.73,6,5.93,3.20,2.57,0.07,5,4.70,0.73,2.83,0.08,0.87,0
P1_orta_mantikli_noev,14,1.00,641.03,493.70,794.30,24.52,20.61,259.23,6,5.97,3.57,2.23,0.03,4.93,4.10,0.67,2.17,0.08,0.97,0
P1_orta_mantikli_noev,15,1.00,731.13,552.30,919.40,25.99,22.67,255.10,6,5.97,3.67,2.07,0.03,5.43,3.93,0.57,2.13,0.07,0.97,0
P1_orta_mantikli_noev,16,1.00,322.97,149.70,591.50,27.02,21.84,302.37,6,6,3.33,2.53,0,5.73,4.43,0.50,2.23,0.06,1,462.50
P1_iyi_hic_ev,1,1.00,558.67,500.00,610.00,13.65,13.20,58.67,4,4,3.47,0.53,0,3.43,1.07,1.20,0.60,0.17,1,0
P1_iyi_hic_ev,2,1.00,690.90,595.00,803.50,15.38,14.70,121.67,4,4,3.27,0.70,0,3.17,2.20,1.13,1.43,0.18,0.87,0
P1_iyi_hic_ev,3,1.00,845.17,725.20,966.70,16.97,15.72,149.33,4,4,3.27,0.73,0,3.17,2.57,1.03,1.57,0.18,0.97,0
P1_iyi_hic_ev,4,1.00,713.37,591.00,884.20,18.61,17.00,149.50,4,4,3.30,0.70,0,3.03,2.50,1.03,1.60,0.15,1,290
P1_iyi_hic_ev,5,1.00,861.60,680.60,1002.20,20.07,18.27,142.93,4.07,4.07,3,1.03,0,2.33,2.33,1.43,1.50,0.19,1,0
P1_iyi_hic_ev,6,1.00,1017.53,864.80,1172.50,21.69,19.94,145.17,4.23,4.23,3.27,0.93,0,2.50,2.33,1.33,1.60,0.17,1,0
P1_iyi_hic_ev,7,1.00,1169.80,1027.80,1303.10,23.01,21.45,148.50,4.17,4.17,2.97,1.17,0,2.63,2.43,1.43,1.50,0.19,0.97,0
P1_iyi_hic_ev,8,1.00,955.73,783.10,1122.40,24.50,22.66,139,5,5,3.50,1.50,0,2.87,2.23,1.43,1.27,0.18,1,348
P1_iyi_hic_ev,9,1.00,1130.77,922.50,1371.10,25.67,23.36,176.20,5.30,5.17,3.47,1.67,0.13,4.47,2.80,1,1.57,0.13,0.87,0
P1_iyi_hic_ev,10,1.00,1375.63,1180.90,1565.10,27.00,24.51,233.33,5.17,4.87,3.37,1.43,0.30,6.13,3.67,0.77,2.27,0.09,0.73,0
P1_iyi_hic_ev,11,1.00,1625.23,1314.30,2004.40,28.69,26.24,227.67,5.10,5.10,3.53,1.57,0,4.60,3.53,1.07,2.40,0.12,1,0
P1_iyi_hic_ev,12,1.00,1497.77,1142.80,1804.60,30.46,28.68,281.17,5,5,3.97,1,0,5.90,4.27,0.67,2.87,0.06,1,418
P1_iyi_hic_ev,13,1.00,1834.97,1458.10,2337.40,32.26,30.46,329.50,6.17,5.83,4.37,1.40,0.33,6.63,4.93,0.80,3.30,0.08,0.57,0
P1_iyi_hic_ev,14,1.00,2202.60,1723.60,2819.30,34.01,30.76,357.97,6.07,5.77,4.40,1.27,0.30,7.60,5.07,0.63,3.17,0.07,0.67,0
P1_iyi_hic_ev,15,1.00,2621,1992.70,3227.60,36.05,32.94,394.60,6.37,5.93,4.60,1.33,0.43,7.17,5.50,0.77,3.37,0.08,0.70,0
P1_iyi_hic_ev,16,1.00,2491.53,1816.30,3120.60,38.19,34.48,360.67,6,6,4.63,1.33,0,6.23,5.07,0.93,2.97,0.07,1,501
P1_iyi_hic_noev,1,1.00,555,500.00,610.00,13.64,13.20,55,4,4,3.47,0.53,0,3.43,1,1.17,0.50,0.16,1,0
P1_iyi_hic_noev,2,1.00,703.63,638.00,803.00,15.26,14.08,138,4,4,3.20,0.80,0,3.13,2.50,1.07,1.73,0.18,0.97,0
P1_iyi_hic_noev,3,1.00,851.67,757.30,956.50,16.71,15.54,150.33,4,4,3.27,0.73,0,3.07,2.63,1.03,1.67,0.18,0.97,0
P1_iyi_hic_noev,4,1.00,705.77,592.80,836.50,18.39,17.06,136.83,4,4,3.37,0.60,0,3.20,2.30,1.03,1.40,0.15,1,290
P1_iyi_hic_noev,5,1.00,829.57,651.50,976.70,19.67,17.73,121.50,4,4,2.83,1.10,0,2.23,2.03,1.33,1.30,0.19,1,0
P1_iyi_hic_noev,6,1.00,982.33,815.50,1140.60,21.23,19.35,148.17,4,4,3.10,0.87,0,2.50,2.47,1.30,1.60,0.16,1,0
P1_iyi_hic_noev,7,1.00,1104.57,911.00,1243.00,22.61,20.79,119,4,4,2.93,1.07,0,2.37,1.97,1.33,1.17,0.19,1,0
P1_iyi_hic_noev,8,1.00,899.23,728.90,1104.60,24.40,22.71,141.83,5,5,3.73,1.20,0,3.03,2.27,1.67,1.60,0.16,0.97,348
P1_iyi_hic_noev,9,1.00,1071.30,845.30,1322.30,25.51,24.02,171.50,5,4.97,3.20,1.70,0.03,4.37,2.67,1.10,1.57,0.13,0.97,0
P1_iyi_hic_noev,10,1.00,1343.43,1106.40,1678.00,27.14,25.02,256.33,5,5,3.63,1.33,0,5.10,3.97,0.87,2.67,0.09,1,0
P1_iyi_hic_noev,11,1.00,1584.90,1301.20,1981.20,28.61,26.30,227.33,5,5,3.47,1.53,0,5.63,3.50,0.83,2.30,0.08,1,0
P1_iyi_hic_noev,12,1.00,1455.53,1120.60,1843.30,30.28,27.74,281.17,5,5,3.80,1.20,0,5.20,4.30,0.73,2.63,0.09,1,418
P1_iyi_hic_noev,13,1.00,1818.37,1510.60,2312.70,31.86,28.61,353.67,6,5.77,4.30,1.47,0.23,7.23,5.27,0.57,3.43,0.07,0.77,0
P1_iyi_hic_noev,14,1.00,2175.53,1654.40,2648.90,34.09,31.09,342.67,6,5.90,4.90,0.93,0.10,6.83,5,0.63,3.27,0.07,0.90,0
P1_iyi_hic_noev,15,1.00,2558.53,2015.50,3196.20,36.02,32.64,365.83,6,5.97,4.50,1.43,0.03,6.83,5.23,0.73,3.30,0.05,0.93,0
P1_iyi_hic_noev,16,1.00,2458.83,1779.10,3079.00,38.05,34.09,388.33,6,6,4.73,1.27,0,6.70,5.47,0.70,3.43,0.05,1,501
P1_iyi_acgozlu_ev,1,1.00,387.17,350.00,460.00,13.36,13.20,38.50,4,4,3.10,0.87,0,3.07,0.70,1.20,0.37,0.18,1,0
P1_iyi_acgozlu_ev,2,1.00,429.47,335.00,544.20,14.75,14.08,123,4,4,3.17,0.83,0,3,2.23,0.97,1.33,0.18,0.93,0
P1_iyi_acgozlu_ev,3,1.00,425.70,326.50,555.30,16.49,15.36,116.33,4,4,3.33,0.67,0,3.23,2.07,1.07,1.40,0.19,1,0
P1_iyi_acgozlu_ev,4,1.00,174.17,59.80,332.50,17.97,16.64,169.67,4,4,3.17,0.80,0,2.93,2.87,1.17,1.87,0.19,1,290
P1_iyi_acgozlu_ev,5,1.00,345.37,189.00,500.50,19.39,17.60,164.40,4.07,4.07,2.97,1.07,0,2.60,2.67,1.37,1.63,0.22,1,0
P1_iyi_acgozlu_ev,6,1.00,505.17,391.60,599.50,21.07,19.25,191.43,4.23,4.23,3.23,0.97,0,2.70,3.07,1.43,1.93,0.22,1,0
P1_iyi_acgozlu_ev,7,1.00,508.20,426.50,637.30,22.63,20.46,137.03,4.17,4.17,3.17,0.87,0,2.80,2.23,1.37,1.43,0.23,1,0
P1_iyi_acgozlu_ev,8,1.00,207.80,51.80,360.30,24.34,21.98,178.50,5,5,3.67,1.30,0,3.13,2.87,1.53,1.33,0.22,1,348
P1_iyi_acgozlu_ev,9,1.00,421.33,298.50,573.90,25.72,22.60,203.50,5.30,5.20,3.33,1.87,0.10,5.03,3.30,1.33,2.10,0.17,0.90,0
P1_iyi_acgozlu_ev,10,1.00,696.43,549.50,886.20,27.28,23.81,327.80,5.17,5.10,3.47,1.57,0.07,5.87,5.13,0.97,3.37,0.11,0.93,0
P1_iyi_acgozlu_ev,11,1.00,785.53,553.40,973.10,29.10,24.82,323.47,5.10,5.10,3.70,1.37,0,5.83,5.03,1.07,3.10,0.09,0.97,0
P1_iyi_acgozlu_ev,12,1.00,384.50,230.70,586.10,31.46,27.10,337.20,5,5,3.40,1.57,0,5.57,4.87,1.03,2.87,0.10,1,406.10
P1_iyi_acgozlu_ev,13,1.00,814.47,607.80,1067.00,34.69,29.95,492.93,6.17,6.10,4.17,1.83,0.07,7.13,6.57,0.97,3.77,0.09,0.93,0
P1_iyi_acgozlu_ev,14,1.00,971.53,744.70,1282.90,37.87,31.97,497.57,6.07,6,4.13,1.87,0.07,7.23,6.23,1.03,3.60,0.10,0.90,0
P1_iyi_acgozlu_ev,15,1.00,1257.63,858.00,1818.70,42.65,37.52,626.27,6.37,6.23,4.57,1.63,0.13,7.43,7.27,1,4.27,0.10,0.83,0
P1_iyi_acgozlu_ev,16,1.00,1223.43,614.40,2136.60,46.75,41.22,646.13,6,6,3.87,2.07,0,6.90,6.87,1.10,4.03,0.09,1,380.50
P1_iyi_acgozlu_noev,1,1.00,388.50,350.00,410.50,13.33,13.20,38.50,4,4,3.07,0.90,0,3.07,0.70,1.17,0.30,0.19,0.90,0
P1_iyi_acgozlu_noev,2,1.00,447.63,377.50,555.00,14.75,14.06,143.17,4,4,3.27,0.73,0,3.13,2.60,0.87,1.70,0.17,0.93,0
P1_iyi_acgozlu_noev,3,1.00,436.83,353.00,551.40,16.42,15.33,98.33,4,4,3.33,0.67,0,3.17,1.73,1.10,1.13,0.18,0.97,0
P1_iyi_acgozlu_noev,4,1.00,200,74.40,332.50,17.94,16.21,178.17,4,4,3.13,0.77,0,3,3.03,1.17,1.83,0.19,0.97,290
P1_iyi_acgozlu_noev,5,1.00,341.23,199.70,462.30,19.26,17.52,147.50,4,4,3.03,0.93,0,2.50,2.47,1.37,1.57,0.20,1,0
P1_iyi_acgozlu_noev,6,1.00,454.33,377.30,546.10,20.71,18.87,140.17,4,4,2.83,1.17,0,2.40,2.33,1.53,1.43,0.22,1,0
P1_iyi_acgozlu_noev,7,1.00,498.37,379.20,639.90,22.23,20.07,151.17,4,4,3.27,0.73,0,2.83,2.50,1.50,1.47,0.21,1,0
P1_iyi_acgozlu_noev,8,1.00,162.80,63.60,265.70,23.75,21.04,131.17,5,5,3.20,1.77,0,2.67,2.13,1.90,1.20,0.24,1,348
P1_iyi_acgozlu_noev,9,1.00,389.30,133.10,586.50,25.21,21.88,220.17,5,5,3.37,1.63,0,5.37,3.47,1.20,2.13,0.15,1,0
P1_iyi_acgozlu_noev,10,1.00,618.03,398.60,792.80,27.18,23.96,278,5,5,3.87,1.10,0,5.93,4.33,0.80,2.47,0.10,1,0
P1_iyi_acgozlu_noev,11,1.00,775.93,617.60,942.70,29.21,24.82,373.33,5,5,3.90,1.07,0,6.53,5.70,0.60,3.73,0.09,1,0
P1_iyi_acgozlu_noev,12,1.00,420.73,226.30,598.40,31.79,27.06,354.27,5,5,3.73,1.20,0,6.30,5.23,0.87,3.53,0.07,1,408.90
P1_iyi_acgozlu_noev,13,1.00,881.57,542.70,1147.10,35.95,30.24,515.87,6,6,4.70,1.17,0,7.17,7.23,0.87,4.37,0.06,1,0
P1_iyi_acgozlu_noev,14,1.00,1035.50,817.30,1369.30,39.89,33.39,488.17,6,5.97,4.40,1.50,0.03,7.27,6.37,1,3.57,0.07,0.97,0
P1_iyi_acgozlu_noev,15,1.00,1238.63,786.10,1683.80,44.53,37.87,604.73,6,6,4.43,1.50,0,7.27,7.27,0.93,4.10,0.07,1,0
P1_iyi_acgozlu_noev,16,1.00,1240.67,456.60,1941.60,49.64,41.86,663.63,6,6,4.70,1.23,0,8.47,6.63,0.63,3.50,0.07,1,398
P1_iyi_mantikli_ev,1,1.00,357.17,315.00,405.00,13.36,13.20,38.50,4,4,3.10,0.87,0,3.07,0.70,1.20,0.37,0.18,1,0
P1_iyi_mantikli_ev,2,1.00,403.80,312.00,505.50,14.80,14.08,128.50,4,4,3.23,0.73,0,3.13,2.33,0.93,1.33,0.18,0.97,0
P1_iyi_mantikli_ev,3,1.00,396.93,297.50,540.80,16.32,15.36,111.83,4,4,3.10,0.83,0,3.07,2,1.03,1.27,0.20,0.97,0
P1_iyi_mantikli_ev,4,1.00,132.17,25.20,277.00,17.73,16.64,169.50,4,4,3.27,0.73,0,3.10,2.87,0.97,1.80,0.20,1,287.97
P1_iyi_mantikli_ev,5,1.00,341.10,179.30,497.90,19.15,17.68,202.90,4.07,4.07,2.97,1.07,0,2.60,3.30,1.30,2.03,0.20,1,0
P1_iyi_mantikli_ev,6,1.00,462.63,336.30,567.20,20.50,18.60,146.17,4.23,4.23,2.83,1.33,0,2.30,2.33,1.57,1.37,0.23,0.97,0
P1_iyi_mantikli_ev,7,1.00,482.83,373.70,583.40,21.79,19.88,147.43,4.17,4.17,3.03,1.07,0,2.70,2.40,1.23,1.40,0.25,1,0
P1_iyi_mantikli_ev,8,1.00,159.93,48.10,300.00,23.42,20.40,154,5,5,3.37,1.60,0,2.83,2.50,1.80,1.63,0.23,1,348
P1_iyi_mantikli_ev,9,1.00,394.27,266.50,652.50,24.85,22.40,226.87,5.30,5.30,3.33,1.97,0,4.97,3.67,1.23,1.87,0.13,1,0
P1_iyi_mantikli_ev,10,1.00,650.97,533.00,844.30,25.97,23.06,294.37,5.17,5.10,2.70,2.33,0.07,5.40,4.63,1.17,2.90,0.13,0.93,0
P1_iyi_mantikli_ev,11,1.00,767.47,630.20,954.80,27.66,24.76,355.07,5.10,5.10,3.80,1.30,0,6.07,5.57,0.57,3.37,0.13,1,0
P1_iyi_mantikli_ev,12,1.00,389.37,216.30,538.70,30.27,26.34,380.70,5,5,3.90,1.10,0,6.27,5.53,0.67,3.43,0.09,1,406.87
P1_iyi_mantikli_ev,13,1.00,888.03,536.30,1123.40,33.13,27.97,531.47,6.17,5.97,4.23,1.67,0.20,7.57,6.90,1.13,3.93,0.09,0.77,0
P1_iyi_mantikli_ev,14,1.00,1032.83,763.20,1505.10,36.24,29.87,520.13,6.07,6,4.30,1.63,0.07,7.17,6.37,0.87,3.60,0.11,0.93,0
P1_iyi_mantikli_ev,15,1.00,1366.83,1002.70,1972.10,39.89,33.02,640.13,6.37,6.33,4.37,1.93,0.03,8,6.90,0.90,4.03,0.09,0.83,0
P1_iyi_mantikli_ev,16,1.00,1425.07,759.60,2121.00,44.17,35.62,732.40,6,6,4.53,1.47,0,7.90,7.20,0.77,4.27,0.08,1,406.77
P1_iyi_mantikli_noev,1,1.00,361.50,315.00,405.00,13.33,13.20,38.50,4,4,3.07,0.90,0,3.07,0.70,1.17,0.30,0.19,0.90,0
P1_iyi_mantikli_noev,2,1.00,414.13,323.80,546.00,14.77,14.08,148.67,4,4,3.30,0.67,0,3.17,2.70,0.83,1.70,0.17,0.90,0
P1_iyi_mantikli_noev,3,1.00,418.90,317.00,546.20,16.18,15.07,112.67,4,4,3.03,0.90,0,2.97,2,1.07,1.23,0.18,1,0
P1_iyi_mantikli_noev,4,1.00,125.87,25.20,250.60,17.59,16.07,158.17,4,4,3.20,0.80,0,3,2.70,1.03,1.63,0.20,1,290
P1_iyi_mantikli_noev,5,1.00,312.83,208.20,430.80,19.03,17.61,187.50,4,4,3.07,0.90,0,2.53,3.13,1.30,2.03,0.20,1,0
P1_iyi_mantikli_noev,6,1.00,427.73,325.60,503.00,20.37,18.48,132,4,4,2.83,1.17,0,2.33,2.20,1.40,1.30,0.21,1,0
P1_iyi_mantikli_noev,7,1.00,444.17,370.30,524.20,21.65,19.47,126.17,4,4,2.80,1.17,0,2.57,2.10,1.47,1.03,0.23,1,0
P1_iyi_mantikli_noev,8,1.00,164.43,65.80,257.50,23.27,20.65,163.17,5,5,3.63,1.33,0,3.10,2.63,1.77,1.73,0.22,1,348
P1_iyi_mantikli_noev,9,1.00,384.57,184.60,578.60,24.69,21.56,221.50,5,5,3.47,1.53,0,5.17,3.50,1.23,1.93,0.13,1,0
P1_iyi_mantikli_noev,10,1.00,661.57,447.10,823.00,26.13,23.62,320.33,5,5,3.40,1.57,0,5.67,4.93,0.93,3.03,0.10,1,0
P1_iyi_mantikli_noev,11,1.00,739.67,533.10,966.10,27.70,25.07,311,5,5,3.50,1.47,0,6.43,4.77,0.70,3.10,0.10,1,0
P1_iyi_mantikli_noev,12,1.00,416.93,220.80,645.00,29.92,26.65,394.37,5,5,3.67,1.33,0,5.47,5.73,0.83,3.60,0.10,1,408.97
P1_iyi_mantikli_noev,13,1.00,882.80,649.00,1179.80,32.36,28.58,534,6,5.97,4.13,1.70,0.03,7.33,7.03,0.83,4,0.10,0.97,0
P1_iyi_mantikli_noev,14,1.00,1092.60,796.10,1470.20,35.98,30.78,538.73,6,6,4.83,1.10,0,7.63,6.80,0.70,3.83,0.08,1,0
P1_iyi_mantikli_noev,15,1.00,1430.73,942.50,2141.70,40.11,33.02,638.23,6,6,4.53,1.47,0,8.17,7.07,0.67,3.97,0.06,1,0
P1_iyi_mantikli_noev,16,1.00,1437.27,624.20,2477.00,44.60,35.51,701.33,6,6,4.80,1.20,0,7.83,7.03,0.67,4,0.07,1,427.47
P2_zayif_hic_ev,1,1.00,611.67,591.50,660.00,13.31,12.80,20,7,7,4.67,1.50,0,3.27,0.33,0.63,0,0.20,0.97,0
P2_zayif_hic_ev,2,1.00,704.47,609.00,809.20,14.81,13.95,106,7,7,5.23,1.53,0,3.43,1.77,0.27,0.23,0.15,0.97,0
P2_zayif_hic_ev,3,1.00,818.40,673.00,958.00,16.18,15.05,130.50,7,7,5.07,1.50,0,3.53,2.10,0.17,0.50,0.14,0.90,0
P2_zayif_hic_ev,4,1.00,318.80,150.70,481.00,17.61,16.41,171,8,7.90,5.47,1.73,0.10,3.90,2.67,0.23,0.53,0.14,0.30,650
P2_zayif_hic_ev,5,1.00,473.80,272.60,634.20,19.10,17.21,176.43,8.07,8.03,5.60,1.97,0.03,3.17,2.63,0.57,0.53,0.20,0.60,0
P2_zayif_hic_ev,6,1.00,661.77,518.80,819.10,20.37,18.73,192.73,9.23,8.93,5.80,2.43,0.30,4.03,2.83,0.40,0.50,0.22,0.03,0
P2_zayif_hic_ev,7,1.00,823.37,615.90,1069.30,21.93,20.16,172.60,9.23,9,6.07,2.47,0.23,3.97,2.60,0.63,0.47,0.21,0.37,0
P2_zayif_hic_ev,8,1.00,253.37,101.20,437.90,23.28,21.40,186,9,9,5.70,2.77,0,3.43,2.83,0.73,0.47,0.22,0.73,740.60
P2_zayif_hic_ev,9,1.00,383.90,185.00,584.10,23.11,20.78,163.40,10.47,9.73,4.63,4.30,0.73,5.43,2.53,0.53,0.47,0.16,0.13,0
P2_zayif_hic_ev,10,1.00,595.37,328.40,829.90,23.19,20.95,238.73,10.17,9.80,4.87,4.30,0.37,5.80,3.63,0.30,0.70,0.11,0.30,0
P2_zayif_hic_ev,11,1.00,759.53,515.30,1064.60,23.35,20.31,194.17,10.20,9.83,5.17,4.03,0.37,6.27,3,0.20,0.60,0.08,0.63,0
P2_zayif_hic_ev,12,1.00,303.93,96.40,753.90,23.88,20.17,260.67,11,10.97,5.93,4.40,0.03,6.87,3.87,0.27,0.93,0.07,0.23,680.83
P2_zayif_hic_ev,13,0.87,519.88,324.50,803.00,24.27,21.70,322.73,11.15,10.88,5.85,4.62,0.27,6.50,4.73,0.23,0.85,0.06,0.54,0
P2_zayif_hic_ev,14,0.87,760.35,491.50,1057.00,24.12,20.68,289.50,10.96,10.85,5.50,4.65,0.12,7,4.23,0.15,0.58,0.04,0.69,0
P2_zayif_hic_ev,15,0.87,1052.62,702.50,1330.00,23.48,19.92,331.96,12.46,11.92,5.46,5.69,0.54,7.42,4.85,0.12,0.65,0.05,0.42,0
P2_zayif_hic_ev,16,0.87,447.12,177.00,900.50,24.16,20.20,367.88,12,12,6.69,4.69,0,7.23,5.42,0.12,0.73,0.05,0.50,936.38
P2_zayif_hic_noev,1,1.00,618.17,595.00,660.00,13.38,12.80,28,7,7,4.83,1.37,0,3.30,0.47,0.50,0,0.20,1,0
P2_zayif_hic_noev,2,1.00,696.57,599.00,800.30,14.85,13.71,90,7,7,5.17,1.53,0,3.50,1.50,0.30,0.20,0.16,0.97,0
P2_zayif_hic_noev,3,1.00,825.50,659.50,933.20,16.30,14.50,142.17,7,7,5.20,1.43,0,3.63,2.27,0.10,0.47,0.14,0.97,0
P2_zayif_hic_noev,4,1.00,333.20,127.50,507.50,17.68,15.80,181.67,8,7.87,5.47,1.87,0.13,3.93,2.83,0.37,0.73,0.13,0.40,650
P2_zayif_hic_noev,5,1.00,486.67,254.50,640.30,19.04,16.96,182.67,8,8,5.40,2,0,3.10,2.83,0.57,0.63,0.19,0.57,0
P2_zayif_hic_noev,6,1.00,633.30,457.20,844.00,20.25,18.13,171.17,9,8.90,5.67,2.60,0.10,4,2.63,0.50,0.43,0.21,0.13,0
P2_zayif_hic_noev,7,1.00,758.80,514.50,1009.00,21.90,19.95,154.17,9,9,6.17,2.27,0,3.77,2.37,0.73,0.37,0.21,0.37,0
P2_zayif_hic_noev,8,1.00,204.63,53.20,389.50,23.15,21.12,171.67,9,9,5.77,2.77,0,3.77,2.60,0.43,0.53,0.24,0.70,703.27
P2_zayif_hic_noev,9,1.00,346.90,162.20,546.00,23.91,21.50,167.83,10,9.83,5.60,3.77,0.17,5.20,2.50,0.60,0.50,0.15,0.10,0
P2_zayif_hic_noev,10,1.00,589.30,353.80,786.20,23.82,21.32,270.67,10,9.90,4.70,4.50,0.10,6.57,4,0.13,0.90,0.07,0.23,0
P2_zayif_hic_noev,11,1.00,805.57,636.50,1041.10,24.26,22.04,247.67,10,10,5.43,4.27,0,6.27,3.63,0.23,0.90,0.07,0.60,0
P2_zayif_hic_noev,12,1.00,187.97,20.00,338.20,24.74,21.56,250.33,11,11,5.87,4.53,0,7.03,3.67,0.20,0.70,0.06,0.37,834.13
P2_zayif_hic_noev,13,0.97,468.69,301.40,671.00,25.39,21.90,327.59,11,10.93,5.90,4.55,0.07,6.76,4.76,0.24,1.10,0.05,0.48,0
P2_zayif_hic_noev,14,0.97,735.76,488.00,1045.60,26.19,22.91,308.45,11,11,6.45,4.17,0,6.86,4.48,0.21,0.76,0.05,0.69,0
P2_zayif_hic_noev,15,0.97,1022.76,792.60,1310.20,26.98,22.88,331.55,12,11.97,6.76,4.52,0.03,7.31,4.79,0.10,0.69,0.03,0.21,0
P2_zayif_hic_noev,16,0.97,492.28,149.60,1010.60,27.31,23.36,369.83,12,12,6.34,5.10,0,8.07,5.31,0.10,0.76,0.02,0.66,850.52
P2_zayif_acgozlu_ev,1,1.00,466.83,415.50,516.00,13.22,12.80,20,7,7,4.57,1.60,0,3.17,0.33,0.60,0,0.20,0.93,0
P2_zayif_acgozlu_ev,2,1.00,567.53,447.00,691.50,14.77,14.18,120,7,6.97,5.40,1.33,0.03,3.60,2,0.17,0.37,0.15,0.87,0
P2_zayif_acgozlu_ev,3,1.00,680,509.50,838.10,16.12,14.91,142,7,7,4.90,1.53,0,3.27,2.27,0.27,0.50,0.14,0.90,0
P2_zayif_acgozlu_ev,4,1.00,125.77,49.40,213.80,17.43,16.03,148.50,8,7.90,5.40,1.80,0.10,4.03,2.33,0.20,0.43,0.14,0.23,605.83
P2_zayif_acgozlu_ev,5,1.00,324.47,203.10,504.60,18.75,17.41,222.57,8.07,8.03,5.47,2.10,0.03,3.43,3.33,0.43,0.77,0.18,0.60,0
P2_zayif_acgozlu_ev,6,1.00,487.07,303.20,651.00,20.31,18.03,175.27,9.23,8.93,6.07,2.20,0.30,3.80,2.57,0.77,0.53,0.20,0.07,0
P2_zayif_acgozlu_ev,7,1.00,642.40,436.20,870.00,21.75,18.56,179.47,9.23,9,6.07,2.47,0.23,3.83,2.67,0.63,0.57,0.24,0.30,0
P2_zayif_acgozlu_ev,8,1.00,219.93,89.70,641.60,22.76,18.44,136.67,9,9,5.70,2.90,0,3.73,2.07,0.87,0.30,0.22,0.67,524.87
P2_zayif_acgozlu_ev,9,1.00,353.10,126.80,813.80,23.35,18.46,152,10.47,9.93,5.63,3.80,0.53,5.40,2.33,0.40,0.37,0.17,0.13,0
P2_zayif_acgozlu_ev,10,1.00,560.57,338.60,892.80,23.61,18.53,228.90,10.17,9.70,5.10,4.27,0.47,6.47,3.43,0.13,0.73,0.08,0.27,0
P2_zayif_acgozlu_ev,11,1.00,752.93,425.90,1195.40,23.86,19.86,239.87,10.20,9.90,5.17,4.27,0.30,6.17,3.67,0.33,0.50,0.07,0.63,0
P2_zayif_acgozlu_ev,12,1.00,348.27,20.90,786.90,23.75,20.36,273.17,11,10.97,5.83,4.40,0.03,7.17,4,0.17,0.83,0.06,0.27,602.67
P2_zayif_acgozlu_ev,13,1.00,658.13,354.80,1077.60,23.91,20.55,334.37,11.27,10.97,5.47,4.97,0.30,6.87,4.93,0.33,1.03,0.08,0.40,0
P2_zayif_acgozlu_ev,14,1.00,926.50,507.20,1308.20,23.98,19.62,325.07,11.07,10.97,5.80,4.70,0.10,6.70,4.73,0.20,0.50,0.07,0.80,0
P2_zayif_acgozlu_ev,15,1.00,1150.13,767.40,1465.10,24.21,19.27,321.67,12.63,12,6.40,5.17,0.63,7.33,4.67,0.20,0.57,0.06,0.30,0
P2_zayif_acgozlu_ev,16,1.00,374.20,153.00,771.90,24.59,19.64,342.50,12,12,6.37,4.90,0,7.83,5.03,0.13,0.67,0.04,0.77,938.50
P2_zayif_acgozlu_noev,1,1.00,470,411.00,516.00,13.19,12.80,26,7,7,4.57,1.60,0,3.17,0.43,0.57,0,0.20,0.93,0
P2_zayif_acgozlu_noev,2,1.00,559.40,440.00,659.50,14.81,14.04,108,7,6.97,5.40,1.27,0.03,3.63,1.80,0.23,0.27,0.15,0.87,0
P2_zayif_acgozlu_noev,3,1.00,676.87,505.00,809.00,16.23,15.03,140.83,7,7,5.10,1.50,0,3.27,2.27,0.20,0.53,0.14,0.87,0
P2_zayif_acgozlu_noev,4,1.00,136.83,54.70,218.50,17.55,16.13,164.67,8,7.90,5.33,1.73,0.10,4.07,2.57,0.20,0.70,0.13,0.23,626.40
P2_zayif_acgozlu_noev,5,1.00,292.57,127.80,477.80,18.93,17.84,186.17,8,8,5.43,2.07,0,3.43,2.87,0.47,0.60,0.18,0.53,0
P2_zayif_acgozlu_noev,6,1.00,403.73,215.50,534.60,20.28,18.33,138.67,9,8.97,5.90,2.40,0.03,4,2.13,0.67,0.47,0.22,0.07,0
P2_zayif_acgozlu_noev,7,1.00,557,389.80,779.50,22.09,19.70,178.50,9,9,6.43,1.97,0,3.73,2.73,0.40,0.47,0.23,0.27,0
P2_zayif_acgozlu_noev,8,1.00,195.93,94.80,556.40,23.11,19.52,149.50,9,9,5.60,2.80,0,3.73,2.23,0.63,0.47,0.25,0.83,493.17
P2_zayif_acgozlu_noev,9,1.00,342.83,156.60,800.30,23.69,20.05,177.50,10,9.80,5.50,3.77,0.20,5.37,2.63,0.47,0.53,0.16,0.20,0
P2_zayif_acgozlu_noev,10,1.00,550.67,339.40,812.20,24.02,21.20,238.67,10,10,5.27,4.10,0,6.40,3.53,0.10,0.87,0.09,0.23,0
P2_zayif_acgozlu_noev,11,1.00,745.10,476.50,984.20,24.81,21.46,234,10,9.97,5.87,3.67,0.03,6.83,3.43,0.10,0.70,0.06,0.43,0
P2_zayif_acgozlu_noev,12,1.00,312.93,57.40,736.60,24.85,20.81,257,11,10.77,6,4.20,0.23,7.20,3.77,0.10,0.87,0.05,0.43,635.53
P2_zayif_acgozlu_noev,13,1.00,582.47,252.10,963.00,25.39,21.68,312.33,11,11,5.93,4.43,0,6.83,4.60,0.17,0.90,0.04,0.53,0
P2_zayif_acgozlu_noev,14,1.00,871.70,472.70,1357.50,26.19,22.27,338.50,11,11,6.37,4.17,0,7.23,4.97,0.13,0.97,0.03,0.77,0
P2_zayif_acgozlu_noev,15,1.00,1154,784.20,1492.40,26.67,22.12,366.67,12,11.93,6.47,4.73,0.07,8.13,5.37,0.07,0.77,0.03,0.20,0
P2_zayif_acgozlu_noev,16,1.00,408.67,119.10,966.00,26.86,22.22,376,12,12,6.60,4.93,0,7.63,5.47,0.07,0.77,0.03,0.57,927.63
P2_zayif_mantikli_ev,1,1.00,466.83,415.50,516.00,13.22,12.80,20,7,7,4.57,1.60,0,3.17,0.33,0.60,0,0.20,0.93,0
P2_zayif_mantikli_ev,2,1.00,567.53,447.00,691.50,14.77,14.18,120,7,6.97,5.40,1.33,0.03,3.60,2,0.17,0.37,0.15,0.87,0
P2_zayif_mantikli_ev,3,1.00,678.13,509.50,838.10,16.12,14.91,142,7,7,4.90,1.53,0,3.27,2.27,0.27,0.50,0.14,0.90,0
P2_zayif_mantikli_ev,4,1.00,122.23,51.00,209.90,17.43,16.03,148.50,8,7.90,5.40,1.80,0.10,4.03,2.33,0.20,0.43,0.14,0.23,605.63
P2_zayif_mantikli_ev,5,1.00,326.13,190.10,519.20,18.66,17.09,228.27,8.07,8.03,5.37,2.17,0.03,3.33,3.43,0.43,0.80,0.19,0.53,0
P2_zayif_mantikli_ev,6,1.00,486.77,300.50,660.20,20.14,18.03,173.77,9.23,8.90,6.03,2.17,0.33,3.93,2.53,0.67,0.47,0.20,0.07,0
P2_zayif_mantikli_ev,7,1.00,659.73,518.00,872.00,21.60,18.56,192.80,9.23,9,6.03,2.40,0.23,4,2.87,0.60,0.60,0.23,0.27,0
P2_zayif_mantikli_ev,8,1.00,226.27,79.30,641.60,22.62,18.44,144,9,9,5.70,2.83,0,3.67,2.17,0.90,0.33,0.22,0.73,548.50
P2_zayif_mantikli_ev,9,1.00,364.23,126.80,813.80,23.01,18.46,160.87,10.47,10.03,5.33,4,0.43,5.30,2.50,0.43,0.43,0.17,0.20,0
P2_zayif_mantikli_ev,10,1.00,571.13,333.30,892.80,23.34,18.53,229.60,10.17,9.67,5.17,4.03,0.50,6.33,3.43,0.10,0.80,0.08,0.23,0
P2_zayif_mantikli_ev,11,1.00,739.33,425.90,1195.40,23.50,19.86,222.93,10.20,9.93,5.10,4.40,0.27,6.20,3.43,0.37,0.50,0.07,0.67,0
P2_zayif_mantikli_ev,12,1.00,287.97,35.30,759.90,23.59,20.36,267.33,11,10.93,5.80,4.47,0.07,7.03,3.93,0.17,0.83,0.06,0.23,634.53
P2_zayif_mantikli_ev,13,1.00,592.80,251.20,1058.70,24.09,20.98,334.63,11.27,10.90,5.93,4.53,0.37,6.80,4.97,0.27,0.73,0.06,0.37,0
P2_zayif_mantikli_ev,14,1.00,847.17,482.80,1296.10,24.18,20.42,316.77,11.07,10.97,5.77,4.73,0.10,6.80,4.60,0.17,0.40,0.06,0.87,0
P2_zayif_mantikli_ev,15,1.00,1087.77,702.30,1422.30,24.15,20.53,334.73,12.63,12.03,6.13,5.43,0.60,7.40,4.83,0.23,0.80,0.04,0.23,0
P2_zayif_mantikli_ev,16,1.00,420.67,153.00,882.20,24.12,19.61,365.50,12,12,6.17,5.10,0,7.90,5.37,0.10,0.73,0.04,0.73,860.90
P2_zayif_mantikli_noev,1,1.00,470,411.00,516.00,13.19,12.80,26,7,7,4.57,1.60,0,3.17,0.43,0.57,0,0.20,0.93,0
P2_zayif_mantikli_noev,2,1.00,559.40,440.00,659.50,14.81,14.04,108,7,6.97,5.40,1.27,0.03,3.63,1.80,0.23,0.27,0.15,0.87,0
P2_zayif_mantikli_noev,3,1.00,676.87,505.00,809.00,16.23,15.03,140.83,7,7,5.10,1.50,0,3.27,2.27,0.20,0.53,0.14,0.87,0
P2_zayif_mantikli_noev,4,1.00,131.77,54.70,218.50,17.55,16.13,164.67,8,7.90,5.33,1.73,0.10,4.07,2.57,0.20,0.70,0.13,0.23,626.40
P2_zayif_mantikli_noev,5,1.00,293.50,152.50,477.80,18.93,18.16,192.67,8,8,5.50,2.10,0,3.23,2.97,0.43,0.60,0.18,0.57,0
P2_zayif_mantikli_noev,6,1.00,399,273.10,523.20,20.26,18.33,132.17,9,8.97,5.90,2.33,0.03,4.30,2.03,0.57,0.43,0.22,0.10,0
P2_zayif_mantikli_noev,7,1.00,565.10,385.00,779.50,21.99,19.09,191.33,9,9,6.37,2.17,0,3.63,2.93,0.47,0.40,0.22,0.33,0
P2_zayif_mantikli_noev,8,1.00,194.47,74.40,556.40,23.07,19.52,155.67,9,9,5.83,2.77,0,4,2.33,0.57,0.47,0.22,0.77,500.70
P2_zayif_mantikli_noev,9,1.00,344,149.40,800.30,23.58,19.90,182,10,9.80,5.37,3.77,0.20,5.37,2.70,0.43,0.63,0.16,0.20,0
P2_zayif_mantikli_noev,10,1.00,556.83,284.90,812.20,23.99,20.73,245.50,10,9.97,5.40,4.07,0.03,6.27,3.63,0.10,0.90,0.09,0.23,0
P2_zayif_mantikli_noev,11,1.00,748.90,476.50,1061.80,24.67,20.81,226.33,10,9.97,5.67,3.80,0.03,6.93,3.33,0.10,0.73,0.05,0.53,0
P2_zayif_mantikli_noev,12,1.00,340.87,72.90,859.60,24.66,20.81,256,11,10.70,5.97,4.13,0.30,7.10,3.77,0.13,0.93,0.06,0.33,602.43
P2_zayif_mantikli_noev,13,1.00,622.13,284.60,1037.70,25.11,21.80,326.17,11,10.97,5.87,4.40,0.03,6.50,4.80,0.07,0.90,0.04,0.50,0
P2_zayif_mantikli_noev,14,1.00,907.40,562.60,1376.40,25.79,22.07,333.33,11,11,6.23,4.33,0,6.93,4.90,0.10,0.87,0.04,0.77,0
P2_zayif_mantikli_noev,15,1.00,1171.83,805.30,1513.10,26.38,22.12,363.67,12,11.93,6.63,4.50,0.07,7.60,5.33,0.07,0.80,0.03,0.33,0
P2_zayif_mantikli_noev,16,1.00,301.83,100.70,519.00,26.53,22.33,377.17,12,12,6.27,5.17,0,7.63,5.47,0.03,0.90,0.02,0.53,1021
P2_orta_hic_ev,1,1.00,683.50,619.50,720.00,14.39,13.95,92,7,7,5.70,1.13,0,4.80,1.53,1.60,0.17,0.18,1,0
P2_orta_hic_ev,2,1.00,898.90,756.20,985.00,16.91,16.20,218.33,7,7,5.80,0.93,0,4.83,3.50,1.17,0.80,0.16,0.97,0
P2_orta_hic_ev,3,1.00,1133.53,994.80,1251.40,19.34,18.38,231.83,7,7,5.57,1.13,0,4.87,3.57,1.20,0.73,0.16,1,0
P2_orta_hic_ev,4,1.00,738.90,552.40,915.20,22.23,21.19,260.33,8,8,6.67,1.07,0,5.37,4,1.27,1.20,0.15,0.80,650
P2_orta_hic_ev,5,1.00,1051.23,855.50,1282.00,25.11,23.59,307.70,8.07,8.07,6.30,1.43,0,4.57,4.43,1.83,1.17,0.17,0.90,0
P2_orta_hic_ev,6,1.00,1342.93,1067.50,1633.10,28.38,25.92,274.90,9.23,9.20,7.27,1.53,0.03,5.23,3.77,2.07,0.90,0.21,0.47,0
P2_orta_hic_ev,7,1.00,1610.67,1238.70,2024.80,31.37,28.20,264.50,9.23,9.13,6.90,1.93,0.10,5,3.63,2.30,1.03,0.21,0.83,0
P2_orta_hic_ev,8,1.00,1118.37,735.90,1515.70,34.52,31.70,288.83,9,9,7.20,1.67,0,5.30,3.90,1.83,0.90,0.18,1,780
P2_orta_hic_ev,9,1.00,1367.27,918.80,1841.50,36.65,32.78,256.60,10.47,10.17,6.67,3.20,0.30,7.80,3.50,1.70,0.93,0.13,0.47,0
P2_orta_hic_ev,10,1.00,1826.67,1305.40,2407.60,38.83,35.54,463.83,10.17,9.77,6.90,2.63,0.40,9.50,6.13,0.80,1.73,0.07,0.40,0
P2_orta_hic_ev,11,1.00,2300.17,1792.40,2854.70,41.41,37.38,472.60,10.20,10.10,7.30,2.30,0.10,9,6.23,1.03,1.80,0.06,0.73,0
P2_orta_hic_ev,12,1.00,1910.57,1348.50,2559.30,44.12,40.24,556.33,11,10.87,8,2.53,0.13,10.97,7,0.97,2.30,0.04,0.43,936
P2_orta_hic_ev,13,1.00,2552.93,1886.40,3226.90,46.61,42.66,655.77,11.27,10.97,7.90,2.93,0.30,10.73,8.10,0.87,2.37,0.04,0.63,0
P2_orta_hic_ev,14,1.00,3184.60,2415.90,3969.30,48.55,43.54,652.23,11.07,11,7.50,3.23,0.07,10.63,7.73,0.97,2,0.04,0.90,0
P2_orta_hic_ev,15,1.00,3879.87,2953.80,4739.10,50.85,45.84,708.03,12.63,12.07,8.33,3.23,0.57,11.80,8.33,1,2.53,0.03,0.43,0
P2_orta_hic_ev,16,1.00,3413.40,2412.40,4085.00,53.76,48.70,687,12,12,8.83,2.73,0,11.60,8.07,1.03,2.03,0.04,0.80,1123
P2_orta_hic_noev,1,1.00,689.50,637.50,726.00,14.43,13.95,98,7,7,5.73,1.10,0,4.77,1.63,1.63,0.30,0.18,1,0
P2_orta_hic_noev,2,1.00,893.43,754.00,996.70,16.96,16.15,202.50,7,7,5.70,1.03,0,4.77,3.23,1.27,0.73,0.16,0.97,0
P2_orta_hic_noev,3,1.00,1138.43,999.70,1246.20,19.42,18.38,251,7,7,5.83,1,0,4.87,3.87,1.03,1.03,0.15,1,0
P2_orta_hic_noev,4,1.00,741.40,574.20,893.00,22.29,21.08,258.33,8,8,6.67,1.10,0,5.53,3.97,1.20,1.13,0.14,0.83,650
P2_orta_hic_noev,5,1.00,1023.47,826.70,1226.30,25.14,23.44,278.83,8,8,6.20,1.57,0,4.43,4.13,1.87,1.03,0.18,0.97,0
P2_orta_hic_noev,6,1.00,1263.97,1037.90,1494.00,28.26,25.82,237.50,9,9,6.73,1.87,0,5,3.40,2.33,0.93,0.21,0.60,0
P2_orta_hic_noev,7,1.00,1525.30,1244.80,1741.20,31.14,28.62,264.67,9,9,6.83,1.90,0,4.97,3.73,2.07,1.10,0.20,0.87,0
P2_orta_hic_noev,8,1.00,1010.77,748.00,1292.50,34.07,31.10,268.33,9,9,6.87,1.80,0,5.10,3.67,2.03,0.93,0.19,0.97,780
P2_orta_hic_noev,9,1.00,1292.50,988.50,1608.50,36.38,33.51,282,10,10,6.60,3.13,0,8,3.77,1.57,0.93,0.14,0.50,0
P2_orta_hic_noev,10,1.00,1748.47,1505.70,2125.60,38.98,35.74,460.83,10,10,7.07,2.63,0,8.50,6.03,1.37,1.83,0.08,0.67,0
P2_orta_hic_noev,11,1.00,2176.27,1813.60,2667.70,41.64,38.29,429.67,10,10,7.20,2.53,0,9.13,5.50,1.27,1.80,0.06,0.83,0
P2_orta_hic_noev,12,1.00,1789.47,1274.90,2299.90,44.53,41.36,551.33,11,11,7.97,2.63,0,10.40,6.90,1.23,2.17,0.05,0.37,936
P2_orta_hic_noev,13,1.00,2423.30,1843.10,2967.00,47.26,43.52,652.33,11,11,8.30,2.53,0,10.63,7.97,0.67,2.20,0.05,0.73,0
P2_orta_hic_noev,14,1.00,3053.03,2429.20,3778.40,49.66,45.03,646.17,11,11,7.70,3,0,10.73,7.77,0.90,2.10,0.05,0.90,0
P2_orta_hic_noev,15,1.00,3657.53,2884.10,4306.00,52.25,48.11,621.17,12,12,8.07,3.43,0,11.70,7.37,1.43,1.87,0.05,0.63,0
P2_orta_hic_noev,16,1.00,3273.23,2327.90,4116.50,54.86,50.67,754.33,12,12,8.47,3.13,0,12,8.73,0.93,2.87,0.05,0.70,1123
P2_orta_acgozlu_ev,1,1.00,530.50,455.00,576.00,14.33,13.80,86,7,7,5.70,1.10,0,4.87,1.43,1.47,0.17,0.17,1,0
P2_orta_acgozlu_ev,2,1.00,741.20,555.00,859.50,16.76,15.86,220.17,7,7,5.73,0.97,0,5.03,3.53,1.13,1,0.17,1,0
P2_orta_acgozlu_ev,3,1.00,866.43,709.00,1043.50,19.43,18.48,218.83,7,7,5.87,0.90,0,4.90,3.37,1.07,0.83,0.16,0.97,0
P2_orta_acgozlu_ev,4,1.00,272.50,116.40,419.60,22.11,20.95,273.50,8,7.97,6.30,1.30,0.03,5.33,4.20,1.33,1.23,0.16,0.63,650
P2_orta_acgozlu_ev,5,1.00,574.33,347.40,859.70,25.08,23.61,307.53,8.07,8.07,6.60,1.30,0,4.93,4.43,1.70,1.30,0.19,0.97,0
P2_orta_acgozlu_ev,6,1.00,826.87,490.90,1121.00,28.42,26.82,270.70,9.23,9.20,7.33,1.70,0.03,5.17,3.70,2.37,0.90,0.21,0.67,0
P2_orta_acgozlu_ev,7,1.00,1029.57,806.60,1284.50,31.53,29.16,287.43,9.23,9.17,6.97,2,0.07,5.20,3.93,2.27,1.03,0.22,0.83,0
P2_orta_acgozlu_ev,8,1.00,305.87,148.50,463.30,34.84,32.38,255.50,9,9,7.17,1.73,0,5.20,3.47,2.23,0.77,0.19,1,774.17
P2_orta_acgozlu_ev,9,1.00,685.23,372.10,939.00,36.94,33.09,388.13,10.47,10.20,6.47,3.47,0.27,8.30,5.27,1.77,1.23,0.16,0.50,0
P2_orta_acgozlu_ev,10,1.00,1158.40,653.20,1481.30,39.48,35.92,510.43,10.17,9.87,7.13,2.60,0.30,9.80,6.73,1.30,1.97,0.09,0.57,0
P2_orta_acgozlu_ev,11,1.00,1432.83,1046.80,1725.40,41.77,37.56,505.87,10.20,10.10,7.17,2.60,0.10,10.03,6.73,0.83,2.03,0.08,0.70,0
P2_orta_acgozlu_ev,12,1.00,706.93,358.40,994.80,45.41,40.96,611.80,11,10.93,8.03,2.70,0.07,11.17,7.53,1.33,2.30,0.08,0.67,922.20
P2_orta_acgozlu_ev,13,1.00,1382.53,942.50,1806.70,50.22,44.64,749.97,11.27,11.13,7.83,2.90,0.13,11.37,8.73,1.13,2.37,0.08,0.73,0
P2_orta_acgozlu_ev,14,1.00,1887.17,1606.50,2201.20,54.08,46.05,801.20,11.07,11,7.10,3.33,0.07,10.90,8.80,0.97,2.17,0.07,0.90,0
P2_orta_acgozlu_ev,15,1.00,2217.13,1804.50,2574.20,59.86,49.77,937,12.63,12.33,8.77,3.37,0.30,12.60,9.77,0.97,2.03,0.07,0.60,0
P2_orta_acgozlu_ev,16,1.00,1921,1149.30,3013.70,65.96,51.97,1203.10,12,12,8.50,3.27,0,13.37,11.07,0.80,2.30,0.06,0.90,971.50
P2_orta_acgozlu_noev,1,1.00,532,455.00,581.50,14.32,13.84,86,7,7,5.67,1.10,0,4.90,1.43,1.47,0.20,0.18,1,0
P2_orta_acgozlu_noev,2,1.00,749.17,566.20,876.30,16.79,15.79,217,7,7,5.67,1.03,0,4.97,3.47,1.23,0.87,0.17,0.97,0
P2_orta_acgozlu_noev,3,1.00,881.30,709.00,1048.30,19.45,18.26,235.67,7,7,6.03,0.87,0,5.20,3.63,0.87,1.03,0.16,1,0
P2_orta_acgozlu_noev,4,1.00,298.90,164.50,416.00,22.02,20.52,308.50,8,8,6.27,1.43,0,5.07,4.73,1.27,1.37,0.15,0.73,650
P2_orta_acgozlu_noev,5,1.00,624.03,472.50,860.00,24.75,22.57,325,8,8,6.27,1.43,0,5.17,4.83,1.50,1.50,0.19,0.97,0
P2_orta_acgozlu_noev,6,1.00,878.50,692.50,1052.60,28.13,25.96,285.50,9,9,7.27,1.60,0,5.40,4.10,2.23,1.37,0.20,0.80,0
P2_orta_acgozlu_noev,7,1.00,1055.30,881.80,1243.00,31.17,28.57,276.83,9,9,6.97,1.83,0,5.17,3.90,2.03,1,0.20,0.97,0
P2_orta_acgozlu_noev,8,1.00,296.27,109.90,501.40,34.37,30.75,289.33,9,9,7.03,1.67,0,5.20,3.93,2.07,0.90,0.20,0.97,780
P2_orta_acgozlu_noev,9,1.00,721.70,455.30,1084.30,36.20,33.27,439.10,10,10,6.20,3.73,0,8.07,5.80,1.73,1.50,0.16,0.77,0
P2_orta_acgozlu_noev,10,1.00,1195.77,850.40,1601.30,38.39,34.04,515.40,10,9.97,6.70,3,0.03,9.30,6.70,1.23,1.67,0.13,0.73,0
P2_orta_acgozlu_noev,11,1.00,1471.80,1050.50,1916.60,40.62,36.12,529.23,10,10,6.93,2.97,0,9.43,6.77,1.23,1.90,0.09,0.93,0
P2_orta_acgozlu_noev,12,1.00,768.27,332.30,1196.50,43.30,38.61,640.40,11,11,7.23,3.67,0,11.13,7.80,1.20,2.23,0.11,0.63,917.60
P2_orta_acgozlu_noev,13,1.00,1471.30,999.90,1911.30,47.43,40.90,775.83,11,11,7.67,2.97,0,11.17,9,0.80,2.03,0.09,0.93,0
P2_orta_acgozlu_noev,14,1.00,1913.53,1511.90,2447.20,51.67,44.44,778.47,11,11,7.57,2.97,0,11.40,8.60,0.97,1.80,0.07,1,0
P2_orta_acgozlu_noev,15,1.00,2298.10,1780.90,2908.90,57.53,47.77,927.83,12,11.97,8.63,2.97,0.03,13.57,9.67,0.90,2.10,0.06,0.70,0
P2_orta_acgozlu_noev,16,1.00,1824.67,740.70,2948.20,62.70,52.13,1132.07,12,12,8.10,3.63,0,12.60,10.43,0.83,2.17,0.07,0.97,966
P2_orta_mantikli_ev,1,1.00,530.50,455.00,576.00,14.33,13.80,86,7,7,5.70,1.10,0,4.87,1.43,1.47,0.17,0.17,1,0
P2_orta_mantikli_ev,2,1.00,741.20,555.00,859.50,16.76,15.86,220.17,7,7,5.73,0.97,0,5.03,3.53,1.13,1,0.17,1,0
P2_orta_mantikli_ev,3,1.00,832.57,709.00,949.00,19.43,18.48,218.83,7,7,5.87,0.90,0,4.90,3.37,1.07,0.83,0.16,0.97,0
P2_orta_mantikli_ev,4,1.00,222.27,73.20,356.70,22.07,20.95,290.83,8,7.97,6.23,1.30,0.03,5.30,4.47,1.37,1.30,0.15,0.63,650
P2_orta_mantikli_ev,5,1.00,540.50,341.00,750.40,24.72,23.00,325.53,8.07,8.07,6.23,1.67,0,4.60,4.70,1.67,1.30,0.22,0.97,0
P2_orta_mantikli_ev,6,1.00,819.33,580.20,1109.20,27.60,25.07,288.97,9.23,9.23,7.07,1.97,0,5.50,3.97,2.07,1.10,0.23,0.77,0
P2_orta_mantikli_ev,7,1.00,1042.23,845.00,1293.90,30.65,28.54,335.93,9.23,9.20,6.97,1.93,0.03,5.40,4.63,2.17,1.23,0.20,0.80,0
P2_orta_mantikli_ev,8,1.00,302.80,69.90,505.40,33.49,30.90,295,9,9,6.80,1.97,0,5.53,4.03,1.83,0.83,0.23,1,780
P2_orta_mantikli_ev,9,1.00,714.37,371.00,951.10,35.35,31.63,427.60,10.47,10.17,6.53,3.33,0.30,8.13,5.90,1.63,1,0.14,0.50,0
P2_orta_mantikli_ev,10,1.00,1223.23,852.90,1496.10,37.10,33.26,578.50,10.17,10.03,6.53,3.33,0.13,9.80,7.73,1,2.07,0.07,0.60,0
P2_orta_mantikli_ev,11,1.00,1481.60,1195.80,1884.70,38.96,35.82,524.40,10.20,10.20,6.57,3.47,0,9.70,7,1.10,1.57,0.08,0.80,0
P2_orta_mantikli_ev,12,1.00,734.50,433.60,1039.00,41.91,37.80,655.47,11,11,7.20,3.60,0,10.70,8.37,1.10,2.03,0.08,0.90,908.40
P2_orta_mantikli_ev,13,1.00,1548.53,1209.90,1954.20,45.92,40.68,860.67,11.27,11.10,7.33,3.43,0.17,11.43,10.20,0.83,2.13,0.07,0.80,0
P2_orta_mantikli_ev,14,1.00,1908.63,1587.10,2147.30,49.64,41.08,846.53,11.07,11,6.87,3.60,0.07,11.53,9.53,0.93,1.70,0.05,0.83,0
P2_orta_mantikli_ev,15,1.00,2326.10,1882.00,2746.60,54.23,42.47,1029.20,12.63,12.33,7.70,4.30,0.30,12.87,10.33,1.10,1.83,0.06,0.57,0
P2_orta_mantikli_ev,16,1.00,2081.30,1212.30,2899.70,59.59,46.18,1166.30,12,11.97,7.90,3.67,0.03,11.80,10.67,0.97,1.53,0.07,0.93,951.60
P2_orta_mantikli_noev,1,1.00,532,455.00,581.50,14.32,13.84,86,7,7,5.67,1.10,0,4.90,1.43,1.47,0.20,0.18,1,0
P2_orta_mantikli_noev,2,1.00,749.17,566.20,876.30,16.79,15.79,217,7,7,5.67,1.03,0,4.97,3.47,1.23,0.87,0.17,0.97,0
P2_orta_mantikli_noev,3,1.00,844.77,709.00,987.60,19.45,18.26,235.67,7,7,6.03,0.87,0,5.20,3.63,0.87,1.03,0.16,1,0
P2_orta_mantikli_noev,4,1.00,257.40,149.90,352.40,21.99,20.52,314.67,8,8,6.23,1.43,0,5.03,4.83,1.30,1.37,0.14,0.73,650
P2_orta_mantikli_noev,5,1.00,594.03,408.50,770.30,24.46,22.55,345,8,8,6,1.57,0,5,5.13,1.40,1.53,0.21,1,0
P2_orta_mantikli_noev,6,1.00,838.83,643.20,1069.20,27.44,24.64,264.50,9,9,7,1.80,0,5.30,3.80,2,1.07,0.22,0.87,0
P2_orta_mantikli_noev,7,1.00,1001.87,826.10,1146.10,30.58,27.86,273.83,9,9,6.83,1.83,0,5.40,3.87,2.17,0.83,0.21,0.87,0
P2_orta_mantikli_noev,8,1.00,274.27,143.70,462.20,33.44,30.08,310.03,9,9,6.50,2.27,0,5,4.23,2.17,0.97,0.22,1,773.60
P2_orta_mantikli_noev,9,1.00,718.80,483.80,937.20,35.25,31.26,460.27,10,10,5.90,3.73,0,7.23,6.17,1.80,1.53,0.15,0.83,0
P2_orta_mantikli_noev,10,1.00,1213.80,917.60,1484.00,37.69,33.49,515.93,10,10,6.73,2.97,0,9.77,6.77,1.13,1.60,0.10,0.87,0
P2_orta_mantikli_noev,11,1.00,1506.43,1263.90,1791.90,40.11,36.10,571.87,10,10,7.07,2.70,0,9.57,7.33,0.97,1.63,0.08,1,0
P2_orta_mantikli_noev,12,1.00,706.77,359.30,898.10,42.69,38.46,677.67,11,11,6.87,3.77,0,11.27,8.50,0.97,1.97,0.07,0.73,917.60
P2_orta_mantikli_noev,13,1.00,1521.13,1165.00,1813.90,47.42,41.93,862.47,11,11,7.60,3.20,0,10.67,9.87,0.97,1.60,0.07,0.93,0
P2_orta_mantikli_noev,14,1.00,1934.23,1551.80,2244.60,52.55,43.35,855.57,11,11,7.83,3.07,0,11.57,9.40,0.83,1.73,0.06,0.97,0
P2_orta_mantikli_noev,15,1.00,2422.33,1880.00,3026.50,57.79,46.44,961.67,12,12,7.50,4.23,0,12.63,9.83,1.10,1.73,0.07,0.73,0
P2_orta_mantikli_noev,16,1.00,2039.70,1260.70,3195.90,63.44,49.85,1062.27,12,12,7.73,3.93,0,12.40,9.90,0.90,1.47,0.08,0.97,964.27
P2_iyi_hic_ev,1,1.00,731.67,659.50,840.00,15.28,14.80,134,7,7,6.57,0.37,0,6.33,2.23,2.07,0.50,0.19,1,0
P2_iyi_hic_ev,2,1.00,1012.43,877.00,1139.70,18.71,17.62,265.33,7,7,6.30,0.70,0,6.10,4.10,1.87,1.17,0.18,1,0
P2_iyi_hic_ev,3,1.00,1370.50,1151.20,1594.80,22.25,20.90,344.50,7,7,6.57,0.40,0,6.43,5.30,1.73,1.77,0.17,1,0
P2_iyi_hic_ev,4,1.00,1175.17,945.50,1408.00,26.23,25.01,441.67,8,8,7.43,0.47,0,6.73,6.47,2,2.23,0.15,0.93,650
P2_iyi_hic_ev,5,1.00,1608.57,1404.80,1856.80,30.29,28.55,411.97,8.07,8.07,7.27,0.73,0,5.83,5.70,2.30,1.73,0.20,1,0
P2_iyi_hic_ev,6,1.00,2007.97,1764.20,2256.80,34.47,32.68,374.23,9.23,9.23,7.87,1.27,0,5.80,4.90,2.97,1.53,0.20,0.90,0
P2_iyi_hic_ev,7,1.00,2362.70,2091.40,2615.50,38.83,35.90,335.03,9.23,9.23,8.13,0.97,0,6.63,4.40,2.90,1.33,0.21,0.87,0
P2_iyi_hic_ev,8,1.00,1948.23,1624.00,2181.80,43.04,40.35,352.17,9,9,7.80,1.20,0,6.33,4.47,2.77,1.23,0.20,0.97,780
P2_iyi_hic_ev,9,1.00,2466.33,2158.10,2911.50,46.34,42.70,496.53,10.47,10.27,7.23,2.83,0.20,9.87,6.30,2.70,1.87,0.13,0.70,0
P2_iyi_hic_ev,10,1.00,3093.20,2743.30,3542.00,50.19,45.91,604.37,10.17,10.03,8.03,1.87,0.13,11.20,7.30,2.13,2.23,0.08,0.87,0
P2_iyi_hic_ev,11,1.00,3730.17,3330.40,4144.80,54.15,49.71,616.67,10.20,10.20,8.33,1.77,0,11.67,7.43,2.10,2.37,0.07,0.80,0
P2_iyi_hic_ev,12,1.00,3588.33,2955.90,4164.60,58.78,54.70,781.17,11,10.97,9.47,1.47,0.03,12.73,8.83,2.27,2.97,0.07,0.80,936
P2_iyi_hic_ev,13,1.00,4541.53,3766.90,5412.60,63.31,59.97,931.67,11.27,11.10,9.63,1.37,0.17,13.77,10.20,1.87,3.73,0.05,0.77,0
P2_iyi_hic_ev,14,1.00,5492.87,4781.20,6520.30,67.31,63.26,942.33,11.07,11,9.10,1.87,0.07,14.63,9.87,1.83,3.40,0.04,0.90,0
P2_iyi_hic_ev,15,1.00,6586.67,5766.50,7492.50,72.13,67.54,1072.80,12.63,12.30,10.57,1.53,0.33,15.77,10.93,2.10,3.77,0.06,0.73,0
P2_iyi_hic_ev,16,1.00,6601.13,5630.20,7509.40,76.95,72.64,1127.83,12,12,10.37,1.60,0,14.47,11.33,2.13,3.87,0.05,1,1123
P2_iyi_hic_noev,1,1.00,749,660.00,840.00,15.27,14.80,150,7,7,6.57,0.37,0,6.30,2.50,2.03,0.57,0.18,1,0
P2_iyi_hic_noev,2,1.00,1027.40,857.20,1193.00,18.70,17.40,267,7,7,6.40,0.60,0,6.20,4.13,1.83,1.30,0.18,1,0
P2_iyi_hic_noev,3,1.00,1368.63,1151.20,1611.50,22.13,20.75,329.33,7,7,6.40,0.53,0,6.20,5.07,1.77,1.70,0.17,1,0
P2_iyi_hic_noev,4,1.00,1151.10,935.30,1399.50,26.20,25.11,415,8,8,7.43,0.47,0,6.87,6.07,2,2.03,0.14,0.97,650
P2_iyi_hic_noev,5,1.00,1598.50,1333.80,1847.90,30.12,28.67,430.17,8,8,7.10,0.87,0,5.60,6.13,2.27,2.07,0.19,1,0
P2_iyi_hic_noev,6,1.00,1931,1681.00,2151.00,34.15,32.72,321.17,9,9,7.57,1.30,0,5.70,4.37,2.87,1.30,0.21,0.93,0
P2_iyi_hic_noev,7,1.00,2250.90,1978.80,2559.70,38.28,36.64,308.67,9,9,7.73,1.13,0,6.07,4.10,2.87,1.23,0.20,1,0
P2_iyi_hic_noev,8,1.00,1811.03,1408.50,2115.10,42.48,40.52,324,9,9,7.63,1.30,0,5.83,4.13,2.93,1.30,0.21,1,780
P2_iyi_hic_noev,9,1.00,2317.40,1868.50,2717.50,46.43,43.76,490,10,10,8.17,1.73,0,10.07,6.10,2.33,2.07,0.13,0.83,0
P2_iyi_hic_noev,10,1.00,2947.20,2499.70,3424.50,50.50,47.69,612.50,10,10,8.37,1.53,0,12.70,7.33,2.13,2.47,0.07,0.67,0
P2_iyi_hic_noev,11,1.00,3656.20,3098.50,4198.40,54.71,52.00,687.83,10,10,8.53,1.37,0,11.23,8.03,2,2.80,0.08,0.97,0
P2_iyi_hic_noev,12,1.00,3469.10,2965.50,4144.90,59.03,55.84,727.83,11,10.97,8.97,1.97,0.03,13.67,8.23,2.47,2.80,0.06,0.73,936
P2_iyi_hic_noev,13,1.00,4391,3609.50,5191.00,63.32,60.62,914,11,11,9.30,1.63,0,13.17,10.03,1.87,3.43,0.08,0.87,0
P2_iyi_hic_noev,14,1.00,5337.17,4263.20,6228.00,68.01,64.70,934.50,11,11,9.73,1.20,0,13.07,9.93,1.93,3.33,0.05,0.97,0
P2_iyi_hic_noev,15,1.00,6384.73,5225.40,7583.30,72.80,68.48,1039,12,12,10.27,1.67,0,16.53,10.73,2.17,3.47,0.04,0.73,0
P2_iyi_hic_noev,16,1.00,6443.23,5281.60,7715.60,77.52,73.69,1170.17,12,12,10.27,1.70,0,15.23,11.70,1.97,3.97,0.05,0.97,1123
P2_iyi_acgozlu_ev,1,1.00,584.17,515.00,641.50,14.81,14.40,132,7,7,6,0.97,0,5.63,2.20,2.07,0.43,0.18,1,0
P2_iyi_acgozlu_ev,2,1.00,865.97,758.50,989.50,18.42,17.60,280.83,7,7,6.47,0.50,0,6.37,4.37,1.90,1.33,0.17,1,0
P2_iyi_acgozlu_ev,3,1.00,1089.50,944.50,1216.30,21.91,20.80,377,7,7,6.43,0.57,0,6.13,5.80,1.77,1.73,0.16,1,0
P2_iyi_acgozlu_ev,4,1.00,373.43,202.00,554.00,25.72,24.10,333.67,8,8,7.27,0.67,0,6.83,4.93,2.07,1.47,0.15,0.97,644.73
P2_iyi_acgozlu_ev,5,1.00,851.37,699.00,1015.60,29.66,28.48,459.07,8.07,8.07,7,0.93,0,5.77,6.37,2.67,2.07,0.25,1,0
P2_iyi_acgozlu_ev,6,1.00,1155.53,952.60,1341.80,34.08,32.32,379.17,9.23,9.23,8.13,1,0,6.67,4.97,3.10,1.57,0.24,0.93,0
P2_iyi_acgozlu_ev,7,1.00,1335.07,1075.10,1575.00,38.52,35.92,519.27,9.23,9.20,7.93,1.20,0.03,7.03,6.73,2.90,1.93,0.23,0.90,0
P2_iyi_acgozlu_ev,8,1.00,838.70,501.10,1188.80,42.72,39.66,586.37,9,9,7.60,1.40,0,6.33,7.33,2.80,1.93,0.25,1,780
P2_iyi_acgozlu_ev,9,1.00,1511.77,1061.30,1912.40,45.78,41.58,721.70,10.47,10.40,6.93,3.43,0.07,11.60,9,2.37,2.37,0.17,0.80,0
P2_iyi_acgozlu_ev,10,1.00,1894.93,1564.40,2236.30,49.46,44.74,950.33,10.17,10.03,7.63,2.33,0.13,13.50,11.10,1.57,3.23,0.13,0.87,0
P2_iyi_acgozlu_ev,11,1.00,2534.83,1934.10,3095.80,53.51,46.86,1143.23,10.20,10.20,7.90,2.20,0,13,11.97,1.67,3.37,0.15,0.87,0
P2_iyi_acgozlu_ev,12,1.00,2024.47,868.90,2913.40,60.49,49.58,1228.20,11,11,8.27,2.70,0,13.70,11.83,1.97,3.47,0.12,1,839.40
P2_iyi_acgozlu_ev,13,1.00,3554.87,1848.80,4789.10,67.26,58.94,1780.77,11.27,11.17,7.63,3.47,0.10,14.77,14.03,1.70,2.80,0.13,0.90,0
P2_iyi_acgozlu_ev,14,1.00,4831.77,2648.80,6500.60,74.24,64.12,1620,11.07,11.03,7.53,3.40,0.03,12.67,11.83,2.23,2.17,0.14,0.93,0
P2_iyi_acgozlu_ev,15,1.00,6695.60,3702.60,8368.30,83.45,71.97,2026.33,12.63,12.53,8.87,3.57,0.10,15.57,13.67,2.17,3.07,0.14,0.80,0
P2_iyi_acgozlu_ev,16,1.00,7944.73,5149.20,9839.70,91.63,82.43,2013.30,12,12,8.53,3.40,0,14.50,13,2.23,2.67,0.14,1,742.90
P2_iyi_acgozlu_noev,1,1.00,576.83,515.00,636.00,14.89,14.40,124,7,7,6.10,0.83,0,5.73,2.07,2.03,0.47,0.18,1,0
P2_iyi_acgozlu_noev,2,1.00,857.73,720.20,999.70,18.49,17.81,275.33,7,7,6.60,0.37,0,6.50,4.27,1.80,1.27,0.17,1,0
P2_iyi_acgozlu_noev,3,1.00,1093.10,949.00,1224.20,22.00,21.16,379.17,7,7,6.40,0.57,0,6.17,5.83,1.77,1.77,0.16,1,0
P2_iyi_acgozlu_noev,4,1.00,394.67,201.00,576.00,25.83,24.22,364.83,8,8,7.23,0.70,0,6.83,5.37,2,1.67,0.15,0.93,644.73
P2_iyi_acgozlu_noev,5,1.00,858.90,655.20,1109.50,29.90,28.34,448.67,8,8,7.10,0.87,0,5.77,6.40,2.63,2.20,0.24,1,0
P2_iyi_acgozlu_noev,6,1.00,1161.70,880.00,1379.80,34.11,32.14,392,9,9,7.83,1.03,0,6.57,5.33,3.07,1.77,0.25,0.97,0
P2_iyi_acgozlu_noev,7,1.00,1263.47,1010.70,1604.20,38.51,36.08,425.50,9,9,7.80,1.13,0,6.40,5.63,2.90,1.57,0.25,1,0
P2_iyi_acgozlu_noev,8,1.00,703.83,472.30,969.60,42.31,39.26,526.73,9,9,7.27,1.70,0,6.33,6.67,2.87,1.67,0.25,1,780
P2_iyi_acgozlu_noev,9,1.00,1466.17,1091.20,1920.90,45.18,41.89,790.57,10,10,6.83,3.13,0,11.60,9.67,2.10,2.50,0.17,0.97,0
P2_iyi_acgozlu_noev,10,1.00,1930.60,1729.00,2213.00,48.64,45.75,955.40,10,10,7.60,2.40,0,12.30,11.30,1.77,3.10,0.13,1,0
P2_iyi_acgozlu_noev,11,1.00,2538.47,2139.20,3043.40,51.78,47.80,1090.27,10,10,7.23,2.73,0,12.77,11.90,1.57,3.27,0.13,1,0
P2_iyi_acgozlu_noev,12,1.00,1750.93,760.40,2730.70,57.97,53.71,1148.33,11,11,7.93,2.90,0,13.80,11.67,2.20,3,0.14,0.90,836.30
P2_iyi_acgozlu_noev,13,1.00,3080.50,2152.60,4143.30,65.68,61.24,1663.47,11,11,8.20,2.70,0,14.03,13.60,1.73,2.77,0.11,0.97,0
P2_iyi_acgozlu_noev,14,1.00,4567.77,2987.40,5536.60,74.58,67.96,1822.57,11,11,8.53,2.40,0,15.40,13.57,1.50,2.77,0.11,0.97,0
P2_iyi_acgozlu_noev,15,1.00,6587.60,4930.00,7424.10,84.48,76.92,2139,12,12,9,2.93,0,15.97,14.60,1.73,3.37,0.12,1,0
P2_iyi_acgozlu_noev,16,1.00,7970.17,6086.90,9763.90,93.48,85.10,2141.97,12,12,8.87,3.07,0,15.97,13.87,1.90,2.70,0.13,1,715.90
P2_iyi_mantikli_ev,1,1.00,584.17,515.00,641.50,14.81,14.40,132,7,7,6,0.97,0,5.63,2.20,2.07,0.43,0.18,1,0
P2_iyi_mantikli_ev,2,1.00,865.97,758.50,989.50,18.42,17.60,280.83,7,7,6.47,0.50,0,6.37,4.37,1.90,1.33,0.17,1,0
P2_iyi_mantikli_ev,3,1.00,975.37,827.30,1172.70,21.91,20.80,377,7,7,6.43,0.57,0,6.13,5.80,1.77,1.73,0.16,1,0
P2_iyi_mantikli_ev,4,1.00,414.23,231.80,629.10,25.75,24.49,431.83,8,8,7.30,0.60,0,6.60,6.37,2.03,1.87,0.14,0.90,644.73
P2_iyi_mantikli_ev,5,1.00,912.97,750.40,1091.60,29.59,27.80,484.87,8.07,8.07,6.83,1.17,0,5.77,6.73,2.80,2.03,0.24,1,0
P2_iyi_mantikli_ev,6,1.00,1144.20,932.30,1378.60,33.50,31.41,375.57,9.23,9.23,7.53,1.67,0,6.40,4.93,3.03,1.30,0.26,0.93,0
P2_iyi_mantikli_ev,7,1.00,1270.80,930.50,1597.70,37.63,34.81,465.13,9.23,9.20,7.77,1.40,0.03,6.93,6.07,2.83,1.57,0.24,0.93,0
P2_iyi_mantikli_ev,8,1.00,613.47,328.50,900.80,42.07,38.31,509.27,9,9,7.47,1.43,0,6.43,6.33,2.90,1.60,0.24,1,780
P2_iyi_mantikli_ev,9,1.00,1370.13,1007.30,1710.80,45.84,41.50,786.73,10.47,10.40,6.70,3.67,0.07,10.97,9.23,2.47,2.33,0.18,0.80,0
P2_iyi_mantikli_ev,10,1.00,1874.30,1536.00,2370.00,50.02,44.16,922.93,10.17,10.07,7.27,2.70,0.10,12.10,10.23,1.90,2.73,0.13,0.87,0
P2_iyi_mantikli_ev,11,1.00,2525.60,2014.20,3214.30,54.63,47.43,1183.93,10.20,10.20,7.80,2.33,0,13.57,11.77,1.73,3.40,0.12,0.87,0
P2_iyi_mantikli_ev,12,1.00,2343.37,1394.20,3844.30,61.70,52.81,1425.07,11,11,8.17,2.77,0,13.97,12.93,1.70,3.73,0.11,1,885.43
P2_iyi_mantikli_ev,13,1.00,3657.57,2261.50,5560.10,69.94,59.66,1791.60,11.27,11.20,8.47,2.70,0.07,14.60,14.03,1.77,2.87,0.11,0.87,0
P2_iyi_mantikli_ev,14,1.00,5157.40,3380.20,6648.10,78.20,67.59,1852.33,11.07,11.03,7.77,3.20,0.03,14.07,12.93,2.07,2.67,0.11,0.97,0
P2_iyi_mantikli_ev,15,1.00,7329.27,5468.50,8666.20,87.93,78.10,2327.90,12.63,12.43,9.47,2.87,0.20,16.43,15.03,1.73,3.37,0.12,0.80,0
P2_iyi_mantikli_ev,16,1.00,8924.23,7094.30,10293.50,95.11,86.89,2302.43,12,12,9,2.93,0,15.30,14.33,1.93,3.07,0.11,1,698.43
P2_iyi_mantikli_noev,1,1.00,576.83,515.00,636.00,14.89,14.40,124,7,7,6.10,0.83,0,5.73,2.07,2.03,0.47,0.18,1,0
P2_iyi_mantikli_noev,2,1.00,857.73,720.20,999.70,18.49,17.81,275.33,7,7,6.60,0.37,0,6.50,4.27,1.80,1.27,0.17,1,0
P2_iyi_mantikli_noev,3,1.00,975.50,820.60,1150.20,22.00,21.16,379.17,7,7,6.40,0.57,0,6.17,5.83,1.77,1.77,0.16,1,0
P2_iyi_mantikli_noev,4,1.00,449.70,231.80,656.10,25.83,24.22,481.83,8,8,7.20,0.67,0,6.23,7.07,2.03,2.27,0.14,0.93,644.73
P2_iyi_mantikli_noev,5,1.00,921,674.70,1178.50,29.63,28.19,455.33,8,8,6.80,1.17,0,5.80,6.50,2.60,2,0.22,1,0
P2_iyi_mantikli_noev,6,1.00,1111.10,867.50,1308.30,33.38,31.59,362.67,9,9,7.23,1.63,0,6.03,4.97,2.90,1.27,0.27,1,0
P2_iyi_mantikli_noev,7,1.00,1214.90,998.10,1562.80,37.60,35.64,379,9,9,7.67,1.30,0,6.40,5.03,2.90,1.10,0.25,1,0
P2_iyi_mantikli_noev,8,1.00,562.47,318.00,819.90,41.93,39.68,482.37,9,9,7.37,1.53,0,6.57,6.13,2.80,1.50,0.24,1,780
P2_iyi_mantikli_noev,9,1.00,1331.43,1032.90,1707.50,45.82,43.04,772.43,10,10,6.80,3.13,0,11.13,9.10,2.17,2.27,0.17,1,0
P2_iyi_mantikli_noev,10,1.00,1787.23,1443.80,2058.80,49.88,46.23,870.40,10,10,7.23,2.73,0,12.17,10.07,1.90,2.80,0.13,0.97,0
P2_iyi_mantikli_noev,11,1.00,2416.87,1837.90,3046.10,54.84,49.37,1101.77,10,10,7.93,2.03,0,12.80,11.40,1.67,3.20,0.11,1,0
P2_iyi_mantikli_noev,12,1.00,2093.13,1074.10,2905.50,60.84,52.86,1326.93,11,11,7.57,3.33,0,14.50,12.73,1.97,3.70,0.13,0.90,863.27
P2_iyi_mantikli_noev,13,1.00,3142.07,2087.80,4010.70,68.44,59.77,1587.73,11,11,8,2.93,0,13.63,13.37,1.77,2.73,0.12,1,0
P2_iyi_mantikli_noev,14,1.00,4511.93,3313.70,5932.40,76.98,67.61,1708.57,11,11,8,2.90,0,14.20,12.77,1.63,2.50,0.13,1,0
P2_iyi_mantikli_noev,15,1.00,6464.67,5158.90,8088.00,85.87,76.52,2118.63,12,12,9,2.87,0,16.17,14.23,1.60,3.33,0.13,1,0
P2_iyi_mantikli_noev,16,1.00,7884.80,6249.50,10331.90,93.46,85.53,2211.43,12,12,8.57,3.33,0,14.73,14.17,2.07,3.17,0.13,1,727.23
P3_zayif_hic_ev,1,1.00,797.83,702.50,870.00,14.49,13.96,90,8,8,6.43,0.97,0,4.67,1.20,1.17,0.10,0.23,0.70,0
P3_zayif_hic_ev,2,1.00,995.40,854.50,1120.70,16.79,15.84,211.17,8,7.90,6.23,0.93,0.10,4.77,2.73,0.83,0.40,0.24,0.43,0
P3_zayif_hic_ev,3,1.00,1195.83,958.50,1400.20,18.87,17.66,229.33,8,7.93,6,1.17,0.07,4.43,2.87,0.83,0.30,0.22,0.60,0
P3_zayif_hic_ev,4,1.00,307.73,57.70,548.70,21.08,19.38,277.33,8,8,6.40,1.10,0,4.53,3.47,0.77,0.30,0.20,0.77,1140
P3_zayif_hic_ev,5,1.00,544.83,157.30,885.00,23.33,21.69,260.07,9.07,9.03,6.43,1.53,0.03,4.17,3.13,1.17,0.37,0.31,0.13,0
P3_zayif_hic_ev,6,1.00,813.03,428.80,1194.40,25.50,23.00,256.90,9.23,9.13,6.47,2,0.10,4.33,3,1.47,0.37,0.31,0.33,0
P3_zayif_hic_ev,7,1.00,1086.17,809.50,1518.80,27.90,25.24,283.17,9.23,9.10,6.83,1.77,0.13,4.50,3.30,1.33,0.63,0.29,0.50,0
P3_zayif_hic_ev,8,1.00,253.37,139.90,413.90,30.59,27.75,245,10,9.90,7.53,1.77,0.10,5.03,2.87,1.43,0.27,0.29,0.33,1052.10
P3_zayif_hic_ev,9,1.00,505.03,317.20,702.60,31.96,29.79,287.43,10.47,10.13,6.43,3.17,0.33,6.80,3.37,0.83,0.30,0.18,0.40,0
P3_zayif_hic_ev,10,1.00,817.53,509.00,1119.70,33.15,30.30,345,10.17,10,6.13,3.37,0.17,7.33,3.97,0.53,0.47,0.14,0.60,0
P3_zayif_hic_ev,11,1.00,1144.53,675.50,1500.00,34.52,30.86,354.50,11.20,10.80,6.90,3.47,0.40,8.50,4.10,0.60,0.53,0.14,0.43,0
P3_zayif_hic_ev,12,1.00,620.60,134.70,1369.70,36.24,32.63,397.83,11,11,7.17,3.13,0,8.03,4.43,0.77,0.53,0.13,0.83,877.43
P3_zayif_hic_ev,13,0.63,766.47,489.60,1177.20,38.18,35.37,534.11,12.32,11.84,8,3.26,0.47,9.05,5.79,0.37,0.32,0.12,0.11,0
P3_zayif_hic_ev,14,0.63,1332,1048.40,1738.60,39.57,36.22,615.26,11.95,11.95,7.42,3.47,0,9.05,6.58,0.42,0.79,0.10,0.32,0
P3_zayif_hic_ev,15,0.63,1913.95,1533.40,2325.80,41.21,37.40,602,12.42,12.05,7.95,3.68,0.37,9.37,6.32,0.53,0.74,0.09,0.63,0
P3_zayif_hic_ev,16,0.63,592.47,147.60,1255.20,43.52,39.87,587.63,13,12.95,9.11,3,0.05,10.68,6.26,0.32,0.79,0.08,0.37,1866.32
P3_zayif_hic_noev,1,1.00,797.17,709.50,870.00,14.50,14.00,87.50,8,8,6.47,0.97,0,4.87,1.17,1.10,0.07,0.24,0.67,0
P3_zayif_hic_noev,2,1.00,1014.53,880.70,1119.50,16.82,16.02,232,8,7.97,6.13,1,0.03,4.73,3,0.90,0.40,0.23,0.47,0
P3_zayif_hic_noev,3,1.00,1238.37,1007.80,1466.60,18.95,17.79,253.33,8,7.90,6.07,1.03,0.10,4.43,3.17,0.80,0.27,0.23,0.47,0
P3_zayif_hic_noev,4,1.00,366.37,77.80,649.20,21.09,19.55,282.83,8,8,6.30,1.20,0,4.67,3.53,0.83,0.47,0.20,0.77,1130.53
P3_zayif_hic_noev,5,1.00,574.07,275.20,884.10,23.47,21.31,239.33,9,8.90,6.53,1.50,0.10,4.17,2.97,1.40,0.40,0.32,0.13,0
P3_zayif_hic_noev,6,1.00,770.37,419.70,1111.70,25.67,23.67,220.67,9,9,6.57,1.87,0,4.43,2.67,1.40,0.27,0.30,0.43,0
P3_zayif_hic_noev,7,1.00,988.83,615.50,1367.80,28.00,25.32,251.83,9,9,6.90,1.63,0,4.30,2.97,1.13,0.43,0.29,0.70,0
P3_zayif_hic_noev,8,1.00,210.27,106.70,258.90,30.70,27.42,229,10,10,7.57,1.97,0,5.13,2.67,1.53,0.30,0.29,0.50,983.23
P3_zayif_hic_noev,9,0.97,503.14,244.80,714.60,32.46,28.90,330.52,10,10,6.41,2.93,0,6.83,3.76,0.86,0.45,0.20,0.52,0
P3_zayif_hic_noev,10,0.97,760.28,525.60,971.80,34.03,30.60,298.45,10,10,6.83,2.76,0,8.10,3.38,0.41,0.38,0.12,0.72,0
P3_zayif_hic_noev,11,0.97,1108.72,618.80,1491.20,35.68,31.10,385.34,11,10.97,7.14,3.03,0.03,8.79,4.31,0.55,0.69,0.12,0.31,0
P3_zayif_hic_noev,12,0.97,645.41,154.80,1381.80,37.50,33.02,378.45,11,11,7.55,2.93,0,8.38,4.21,0.48,0.34,0.11,0.90,792.48
P3_zayif_hic_noev,13,0.57,651,383.60,880.20,40.36,37.06,414.71,12,11.82,8,3.18,0.18,8.59,4.53,0.76,0.47,0.12,0.29,0
P3_zayif_hic_noev,14,0.57,1204.41,972.00,1534.80,42.16,38.25,588.53,12,11.88,7.88,3.29,0.12,9.47,6.29,0.35,0.41,0.09,0.41,0
P3_zayif_hic_noev,15,0.57,1783.12,1462.40,2221.40,44.10,40.38,615,12,12,8,3.41,0,9.12,6.53,0.59,0.82,0.10,0.82,0
P3_zayif_hic_noev,16,0.57,524.53,116.60,891.00,46.67,42.64,598.82,13,12.88,9.53,2.65,0.12,9.82,6.24,0.29,0.41,0.08,0.24,1793.88
P3_zayif_acgozlu_ev,1,1.00,607.50,522.50,681.00,14.30,13.76,87.50,8,7.97,6.07,1.07,0.03,4.67,1.17,1.27,0,0.24,0.73,0
P3_zayif_acgozlu_ev,2,1.00,780.23,662.20,914.30,16.57,15.62,196,8,7.90,6.23,1.03,0.10,4.60,2.53,0.93,0.30,0.23,0.43,0
P3_zayif_acgozlu_ev,3,1.00,1037.17,829.50,1214.80,18.71,17.68,279.33,8,7.80,6.13,1.17,0.20,4.33,3.50,0.73,0.47,0.22,0.50,0
P3_zayif_acgozlu_ev,4,1.00,182.37,66.00,268.90,20.87,19.42,234.67,8,8,6.37,1.23,0,4.30,2.93,0.77,0.17,0.21,0.80,1038.53
P3_zayif_acgozlu_ev,5,1.00,445.47,249.50,649.70,23.24,21.94,281.10,9.07,8.90,6.70,1.57,0.17,4.47,3.40,1.20,0.37,0.28,0.20,0
P3_zayif_acgozlu_ev,6,1.00,675.50,398.80,887.20,25.63,22.94,228.17,9.23,9.10,6.93,1.80,0.13,4.37,2.63,1.27,0.27,0.30,0.40,0
P3_zayif_acgozlu_ev,7,1.00,929.33,649.80,1197.80,27.90,25.14,252.33,9.23,9.13,6.47,2.17,0.10,4.17,2.90,1.60,0.33,0.31,0.53,0
P3_zayif_acgozlu_ev,8,1.00,395.23,71.00,1175.30,29.98,26.52,269.67,10,9.93,7.47,1.93,0.07,5.33,3.17,1.23,0.43,0.31,0.43,781.33
P3_zayif_acgozlu_ev,9,1.00,642.33,268.00,1257.90,31.00,27.23,289.57,10.47,10.07,6.07,3.47,0.40,6.93,3.40,0.83,0.27,0.17,0.53,0
P3_zayif_acgozlu_ev,10,1.00,938.20,615.70,1492.40,32.06,27.95,323.70,10.17,9.93,5.93,3.53,0.23,7.03,3.77,0.73,0.43,0.16,0.60,0
P3_zayif_acgozlu_ev,11,1.00,1252.40,889.90,1842.70,33.76,29.38,347.40,11.20,10.80,7.27,2.90,0.40,8.67,4.03,0.60,0.50,0.13,0.27,0
P3_zayif_acgozlu_ev,12,1.00,742.73,117.00,1517.70,34.62,30.20,416.67,11,11,7.23,3.20,0,8.37,4.67,0.70,0.53,0.13,0.83,843.50
P3_zayif_acgozlu_ev,13,1.00,1247.77,540.10,2011.30,36.65,32.36,539.37,12.27,11.70,8.07,3,0.57,8.77,6.03,0.50,0.67,0.10,0.20,0
P3_zayif_acgozlu_ev,14,1.00,1736.60,1088.20,2661.20,38.65,34.48,559.30,12.07,11.90,8.30,3.10,0.17,8.87,6.03,0.60,0.40,0.09,0.33,0
P3_zayif_acgozlu_ev,15,1.00,2132.53,1597.70,2843.70,40.19,35.37,564.40,12.63,12.17,7.87,3.57,0.47,9.33,5.97,0.60,0.50,0.09,0.60,0
P3_zayif_acgozlu_ev,16,1.00,644.07,314.40,1081.40,42.60,36.97,625.17,13,12.97,9.37,3.17,0.03,10.37,6.70,0.30,0.70,0.08,0.40,1790.67
P3_zayif_acgozlu_noev,1,1.00,606.17,522.50,681.00,14.29,13.78,87.50,8,7.97,6.10,1.03,0.03,4.60,1.17,1.17,0,0.25,0.63,0
P3_zayif_acgozlu_noev,2,1.00,832.03,737.30,947.70,16.56,15.31,240.33,8,7.93,6.13,1.03,0.07,4.63,3.10,0.87,0.40,0.24,0.40,0
P3_zayif_acgozlu_noev,3,1.00,1038.63,782.70,1240.00,18.73,17.63,242.17,8,7.83,6.27,1.23,0.17,4.57,3.03,0.83,0.40,0.22,0.50,0
P3_zayif_acgozlu_noev,4,1.00,190,55.70,317.50,20.97,19.55,258.67,8,8,6.37,1.10,0,4.30,3.23,0.77,0.27,0.22,0.70,1032.20
P3_zayif_acgozlu_noev,5,1.00,405.77,200.80,629.20,23.55,21.94,242,9,8.93,6.97,1.47,0.07,4.57,3,1.20,0.40,0.28,0.27,0
P3_zayif_acgozlu_noev,6,1.00,605.80,367.70,850.90,25.82,23.90,221.83,9,9,6.63,2.13,0,4.37,2.67,1.30,0.40,0.32,0.47,0
P3_zayif_acgozlu_noev,7,1.00,844.90,584.50,1160.20,27.93,25.48,257.17,9,9,6.43,1.93,0,4.20,3.03,1.17,0.23,0.28,0.87,0
P3_zayif_acgozlu_noev,8,1.00,447.43,145.00,1150.30,30.31,26.33,236.50,10,10,7.87,1.63,0,5.60,2.77,1.43,0.17,0.30,0.33,616.57
P3_zayif_acgozlu_noev,9,1.00,708.03,279.20,1436.60,31.60,27.84,287.33,10,9.97,6,3.30,0.03,6.90,3.30,0.97,0.47,0.20,0.50,0
P3_zayif_acgozlu_noev,10,1.00,1078.73,552.40,1767.20,33.12,28.98,390.17,10,10,6.37,2.97,0,7.23,4.43,0.70,0.53,0.16,0.80,0
P3_zayif_acgozlu_noev,11,1.00,1446.43,969.80,1995.70,34.75,30.03,402.67,11,10.97,6.97,3.27,0.03,8.80,4.53,0.77,0.60,0.13,0.30,0
P3_zayif_acgozlu_noev,12,1.00,795.47,207.40,1540.10,35.41,31.93,424.50,11,11,6.83,3.73,0,8,4.73,0.87,0.83,0.15,0.87,941.47
P3_zayif_acgozlu_noev,13,0.97,1260.69,564.20,2040.60,37.60,33.86,532.76,12,11.97,7.97,2.90,0.03,9,5.90,0.62,0.72,0.11,0.24,0
P3_zayif_acgozlu_noev,14,0.97,1784.10,1076.20,2497.80,39.51,34.95,602.41,12,12,8.10,3.38,0,9.34,6.59,0.55,0.66,0.11,0.45,0
P3_zayif_acgozlu_noev,15,0.97,2202.10,1675.80,2675.80,41.28,36.33,607.59,12,12,7.86,3.59,0,9.59,6.55,0.48,0.76,0.09,0.69,0
P3_zayif_acgozlu_noev,16,0.97,750.14,352.80,1377.60,43.34,38.77,643.76,13,12.97,9.14,3.07,0.03,10.10,6.79,0.41,0.72,0.08,0.38,1716.55
P3_zayif_mantikli_ev,1,1.00,797.83,702.50,870.00,14.49,13.96,90,8,8,6.43,0.97,0,4.67,1.20,1.17,0.10,0.23,0.70,0
P3_zayif_mantikli_ev,2,1.00,995.40,854.50,1120.70,16.79,15.84,211.17,8,7.90,6.23,0.93,0.10,4.77,2.73,0.83,0.40,0.24,0.43,0
P3_zayif_mantikli_ev,3,1.00,1186.10,958.50,1377.20,18.87,17.66,234.67,8,7.93,6,1.17,0.07,4.50,2.93,0.83,0.20,0.22,0.60,0
P3_zayif_mantikli_ev,4,1.00,200.70,57.70,312.10,20.96,19.19,288,8,8,6.13,1.20,0,4.33,3.60,0.87,0.30,0.21,0.77,1131.67
P3_zayif_mantikli_ev,5,1.00,417.40,157.30,643.70,23.39,21.40,240.27,9.07,9,6.73,1.53,0.07,4.37,2.90,1.33,0.33,0.30,0.13,0
P3_zayif_mantikli_ev,6,1.00,636.10,426.10,847.10,25.72,23.00,219.17,9.23,9.13,6.77,1.80,0.10,4.60,2.53,1.40,0.40,0.30,0.43,0
P3_zayif_mantikli_ev,7,1.00,918.67,620.00,1123.00,27.84,25.24,289.83,9.23,9.10,6.33,1.97,0.13,4.17,3.37,1.37,0.50,0.32,0.50,0
P3_zayif_mantikli_ev,8,1.00,227.37,151.60,264.10,30.49,27.75,208.33,10,10,7.47,1.97,0,4.73,2.43,1.43,0.20,0.32,0.43,874.03
P3_zayif_mantikli_ev,9,0.97,469.14,282.40,651.60,31.90,29.78,286.97,10.48,10.10,6.34,2.97,0.38,7,3.38,0.86,0.45,0.20,0.48,0
P3_zayif_mantikli_ev,10,0.97,789.24,553.60,1065.60,33.30,30.20,357.45,10.24,9.97,6.41,2.76,0.28,7.79,4.10,0.45,0.48,0.16,0.52,0
P3_zayif_mantikli_ev,11,0.97,1085.17,674.80,1355.40,34.80,30.18,335.76,11.21,10.90,7.07,3.17,0.31,8.55,3.90,0.69,0.48,0.15,0.45,0
P3_zayif_mantikli_ev,12,0.97,869.31,116.20,1500.40,36.34,32.31,429.31,11,11,7.14,3.17,0,8.21,4.79,0.66,0.69,0.13,0.86,601.24
P3_zayif_mantikli_ev,13,0.43,772,428.80,1084.80,38.68,35.90,530.85,11.85,11.77,8,3.31,0.08,8.31,5.69,1,0.31,0.13,0.38,0
P3_zayif_mantikli_ev,14,0.43,1271.31,820.60,1591.20,40.06,36.96,565.38,12,11.92,7.54,3.23,0.08,9.46,5.92,0.46,0.62,0.09,0.38,0
P3_zayif_mantikli_ev,15,0.43,1861,1432.40,2319.60,41.65,37.64,636.38,12.85,12.31,8.08,3.77,0.54,9.85,6.54,0.46,0.62,0.09,0.46,0
P3_zayif_mantikli_ev,16,0.43,651.46,163.80,1843.20,43.96,40.69,482.31,13,12.92,9.23,3.08,0.08,10.31,5.15,0.31,0.46,0.08,0.54,1515.38
P3_zayif_mantikli_noev,1,1.00,797.17,709.50,870.00,14.50,14.00,87.50,8,8,6.47,0.97,0,4.87,1.17,1.10,0.07,0.24,0.67,0
P3_zayif_mantikli_noev,2,1.00,1014.53,880.70,1119.50,16.82,16.02,232,8,7.97,6.13,1,0.03,4.73,3,0.90,0.40,0.23,0.47,0
P3_zayif_mantikli_noev,3,1.00,1234.90,1007.80,1466.60,19.06,17.79,258.67,8,7.93,6.20,1.03,0.07,4.53,3.23,0.83,0.27,0.22,0.43,0
P3_zayif_mantikli_noev,4,1.00,210.47,77.80,300.30,21.13,19.06,282.83,8,8,6.17,1.10,0,4.53,3.53,0.77,0.37,0.20,0.70,1122.20
P3_zayif_mantikli_noev,5,1.00,429.40,162.70,656.90,23.64,21.19,242.50,9,8.90,6.80,1.43,0.10,4.47,3,1.27,0.33,0.30,0.20,0
P3_zayif_mantikli_noev,6,1.00,635.30,397.20,893.30,26.16,24.15,226.17,9,9,6.83,1.60,0,4.50,2.70,1.53,0.37,0.29,0.50,0
P3_zayif_mantikli_noev,7,1.00,849.43,452.50,1267.20,28.43,25.73,246.17,9,9,6.83,1.80,0,4.10,2.90,1.10,0.27,0.30,0.83,0
P3_zayif_mantikli_noev,8,1.00,242.20,116.20,278.90,30.90,27.51,277,10,9.97,7.40,2.20,0.03,5.10,3.20,1.37,0.33,0.32,0.53,854.17
P3_zayif_mantikli_noev,9,0.93,473.11,271.00,680.10,32.24,28.24,315.54,10,10,5.89,3.61,0,6.96,3.61,1.18,0.50,0.20,0.75,0
P3_zayif_mantikli_noev,10,0.93,784.18,567.40,1092.70,33.65,29.68,337.68,10,10,6.36,3.07,0,7.89,3.82,0.64,0.50,0.16,0.68,0
P3_zayif_mantikli_noev,11,0.93,1100.89,730.90,1491.20,35.36,32.08,348.75,11,10.96,6.96,2.89,0.04,8.39,3.89,0.86,0.61,0.16,0.54,0
P3_zayif_mantikli_noev,12,0.93,712.14,121.80,1439.40,37.22,33.59,410.71,11,11,7.32,3.21,0,8.43,4.57,0.86,0.57,0.13,0.86,750.86
P3_zayif_mantikli_noev,13,0.50,633.87,382.60,970.00,40.26,37.52,428.33,12,11.93,8,3.27,0.07,8.80,4.67,0.87,0.40,0.12,0.33,0
P3_zayif_mantikli_noev,14,0.50,1184.33,884.60,1506.60,42.49,40.08,580.67,12,11.93,8.27,2.60,0.07,10.07,6.20,0.47,0.80,0.09,0.53,0
P3_zayif_mantikli_noev,15,0.50,1675.67,1265.40,2143.80,44.64,41.17,546,12,12,8.33,2.87,0,9.53,5.73,0.53,0.80,0.10,0.93,0
P3_zayif_mantikli_noev,16,0.50,784.60,255.00,1839.80,47.20,43.77,653.33,13,13,9.47,2.73,0,9.93,6.80,0.33,0.53,0.07,0.47,1416.47
P3_orta_hic_ev,1,1.00,871.50,720.00,1015.50,15.68,15.20,159.50,8,8,7.43,0.30,0,6.93,2.10,2.30,0.20,0.22,1,0
P3_orta_hic_ev,2,1.00,1244,1086.20,1390.50,19.42,18.60,382.83,8,8,7.37,0.43,0,6.50,4.80,2.10,1.13,0.20,0.90,0
P3_orta_hic_ev,3,1.00,1696.93,1519.00,1861.20,23.26,22.33,451.83,8,8,7.23,0.47,0,6.50,5.63,2.17,1.20,0.18,0.93,0
P3_orta_hic_ev,4,1.00,1002.97,770.20,1273.50,27.08,25.76,448.33,8,8,7.27,0.53,0,6.50,5.33,2.13,1.07,0.18,0.97,1140
P3_orta_hic_ev,5,1.00,1541.83,1276.30,1821.30,31.01,29.39,544.43,9.07,9.07,7.77,0.90,0,5.83,6.20,2.67,1.37,0.23,0.87,0
P3_orta_hic_ev,6,1.00,1948.33,1533.60,2272.20,34.58,32.76,379.73,9.23,9.23,7.20,1.77,0,5.47,4.10,3.13,0.73,0.24,0.97,0
P3_orta_hic_ev,7,1.00,2348.90,2006.00,2681.60,38.51,36.48,387.10,9.23,9.23,7.67,1.27,0,6.13,4.23,2.93,0.67,0.25,0.90,0
P3_orta_hic_ev,8,1.00,1430.93,1035.20,1788.10,42.87,40.98,459.33,10,10,8.50,1.20,0,6.40,4.90,3.30,0.97,0.24,0.97,1368
P3_orta_hic_ev,9,1.00,1927.87,1525.10,2446.90,46.04,44.16,502.63,10.47,10.30,7.43,2.60,0.17,9.50,5.37,2.57,1,0.16,0.77,0
P3_orta_hic_ev,10,1.00,2523.73,1990.20,2909.80,49.45,47.07,605.40,10.17,10.07,7.60,2.23,0.10,10.23,6.23,2.53,1.30,0.12,0.73,0
P3_orta_hic_ev,11,1.00,3243.97,2731.10,3727.00,53.39,50.85,721.27,11.20,11.10,8.70,2.13,0.10,11.07,7.43,2.67,1.57,0.12,0.80,0
P3_orta_hic_ev,12,1.00,2380.47,1824.80,2894.90,56.64,54.20,798.33,11,11,8.03,2.63,0,12.07,7.80,2.37,1.83,0.10,1,1642
P3_orta_hic_ev,13,1.00,3341.23,2573.40,4115.60,60.17,56.90,976.30,12.27,12.10,9.07,2.60,0.17,12.53,9.33,2.27,1.63,0.12,0.70,0
P3_orta_hic_ev,14,1.00,4285.73,3413.30,5171.40,63.93,60.12,975.03,12.07,12.03,9.13,2.50,0.03,12.07,9,2.80,1.50,0.13,0.90,0
P3_orta_hic_ev,15,1.00,5303.43,4465.50,5995.20,67.58,62.93,1026.17,12.63,12.33,9.20,2.83,0.30,12.87,9.30,2.57,1.80,0.11,0.73,0
P3_orta_hic_ev,16,1.00,4332.93,3446.60,5371.20,71.30,66.60,1021.50,13,13,9.23,3.43,0,13,9.17,3.17,1.57,0.10,0.90,1970
P3_orta_hic_noev,1,1.00,866.50,720.00,961.50,15.66,15.04,158.83,8,8,7.43,0.33,0,6.87,2.10,2.30,0.27,0.22,1,0
P3_orta_hic_noev,2,1.00,1224.37,1074.50,1388.00,19.38,18.59,372,8,8,7.30,0.40,0,6.57,4.67,2.10,1,0.20,0.93,0
P3_orta_hic_noev,3,1.00,1655.50,1452.30,1822.30,23.29,22.08,431.17,8,8,7.37,0.40,0,6.60,5.37,2.07,1.10,0.18,0.97,0
P3_orta_hic_noev,4,1.00,956.67,697.10,1272.50,27.00,25.70,450.50,8,8,7.13,0.70,0,6.23,5.33,2.27,1.13,0.18,0.97,1140
P3_orta_hic_noev,5,1.00,1408.10,1159.70,1782.50,30.82,29.18,466.50,9,9,7.47,1.10,0,5.47,5.47,3,1.07,0.24,0.80,0
P3_orta_hic_noev,6,1.00,1748.37,1482.50,2081.80,34.30,32.19,345.83,9,9,7.10,1.67,0,5.57,3.90,2.90,0.67,0.24,1,0
P3_orta_hic_noev,7,1.00,2127.57,1703.30,2460.60,37.86,35.30,396.83,9,9,7.47,1.23,0,6.23,4.40,2.60,0.83,0.24,1,0
P3_orta_hic_noev,8,1.00,1213.53,720.80,1611.50,42.10,39.16,461.50,10,10,8.37,1.37,0,6.57,4.97,3.17,1.03,0.24,0.97,1368
P3_orta_hic_noev,9,1.00,1751.30,1306.50,2187.80,45.36,42.60,549,10,10,7.50,2.30,0,9.53,5.77,2.60,1.17,0.16,0.93,0
P3_orta_hic_noev,10,1.00,2344.77,1746.40,2896.40,48.48,44.78,597.50,10,10,7.13,2.33,0,10.03,6.13,2.43,1.47,0.13,0.93,0
P3_orta_hic_noev,11,1.00,3077.83,2497.00,3707.60,52.17,48.12,755.50,11,11,8.53,2.23,0,11.97,7.63,2.57,1.37,0.13,0.77,0
P3_orta_hic_noev,12,1.00,2155.67,1423.70,2636.50,55.71,51.64,733.50,11,11,8.23,2.43,0,11.13,7.20,2.60,1.53,0.13,1,1642
P3_orta_hic_noev,13,1.00,2957.53,2274.50,3595.00,59.58,55.84,840.83,12,12,9.17,2.50,0,12.43,8.10,2.97,1.40,0.12,0.80,0
P3_orta_hic_noev,14,1.00,3958.20,3235.10,4533.80,63.80,60.31,1029.17,12,12,9.70,2.17,0,12.70,9.67,2.60,1.70,0.10,0.93,0
P3_orta_hic_noev,15,1.00,5031.77,4356.20,5434.20,67.25,63.38,1105.67,12,12,8.97,2.90,0,13.77,10.17,2.27,1.90,0.09,0.93,0
P3_orta_hic_noev,16,1.00,4131.23,3384.70,4694.90,71.12,66.28,1092.17,13,13,9.50,3.03,0,14.17,9.80,2.80,1.90,0.11,0.80,1970
P3_orta_acgozlu_ev,1,1.00,653.50,531.00,762.00,15.52,14.94,131.33,8,8,7.17,0.43,0,6.43,1.73,2.40,0.10,0.21,1,0
P3_orta_acgozlu_ev,2,1.00,981.83,708.50,1172.30,19.19,18.32,337.67,8,8,7.13,0.53,0,6.63,4.23,2.33,0.83,0.20,0.87,0
P3_orta_acgozlu_ev,3,1.00,1441.90,1268.60,1594.30,22.90,21.96,504.67,8,8,7.40,0.47,0,6.47,6.30,1.90,1.27,0.17,0.97,0
P3_orta_acgozlu_ev,4,1.00,439.47,267.60,646.30,26.70,25.54,435.83,8,8,7.30,0.57,0,6.40,5.17,2.10,1.13,0.17,1,1140
P3_orta_acgozlu_ev,5,1.00,938.33,661.60,1195.30,30.91,29.64,498.73,9.07,9.07,7.87,0.93,0,6.17,5.70,2.97,1.10,0.25,0.87,0
P3_orta_acgozlu_ev,6,1.00,1373.43,1083.40,1821.90,35.00,32.36,436.80,9.23,9.23,7.80,1.23,0,5.83,4.77,3.20,0.83,0.24,0.90,0
P3_orta_acgozlu_ev,7,1.00,1700.20,1379.40,2062.00,39.14,36.48,420.63,9.23,9.23,7.90,1.13,0,6.20,4.57,3,0.90,0.24,0.93,0
P3_orta_acgozlu_ev,8,1.00,474,173.10,776.50,43.64,40.23,479,10,10,8.40,1.37,0,6.47,5.10,3.57,1.27,0.25,1,1368
P3_orta_acgozlu_ev,9,1.00,1033,653.60,1336.00,47.23,44.34,562.80,10.47,10.37,7.80,2.23,0.10,11.03,6,2.40,1.13,0.17,0.73,0
P3_orta_acgozlu_ev,10,1.00,1685.80,1271.40,2165.70,50.41,47.34,689.40,10.17,10.07,7.13,2.57,0.10,10.57,7.03,2.53,1.73,0.15,0.93,0
P3_orta_acgozlu_ev,11,1.00,2339.20,1992.30,2736.30,54.29,49.47,858.13,11.20,11.17,8.50,2.40,0.03,12.53,8.77,2.37,1.90,0.16,0.77,0
P3_orta_acgozlu_ev,12,1.00,1015.33,614.00,1444.10,58.76,53.87,923.33,11,11,8.67,2.03,0,13.03,8.90,2,2.10,0.13,0.97,1612.30
P3_orta_acgozlu_ev,13,1.00,2263.43,1762.70,2748.00,64.47,57.24,1273.83,12.27,12.07,8.90,2.67,0.20,13.90,11.43,2.33,2.27,0.14,0.77,0
P3_orta_acgozlu_ev,14,1.00,3122,2705.00,3645.00,70.11,60.78,1294,12.07,11.93,9.13,2.53,0.13,13.77,11.10,2.23,1.90,0.14,0.87,0
P3_orta_acgozlu_ev,15,1.00,3658.10,2803.10,4529.20,75.61,64.53,1407,12.63,12.60,8.97,3.23,0.03,13.80,11.07,2.50,1.90,0.14,0.83,0
P3_orta_acgozlu_ev,16,1.00,2894.97,1426.70,4210.70,80.98,69.97,1622.70,13,13,8.83,3.87,0,13.93,11.57,3,1.37,0.14,0.97,1708.80
P3_orta_acgozlu_noev,1,1.00,649.50,531.00,817.00,15.66,15.14,130.83,8,8,7.43,0.27,0,6.53,1.73,2.30,0.10,0.21,1,0
P3_orta_acgozlu_noev,2,1.00,991.93,817.30,1185.50,19.35,18.56,349,8,8,7.20,0.53,0,6.70,4.37,2.23,0.73,0.20,0.90,0
P3_orta_acgozlu_noev,3,1.00,1419.83,1217.30,1585.30,23.12,21.96,474.17,8,8,7.33,0.47,0,6.53,5.90,2.03,1.07,0.18,0.97,0
P3_orta_acgozlu_noev,4,1.00,425.87,246.50,617.40,26.85,25.47,434.33,8,8,7.23,0.53,0,6.07,5.13,2.07,1.23,0.18,1,1140
P3_orta_acgozlu_noev,5,1.00,898.23,660.70,1123.00,30.91,29.64,475,9,9,7.77,0.83,0,5.97,5.57,2.73,1.20,0.25,1,0
P3_orta_acgozlu_noev,6,1.00,1319.43,1033.20,1707.40,34.68,33.19,432.50,9,9,7.33,1.33,0,5.73,4.87,3.07,1.17,0.24,1,0
P3_orta_acgozlu_noev,7,1.00,1632.93,1442.40,1938.20,38.88,36.96,378.50,9,9,7.83,0.90,0,6.33,4.17,3,0.57,0.23,1,0
P3_orta_acgozlu_noev,8,1.00,469.23,232.20,787.20,43.10,40.30,477.17,10,10,8.43,1.43,0,6.50,5.10,3.37,1.13,0.23,1,1356.97
P3_orta_acgozlu_noev,9,1.00,1089.33,652.60,1335.90,46.47,44.06,627.83,10,10,7.63,2.30,0,10.50,6.57,2.33,1.43,0.15,0.93,0
P3_orta_acgozlu_noev,10,1.00,1777.07,1232.90,2233.90,49.60,46.20,708.67,10,10,7.20,2.50,0,10.27,7.23,2.37,1.63,0.14,1,0
P3_orta_acgozlu_noev,11,1.00,2325.63,1959.80,2662.70,53.46,48.84,783.50,11,11,8.67,2.13,0,12.53,7.83,2.43,1.83,0.13,0.97,0
P3_orta_acgozlu_noev,12,1.00,943.33,455.30,1386.80,57.37,52.66,848.83,11,11,8.40,2.30,0,12.20,8.17,2.30,1.83,0.14,1,1623.10
P3_orta_acgozlu_noev,13,1.00,2193.87,1572.60,2758.30,62.78,55.36,1278.27,12,12,9.07,2.43,0,13.77,11.40,2.43,2.13,0.13,0.83,0
P3_orta_acgozlu_noev,14,1.00,3107.27,2749.30,3510.80,67.80,58.66,1279.10,12,12,8.90,2.73,0,14.03,11.10,2.13,1.80,0.14,1,0
P3_orta_acgozlu_noev,15,1.00,3631.73,2858.40,4412.50,72.44,62.35,1263.73,12,12,8.23,3.30,0,12.37,10.37,2.63,1.63,0.13,1,0
P3_orta_acgozlu_noev,16,1.00,2844.90,1891.50,3673.50,77.70,66.04,1757.30,13,13,9.30,3.37,0,14.97,13,2.33,1.80,0.13,1,1802.77
P3_orta_mantikli_ev,1,1.00,871.50,720.00,1015.50,15.68,15.20,159.50,8,8,7.43,0.30,0,6.93,2.10,2.30,0.20,0.22,1,0
P3_orta_mantikli_ev,2,1.00,1244,1086.20,1390.50,19.42,18.60,382.83,8,8,7.37,0.43,0,6.50,4.80,2.10,1.13,0.20,0.90,0
P3_orta_mantikli_ev,3,1.00,1586.50,1440.70,1753.80,23.17,22.30,443.67,8,8,7.07,0.57,0,6.37,5.53,2.20,0.97,0.18,0.97,0
P3_orta_mantikli_ev,4,1.00,523.13,293.80,731.60,26.92,25.48,472.83,8,8,7.30,0.60,0,6.47,5.60,2,1.13,0.17,1,1140
P3_orta_mantikli_ev,5,1.00,995.30,772.00,1234.60,31.20,29.50,484.73,9.07,9.07,8,0.93,0,6.20,5.50,3.10,0.90,0.24,0.93,0
P3_orta_mantikli_ev,6,1.00,1471.67,1172.80,1741.70,35.59,33.84,467.47,9.23,9.23,8.20,0.77,0,6.40,5.03,3.13,0.77,0.23,0.97,0
P3_orta_mantikli_ev,7,1.00,1769.70,1491.80,2007.20,39.73,37.42,440.37,9.23,9.23,7.73,1.23,0,6.13,4.77,3.13,0.87,0.25,0.93,0
P3_orta_mantikli_ev,8,1.00,466.90,187.10,766.50,44.20,41.23,446.33,10,10,8.57,1.23,0,6.63,4.73,3.40,0.70,0.25,1,1368
P3_orta_mantikli_ev,9,1.00,1232.03,793.10,1657.00,47.78,44.03,762.97,10.47,10.33,7.87,2.27,0.13,10.63,8,2.63,1.17,0.15,0.87,0
P3_orta_mantikli_ev,10,1.00,1947.60,1413.70,2551.00,50.86,47.96,823.77,10.17,10.07,7.20,2.53,0.10,11.17,8.47,2.70,1.57,0.13,0.90,0
P3_orta_mantikli_ev,11,1.00,2503.47,2032.10,2881.20,54.39,51.42,935.97,11.20,11.10,8.43,2.57,0.10,12.33,9.67,2.47,1.97,0.12,0.73,0
P3_orta_mantikli_ev,12,1.00,1098.10,712.50,1700.00,58.78,55.30,1056.33,11,11,8.37,2.53,0,12.67,10.07,2.20,1.70,0.12,1,1612.30
P3_orta_mantikli_ev,13,1.00,2529.97,1698.90,3325.10,64.79,59.24,1535.07,12.27,12,8.70,2.97,0.27,15.07,13.13,2.33,1.40,0.11,0.70,0
P3_orta_mantikli_ev,14,1.00,3388.40,2599.80,3994.00,69.87,62.04,1460.07,12.07,12,8.03,3.47,0.07,12.73,11.70,2.73,1.37,0.14,0.93,0
P3_orta_mantikli_ev,15,1.00,4384.03,3396.30,5214.70,76.26,66.60,1617.37,12.63,12.43,8.57,3.40,0.20,13.87,12.07,2.63,1.47,0.13,0.87,0
P3_orta_mantikli_ev,16,1.00,3763.80,2304.90,5300.50,83.51,70.95,1702.43,13,13,8.97,3.80,0,14.27,11.97,2.70,1.40,0.15,1,1690.43
P3_orta_mantikli_noev,1,1.00,866.50,720.00,961.50,15.66,15.04,158.83,8,8,7.43,0.33,0,6.87,2.10,2.30,0.27,0.22,1,0
P3_orta_mantikli_noev,2,1.00,1224.37,1074.50,1388.00,19.38,18.59,372,8,8,7.30,0.40,0,6.57,4.67,2.10,1,0.20,0.93,0
P3_orta_mantikli_noev,3,1.00,1570.43,1357.30,1765.50,23.16,22.02,438.50,8,8,7.13,0.60,0,6.37,5.47,2.13,1,0.18,0.90,0
P3_orta_mantikli_noev,4,1.00,551.90,294.50,800.80,26.67,25.38,503.17,8,8,7.03,0.77,0,6.13,5.97,2,1.23,0.18,1,1140
P3_orta_mantikli_noev,5,1.00,981.77,752.90,1200.10,31.02,29.34,452.50,9,9,8,0.80,0,6.17,5.30,3.07,0.87,0.24,1,0
P3_orta_mantikli_noev,6,1.00,1364.80,1106.80,1646.60,34.97,32.72,396,9,9,7.57,1.17,0,5.80,4.43,3.13,0.77,0.24,1,0
P3_orta_mantikli_noev,7,1.00,1652.17,1440.70,1907.30,39.02,36.48,397,9,9,7.53,1.20,0,5.80,4.37,3.10,0.73,0.25,1,0
P3_orta_mantikli_noev,8,1.00,430.33,180.00,680.30,43.10,40.21,423.33,10,10,7.90,1.87,0,5.90,4.50,3.53,0.87,0.26,1,1356.43
P3_orta_mantikli_noev,9,1.00,1039.50,567.90,1399.10,45.92,43.10,613.17,10,10,6.83,2.83,0,10,6.40,2.53,1.03,0.18,1,0
P3_orta_mantikli_noev,10,1.00,1738.97,1324.80,2319.50,49.25,44.95,741,10,10,7.40,2.43,0,10.30,7.60,2.77,1.57,0.14,0.97,0
P3_orta_mantikli_noev,11,1.00,2399.77,1987.50,2932.10,53.11,49.45,934,11,11,8.77,2.13,0,12.27,9.37,2.40,2,0.12,0.93,0
P3_orta_mantikli_noev,12,1.00,1011.97,608.30,1369.80,57.22,54.08,958.70,11,11,8.40,2.30,0,12.63,9.13,2.40,1.80,0.10,1,1617.70
P3_orta_mantikli_noev,13,1.00,2236.20,1828.40,2800.40,63.08,58.17,1299.10,12,11.97,9.03,2.60,0.03,14.10,11.37,2.60,1.93,0.12,0.93,0
P3_orta_mantikli_noev,14,1.00,3015.93,2517.30,3648.60,68.94,62.21,1189.73,12,12,8.77,2.87,0,13.03,10,2.97,1.30,0.14,1,0
P3_orta_mantikli_noev,15,1.00,3750.67,2828.30,4804.40,75.48,65.54,1483.77,12,12,8.97,2.73,0,14.50,11.77,2.33,2,0.11,1,0
P3_orta_mantikli_noev,16,1.00,3172.70,1566.60,4737.30,82.11,68.94,1737,13,13,9.10,3.57,0,14.53,12.73,2.83,1.80,0.11,1,1668.53
P3_iyi_hic_ev,1,1.00,941,795.00,1106.00,16.33,16.00,224.67,8,8,7.93,0,0,7.77,2.90,2.97,0.47,0.22,1,0
P3_iyi_hic_ev,2,1.00,1361.53,1187.00,1533.50,21.07,20.48,408,8,8,7.87,0.07,0,7.77,5.10,2.93,1.07,0.21,1,0
P3_iyi_hic_ev,3,1.00,2018.90,1790.50,2221.50,25.80,24.78,644.50,8,8,7.87,0.03,0,7.77,7.80,2.90,2,0.18,1,0
P3_iyi_hic_ev,4,1.00,1516.20,1279.80,1816.50,30.51,29.58,620.50,8,8,7.90,0.10,0,7.70,7.30,2.73,1.97,0.18,1,1140
P3_iyi_hic_ev,5,1.00,2171.67,1809.70,2478.20,35.77,34.54,625.83,9.07,9.07,8.47,0.53,0,6.57,6.83,3.93,1.70,0.23,0.97,0
P3_iyi_hic_ev,6,1.00,2803.20,2448.50,3222.60,40.56,38.28,590.20,9.23,9.23,8.17,1,0,6.60,6.17,3.63,1.37,0.24,1,0
P3_iyi_hic_ev,7,1.00,3267.20,2925.80,3749.00,45.44,42.86,434.27,9.23,9.23,8.07,1.13,0,6.43,4.47,4.10,0.93,0.24,0.97,0
P3_iyi_hic_ev,8,1.00,2451.17,1984.10,2875.60,50.84,48.23,538.17,10,10,9.07,0.87,0,7.07,5.47,4.10,1.20,0.22,1,1368
P3_iyi_hic_ev,9,1.00,3131.13,2683.60,3658.20,54.88,51.49,663.63,10.47,10.33,7.90,2.40,0.13,11.43,6.70,3.70,1.50,0.17,0.90,0
P3_iyi_hic_ev,10,1.00,3919.10,3246.50,4615.10,59.47,55.01,772.23,10.17,10.10,8.33,1.73,0.07,11.83,7.53,3.63,1.73,0.13,0.87,0
P3_iyi_hic_ev,11,1.00,4903.27,4077.40,5496.50,64.86,61.90,964.57,11.20,11.20,9.70,1.47,0,13.17,9.23,4,2.33,0.13,0.83,0
P3_iyi_hic_ev,12,1.00,4414.50,3396.50,5621.40,70.04,66.68,1130.83,11,11,9.37,1.50,0,14.10,10.27,3.77,2.73,0.11,1,1642
P3_iyi_hic_ev,13,1.00,5640.97,4722.10,6614.00,75.35,70.81,1203.93,12.27,12.20,9.97,2.13,0.07,15.37,10.67,4.27,2.77,0.12,0.90,0
P3_iyi_hic_ev,14,1.00,7055.23,5819.70,8258.30,80.52,76.71,1403.27,12.07,12.03,9.83,2.07,0.03,13.97,11.87,4.07,2.80,0.12,0.90,0
P3_iyi_hic_ev,15,1.00,8375.03,7029.70,9666.80,85.30,81.90,1306.20,12.63,12.57,9.57,2.90,0.07,15.13,10.73,4.30,2.60,0.11,0.90,0
P3_iyi_hic_ev,16,1.00,7799.53,6628.60,8868.30,90.94,86.86,1380.33,13,13,10.63,2.27,0,15.13,11.20,4.47,2.70,0.11,1,1970
P3_iyi_hic_noev,1,1.00,951.33,799.50,1115.00,16.38,16.32,232,8,8,7.93,0,0,7.80,3,3.07,0.57,0.23,1,0
P3_iyi_hic_noev,2,1.00,1397.73,1217.00,1553.50,21.16,20.60,426.67,8,8,7.87,0.10,0,7.67,5.33,2.87,1.13,0.21,1,0
P3_iyi_hic_noev,3,1.00,2025.27,1750.50,2264.50,25.94,25.40,612.50,8,8,7.87,0,0,7.77,7.37,2.97,1.97,0.18,1,0
P3_iyi_hic_noev,4,1.00,1528.67,1326.50,1737.00,30.67,29.64,629,8,8,7.83,0.10,0,7.67,7.40,2.83,1.90,0.18,1,1140
P3_iyi_hic_noev,5,1.00,2164.30,1886.50,2392.30,35.63,34.64,613.83,9,9,8.10,0.83,0,6.17,6.87,3.87,1.80,0.23,0.97,0
P3_iyi_hic_noev,6,1.00,2611.50,2211.00,3075.80,40.10,38.40,435.50,9,9,7.73,1.20,0,6.13,4.77,3.53,0.93,0.25,1,0
P3_iyi_hic_noev,7,1.00,3129.10,2647.50,3673.80,45.00,43.21,499,9,9,8.17,0.83,0,6.67,5.27,3.77,1.13,0.23,1,0
P3_iyi_hic_noev,8,1.00,2303.47,1838.10,2826.50,50.29,48.41,533.67,10,10,9.07,0.87,0,7.23,5.43,3.97,1.23,0.23,1,1368
P3_iyi_hic_noev,9,1.00,3084.73,2558.40,3758.00,54.42,51.81,760.83,10,10,7.90,2.07,0,11.90,7.60,3.33,1.77,0.15,1,0
P3_iyi_hic_noev,10,1.00,3855.30,3202.30,4626.00,59.10,56.96,755.33,10,10,8.37,1.53,0,11.57,7.30,3.63,1.83,0.14,1,0
P3_iyi_hic_noev,11,1.00,4742.93,3870.00,5490.60,64.16,61.57,871.17,11,11,9.37,1.53,0,13.10,8.20,3.63,2.37,0.13,1,0
P3_iyi_hic_noev,12,1.00,4259.50,3273.80,5188.30,69.34,66.66,1148,11,11,9.50,1.43,0,13.63,10.47,3.67,2.80,0.11,1,1642
P3_iyi_hic_noev,13,1.00,5471.17,4626.00,6341.50,74.90,72.08,1191.17,12,12,10.20,1.70,0,15.07,10.53,4.07,2.70,0.12,0.93,0
P3_iyi_hic_noev,14,1.00,6760.50,5718.30,7822.00,80.12,76.83,1285,12,12,9.93,2.03,0,14.83,11.03,3.93,2.73,0.11,1,0
P3_iyi_hic_noev,15,1.00,8126.90,7023.50,9328.10,85.42,82.14,1357.17,12,12,10.10,1.83,0,14.70,11.33,3.80,3.03,0.10,1,0
P3_iyi_hic_noev,16,1.00,7543.30,6493.20,8689.50,90.84,87.71,1380,13,13,10.50,2.47,0,15,11.20,4.53,2.67,0.12,1,1970
P3_iyi_acgozlu_ev,1,1.00,751.83,638.00,907.00,16.21,15.60,225.17,8,8,7.77,0.20,0,7.70,2.93,3.03,0.43,0.22,1,0
P3_iyi_acgozlu_ev,2,1.00,1211.93,1035.00,1424.00,20.93,20.11,447.33,8,8,7.87,0.10,0,7.60,5.60,2.97,1.33,0.20,1,0
P3_iyi_acgozlu_ev,3,1.00,1597.80,1358.80,1793.50,25.46,24.64,495.17,8,8,7.67,0.13,0,7.60,6,2.77,1.53,0.20,1,0
P3_iyi_acgozlu_ev,4,1.00,570.47,360.50,804.00,30.22,29.51,606.33,8,8,7.87,0.07,0,7.67,7.13,2.77,1.90,0.18,1,1140
P3_iyi_acgozlu_ev,5,1.00,1267.53,960.00,1568.00,35.37,34.18,679.20,9.07,9.07,8.33,0.67,0,6.63,7.40,4.17,1.90,0.26,1,0
P3_iyi_acgozlu_ev,6,1.00,1837.47,1566.80,2131.20,40.49,38.98,608.87,9.23,9.23,8.40,0.80,0,6.70,6.40,4,1.53,0.27,1,0
P3_iyi_acgozlu_ev,7,1.00,2025.57,1760.50,2294.30,45.79,43.35,562.83,9.23,9.23,8.53,0.67,0,6.90,5.80,4.17,1.30,0.27,0.93,0
P3_iyi_acgozlu_ev,8,1.00,950.83,555.90,1334.50,51.20,48.75,717.17,10,10,8.93,1.03,0,7.47,7.27,4.17,1.23,0.26,1,1368
P3_iyi_acgozlu_ev,9,1.00,2115.70,1576.70,2737.70,55.72,53.18,1160.03,10.47,10.37,8.33,1.97,0.10,14.63,11.60,3.30,2.10,0.18,0.90,0
P3_iyi_acgozlu_ev,10,1.00,2922.23,2415.50,3399.50,59.70,57.06,1215.40,10.17,10.17,7.43,2.73,0,12.83,11.67,3.40,2.60,0.20,0.87,0
P3_iyi_acgozlu_ev,11,1.00,3734.47,2966.20,4360.30,64.93,61.21,1432.07,11.20,11.20,9.30,1.83,0,16.20,13.13,3.13,2.70,0.19,0.93,0
P3_iyi_acgozlu_ev,12,1.00,2306.73,1295.60,3401.60,72.93,67.66,1498.37,11,11,8.87,2,0,14.73,12.40,3.37,2.33,0.16,1,1552.73
P3_iyi_acgozlu_ev,13,1.00,4242.83,3115.50,5322.10,83.51,74.55,2409.33,12.27,12.23,9.97,2.17,0.03,18.13,16.43,3.37,2.73,0.16,0.87,0
P3_iyi_acgozlu_ev,14,1.00,6411.43,4409.70,8077.50,92.58,82.66,2663.13,12.07,12.07,9.37,2.60,0,16.77,16.33,3.33,2.37,0.17,0.93,0
P3_iyi_acgozlu_ev,15,1.00,8566.40,6560.80,11188.90,98.24,93.60,2589.40,12.63,12.60,9.30,3.23,0.03,16.37,14.60,3.93,1.83,0.18,0.90,0
P3_iyi_acgozlu_ev,16,1.00,10350.30,7567.60,12821.00,99.84,99.60,3224.13,13,13,10.07,2.87,0,18.07,17.33,3.63,2.10,0.16,1,1286.63
P3_iyi_acgozlu_noev,1,1.00,749.67,610.50,857.50,16.27,15.60,223.50,8,8,7.80,0.13,0,7.67,2.90,3.10,0.50,0.22,1,0
P3_iyi_acgozlu_noev,2,1.00,1222.03,1039.00,1401.50,20.95,19.98,455.33,8,8,7.80,0.13,0,7.57,5.70,2.87,1.33,0.20,1,0
P3_iyi_acgozlu_noev,3,1.00,1598.87,1358.80,1908.50,25.40,24.60,486.50,8,8,7.63,0.20,0,7.57,5.87,2.80,1.50,0.20,1,0
P3_iyi_acgozlu_noev,4,1.00,594.13,409.70,802.60,30.08,29.33,600.67,8,8,7.80,0.13,0,7.57,7.07,2.80,1.97,0.18,1,1140
P3_iyi_acgozlu_noev,5,1.00,1235.30,950.70,1592.20,35.08,33.96,630,9,9,8.30,0.60,0,6.77,7.10,3.73,1.63,0.24,1,0
P3_iyi_acgozlu_noev,6,1.00,1746.43,1463.20,2024.50,39.95,38.79,554.33,9,9,8.03,0.90,0,6.47,6.10,3.93,1.53,0.26,1,0
P3_iyi_acgozlu_noev,7,1.00,1932.07,1665.10,2238.30,44.76,43.25,509.33,9,9,7.87,0.97,0,6.27,5.37,4.03,1.27,0.27,1,0
P3_iyi_acgozlu_noev,8,1.00,818.40,371.00,1396.30,49.83,47.71,715.83,10,10,8.63,1.30,0,7.43,7.33,4.23,1.37,0.26,1,1368
P3_iyi_acgozlu_noev,9,1.00,1807.13,1208.60,2455.60,54.24,51.90,973.53,10,10,7.63,2.33,0,12.70,9.60,3.20,2.17,0.21,1,0
P3_iyi_acgozlu_noev,10,1.00,2666.13,2228.10,3234.40,58.94,55.22,1126.60,10,10,7.77,2.23,0,13.10,10.80,3.33,2.50,0.18,1,0
P3_iyi_acgozlu_noev,11,1.00,3429,2744.70,4368.10,64.37,59.89,1333.53,11,11,8.57,2.27,0,14.93,12.17,3.47,2.63,0.19,1,0
P3_iyi_acgozlu_noev,12,1.00,2288.83,1480.70,3146.20,72.12,66.38,1577.27,11,11,8.73,2.20,0,14.83,13.30,3.27,2.87,0.18,1,1585.37
P3_iyi_acgozlu_noev,13,1.00,4011.57,2950.40,4910.20,81.86,73.54,2268.57,12,12,9.67,2.30,0,17.10,16.40,3.07,3.07,0.16,1,0
P3_iyi_acgozlu_noev,14,1.00,5542.33,3778.20,7492.60,91.65,84.85,2307.67,12,12,9.67,2.20,0,17.67,15.23,3.47,2.23,0.16,1,0
P3_iyi_acgozlu_noev,15,1.00,7790.23,4895.30,10408.90,97.88,93.38,2693.57,12,12,9.07,2.87,0,16.17,15.63,3.57,2.37,0.18,1,0
P3_iyi_acgozlu_noev,16,1.00,9200.37,5654.10,11841.10,99.24,99.12,2954.10,13,13,9.63,3.27,0,17.40,16.30,3.57,1.80,0.18,1,1283
P3_iyi_mantikli_ev,1,1.00,941,795.00,1106.00,16.33,16.00,224.67,8,8,7.93,0,0,7.77,2.90,2.97,0.47,0.22,1,0
P3_iyi_mantikli_ev,2,1.00,1359.13,1187.00,1538.00,21.05,20.48,413.33,8,8,7.83,0.07,0,7.73,5.17,2.93,1.07,0.21,1,0
P3_iyi_mantikli_ev,3,1.00,1714.27,1493.80,1930.10,25.54,24.56,637.50,8,8,7.57,0.23,0,7.37,7.73,2.83,2.10,0.20,0.97,0
P3_iyi_mantikli_ev,4,1.00,836.50,550.30,1089.80,30.13,29.15,716.83,8,8,7.77,0.23,0,7.53,8.43,2.73,2.10,0.18,1,1140
P3_iyi_mantikli_ev,5,1.00,1444.80,1177.40,1723.60,35.04,33.58,681.10,9.07,9.07,8.07,0.87,0,6.63,7.50,3.80,1.77,0.27,1,0
P3_iyi_mantikli_ev,6,1.00,1867.37,1627.00,2156.80,39.74,37.52,532.50,9.23,9.23,7.73,1.43,0,6.50,5.60,4.23,1.17,0.27,1,0
P3_iyi_mantikli_ev,7,1.00,2010.17,1703.20,2328.10,44.46,41.66,588,9.23,9.23,7.93,1.27,0,6.80,6.03,4.23,1.27,0.26,0.97,0
P3_iyi_mantikli_ev,8,1.00,792.43,519.60,1020.60,49.63,46.50,684.13,10,10,8.10,1.87,0,6.97,6.90,4.33,1.20,0.26,1,1368
P3_iyi_mantikli_ev,9,1.00,1835.93,1464.80,2213.60,54.58,50.16,1039.73,10.47,10.40,7.73,2.53,0.07,13.27,10.10,3.43,1.93,0.20,0.87,0
P3_iyi_mantikli_ev,10,1.00,2807.60,2350.50,3329.10,59.34,53.91,1297.87,10.17,10.17,7.57,2.50,0,13.23,11.97,3.33,2.43,0.17,0.93,0
P3_iyi_mantikli_ev,11,1.00,3561.23,2830.30,4356.80,64.53,58.24,1383.93,11.20,11.20,8.17,2.97,0,14.87,12.43,3.67,2.33,0.19,0.90,0
P3_iyi_mantikli_ev,12,1.00,2507,1433.50,3902.60,72.45,65.85,1753.03,11,11,8.67,2.27,0,14.73,14.10,3.03,2.63,0.18,1,1549.50
P3_iyi_mantikli_ev,13,1.00,4544.77,3439.50,5993.10,81.98,74.23,2455.23,12.27,12.23,9.43,2.77,0.03,17.27,16.40,3.13,2.17,0.18,0.93,0
P3_iyi_mantikli_ev,14,1.00,6431.13,5158.60,8604.20,89.85,80.26,2440.33,12.07,12.07,8.77,3.20,0,16.53,14.93,3.43,2,0.19,0.97,0
P3_iyi_mantikli_ev,15,1.00,9012.40,6899.40,11158.80,96.98,91.61,2876.30,12.63,12.63,9.90,2.70,0,17.67,16.03,3.50,2,0.18,0.90,0
P3_iyi_mantikli_ev,16,1.00,10562.57,8152.80,13606.30,99.42,99.60,3103.30,13,13,9.83,3,0,18.20,17.10,3.40,2.17,0.17,1,1308.97
P3_iyi_mantikli_noev,1,1.00,951.33,799.50,1115.00,16.38,16.32,232,8,8,7.93,0,0,7.80,3,3.07,0.57,0.23,1,0
P3_iyi_mantikli_noev,2,1.00,1384.93,1206.40,1541.90,21.14,20.60,429.33,8,8,7.83,0.10,0,7.63,5.37,2.87,1.13,0.21,1,0
P3_iyi_mantikli_noev,3,1.00,1668.90,1418.50,1965.70,25.72,25.07,580.33,8,8,7.70,0.13,0,7.53,7,2.87,1.87,0.19,0.97,0
P3_iyi_mantikli_noev,4,1.00,858.40,619.10,1109.70,30.26,29.15,753.67,8,8,7.73,0.17,0,7.57,8.87,2.73,2.33,0.17,1,1140
P3_iyi_mantikli_noev,5,1.00,1414.57,1130.00,1737.40,35.04,33.42,628.67,9,9,7.97,0.97,0,6.50,7.07,3.70,1.33,0.25,1,0
P3_iyi_mantikli_noev,6,1.00,1743.53,1491.70,2086.20,39.46,37.85,436.67,9,9,7.47,1.43,0,6.20,4.80,4.03,1,0.27,1,0
P3_iyi_mantikli_noev,7,1.00,1941.30,1705.00,2180.90,44.21,41.76,515.67,9,9,7.77,1.20,0,6.43,5.43,4,1.10,0.26,1,0
P3_iyi_mantikli_noev,8,1.00,730.70,431.10,1187.50,49.85,46.76,652.83,10,10,8.63,1.30,0,7.20,6.67,4.37,1,0.24,1,1368
P3_iyi_mantikli_noev,9,1.00,1924.13,1486.90,2264.40,54.41,50.16,1183.03,10,10,7.57,2.33,0,12.83,11.37,3.07,2.37,0.18,1,0
P3_iyi_mantikli_noev,10,1.00,2812.07,2418.50,3492.10,59.03,54.56,1237.60,10,10,7.37,2.53,0,13.03,11.47,3.33,2.50,0.17,1,0
P3_iyi_mantikli_noev,11,1.00,3617.07,2836.70,4273.80,64.23,58.94,1457.57,11,11,8.37,2.57,0,14.50,12.77,3.47,2.60,0.19,1,0
P3_iyi_mantikli_noev,12,1.00,2305.17,1300.90,3190.60,71.63,64.37,1582.93,11,11,8.17,2.73,0,14.53,12.97,3.43,2.47,0.18,1,1564.17
P3_iyi_mantikli_noev,13,1.00,4198.43,2777.50,5283.10,81.48,72.25,2368,12,12,9.47,2.47,0,17,16.10,3.30,2.20,0.16,1,0
P3_iyi_mantikli_noev,14,1.00,5917.27,4265.50,7411.40,90.61,80.12,2316.43,12,12,9.20,2.63,0,16.70,14.63,3.57,1.73,0.17,1,0
P3_iyi_mantikli_noev,15,1.00,8261.20,6326.50,9936.50,96.88,90.30,2740.40,12,12,9.03,2.97,0,16,15.80,3.43,2.33,0.17,1,0
P3_iyi_mantikli_noev,16,1.00,9945.73,7747.40,11653.00,99.72,99.10,3108.50,13,13,10.27,2.70,0,18.60,16.57,3.43,2.43,0.16,1,1280.60
P4_zayif_hic_ev,1,1.00,961.83,863.50,1050.00,14.91,14.34,108.50,8,7.97,6.63,0.63,0.03,5.07,1.17,1.73,0.07,0.32,0.73,0
P4_zayif_hic_ev,2,1.00,1233.30,1089.00,1427.50,17.46,16.52,297.30,8,8,6.43,0.83,0,4.97,3.10,1.20,0.23,0.33,0.50,0
P4_zayif_hic_ev,3,1.00,1558.73,1238.50,1873.20,20.34,18.76,352.80,8,7.93,6.73,0.70,0.07,5.07,3.60,1.47,0.47,0.27,0.50,0
P4_zayif_hic_ev,4,1.00,322.83,92.30,575.50,22.81,21.23,366.70,8,7.97,6.10,0.97,0.03,4.33,3.73,1.47,0.43,0.29,0.83,1574.60
P4_zayif_hic_ev,5,1.00,663.63,330.20,997.90,25.44,24.00,363.53,9.07,9,6.77,1.57,0.07,4.40,3.50,2,0.30,0.36,0.50,0
P4_zayif_hic_ev,6,1.00,1028.37,551.60,1457.20,28.12,26.00,351.10,9.23,9.23,6.70,1.83,0,4.40,3.27,2.20,0.23,0.35,0.50,0
P4_zayif_hic_ev,7,1.00,1262.90,806.20,1731.90,30.59,28.51,254.50,9.23,9.10,6.70,2,0.13,4.47,2.43,1.90,0.13,0.37,0.83,0
P4_zayif_hic_ev,8,1.00,389.73,188.30,580.30,33.55,30.50,317.33,10,9.97,7.47,1.90,0.03,5.03,3,2.20,0.17,0.36,0.70,1173.83
P4_zayif_hic_ev,9,0.90,585.85,278.20,892.80,35.36,31.77,329.63,10.52,10.22,6.67,3.07,0.30,8.04,3.11,1.56,0.07,0.25,0.48,0
P4_zayif_hic_ev,10,0.90,971.59,586.60,1451.60,37.27,34.04,421.52,10.41,10.11,6.59,2.93,0.30,8.04,4,1.56,0.26,0.21,0.74,0
P4_zayif_hic_ev,11,0.90,1491.07,1038.40,1956.20,39.01,35.30,549.22,11.22,10.85,6.85,3.26,0.37,8.93,5.26,1.59,0.37,0.20,0.67,0
P4_zayif_hic_ev,12,0.90,1573.78,339.80,2207.00,41.27,37.63,594.81,11,11,7.48,2.85,0,9.41,5.37,1.48,0.59,0.20,0.78,474
P4_zayif_hic_ev,13,0.20,1074.50,735.00,1402.00,43.51,40.90,793.17,12,11.83,7.83,3.17,0.17,8.83,6.67,1.50,0.50,0.19,0.83,0
P4_zayif_hic_ev,14,0.20,1856.17,1524.00,2291.00,46.10,44.34,814.83,11.67,11.67,8.17,2.67,0,10.17,7.17,1.33,0.67,0.18,0.67,0
P4_zayif_hic_ev,15,0.20,2662.67,2135.50,3073.00,48.03,46.26,885.17,12.50,12.33,8.50,3.33,0.17,11.50,7.50,0.83,0.83,0.19,0.67,0
P4_zayif_hic_ev,16,0.20,1055.50,290.00,1966.00,50.72,49.24,762.83,13,13,8.17,3.83,0,9.50,6.50,2.17,0,0.23,0.83,2347.50
P4_zayif_hic_noev,1,1.00,950.53,855.50,1050.00,14.96,14.38,99.20,8,7.97,6.70,0.57,0.03,5.27,1.07,1.73,0.03,0.31,0.83,0
P4_zayif_hic_noev,2,1.00,1232,1051.00,1440.80,17.67,16.38,307.27,8,8,6.67,0.67,0,5.10,3.20,1.13,0.23,0.32,0.43,0
P4_zayif_hic_noev,3,1.00,1570.47,1304.70,1906.30,20.43,18.55,362.60,8,7.93,6.60,0.73,0.07,5.23,3.70,1.37,0.47,0.28,0.40,0
P4_zayif_hic_noev,4,1.00,376.63,201.30,575.50,22.82,21.15,389.23,8,7.97,6,1.23,0.03,4.20,3.97,1.57,0.40,0.28,0.87,1551.90
P4_zayif_hic_noev,5,1.00,737.93,429.80,1038.50,25.17,23.09,386.50,9,9,6.40,1.87,0,4,3.83,1.90,0.43,0.39,0.47,0
P4_zayif_hic_noev,6,1.00,990.23,608.10,1421.30,28.00,26.02,274,9,9,7,1.70,0,4.57,2.67,1.97,0.23,0.34,0.80,0
P4_zayif_hic_noev,7,1.00,1265.70,872.70,1660.10,30.58,28.14,297.27,9,9,6.80,1.87,0,4.57,2.87,1.90,0.17,0.37,0.93,0
P4_zayif_hic_noev,8,1.00,510.03,208.80,1452.00,33.51,30.60,324.37,10,10,7.43,1.97,0,5.33,3.07,2.23,0.23,0.37,0.70,1062.87
P4_zayif_hic_noev,9,0.80,646.12,316.50,1057.10,35.80,32.49,394.75,10,10,6.83,2.54,0,7.88,3.67,1.67,0.38,0.22,0.75,0
P4_zayif_hic_noev,10,0.80,1107.75,819.00,1448.90,37.74,34.63,496.04,10,10,6.62,2.83,0,8.33,4.58,1.38,0.25,0.18,0.96,0
P4_zayif_hic_noev,11,0.80,1570.67,1124.10,2063.20,39.87,35.73,512.12,11,11,7.29,3,0,9.54,4.67,1.46,0.21,0.20,0.62,0
P4_zayif_hic_noev,12,0.80,1099.50,215.00,2202.30,41.98,37.16,609.29,11,11,7.33,3.17,0,8.62,5.46,1.38,0.42,0.21,0.88,1043.04
P4_zayif_hic_noev,13,0.40,961.67,531.50,1313.50,45.66,41.88,736.58,12,11.92,7.58,3.42,0.08,9.75,6.50,1.58,0.75,0.18,0.50,0
P4_zayif_hic_noev,14,0.40,1733.75,1215.70,2426.60,47.89,43.90,822.75,12,12,7.92,3.75,0,10.17,7.17,1.75,0.50,0.19,0.75,0
P4_zayif_hic_noev,15,0.40,2485.50,1753.30,3281.50,50.43,46.08,803,12,12,8.42,3.08,0,10.58,6.83,1.33,0.25,0.18,0.83,0
P4_zayif_hic_noev,16,0.40,1087.17,181.20,2213.30,52.39,45.72,776.42,13,13,7.92,4.08,0,10.08,6.58,2.08,0.33,0.21,0.75,2112.75
P4_zayif_acgozlu_ev,1,1.00,740.20,634.00,825.00,15.03,14.39,114.70,8,7.97,6.80,0.53,0.03,5.40,1.23,1.73,0.03,0.29,0.67,0
P4_zayif_acgozlu_ev,2,1.00,962.90,767.00,1117.30,17.74,17.07,246.53,8,7.93,6.60,0.60,0.07,4.77,2.57,1.27,0.03,0.31,0.57,0
P4_zayif_acgozlu_ev,3,1.00,1268.47,1009.00,1504.20,20.39,19.49,343,8,8,6.53,0.93,0,4.70,3.50,1.53,0.37,0.27,0.50,0
P4_zayif_acgozlu_ev,4,1.00,255.27,113.00,327.30,22.78,21.38,395.43,8,8,6.23,1,0,4.90,4.03,1.27,0.40,0.29,0.80,1369.17
P4_zayif_acgozlu_ev,5,1.00,615.07,262.30,852.40,25.37,23.47,378.87,9.07,9.03,6.60,1.80,0.03,4.20,3.63,2,0.37,0.36,0.47,0
P4_zayif_acgozlu_ev,6,1.00,930.07,589.60,1263.30,27.96,26.09,301.90,9.23,9.23,6.70,1.97,0,4.60,2.80,2.13,0.20,0.34,0.57,0
P4_zayif_acgozlu_ev,7,1.00,1227.10,813.50,1578.00,30.31,27.84,321.10,9.23,9.13,6.73,1.93,0.10,4.50,3.07,1.77,0.20,0.37,0.77,0
P4_zayif_acgozlu_ev,8,1.00,882.97,161.90,1719.80,32.32,29.67,289.53,10,9.97,7.70,1.93,0.03,5.23,2.73,2.10,0.23,0.37,0.67,613.03
P4_zayif_acgozlu_ev,9,1.00,1181.57,344.60,2045.70,34.11,31.60,322.53,10.47,10.20,6.37,3.23,0.27,7.83,3.07,1.70,0.23,0.25,0.50,0
P4_zayif_acgozlu_ev,10,1.00,1577.97,720.20,2388.90,35.89,33.14,433.77,10.17,9.97,6.27,3.07,0.20,7.57,4.03,1.73,0.33,0.20,0.77,0
P4_zayif_acgozlu_ev,11,1.00,2011.63,1230.90,2790.70,37.82,34.68,494.93,11.20,10.97,7.20,3.13,0.23,9.03,4.73,1.30,0.53,0.21,0.43,0
P4_zayif_acgozlu_ev,12,1.00,970.47,197.40,2212.10,39.53,35.97,675.13,11,11,7.70,2.67,0,9.07,6.13,1.33,0.70,0.21,0.87,1540.50
P4_zayif_acgozlu_ev,13,0.97,1639.93,746.80,2757.80,41.58,37.57,750.97,12.28,11.90,7.79,3.24,0.38,9.97,6.72,1.31,0.34,0.18,0.41,0
P4_zayif_acgozlu_ev,14,0.97,2424.79,1720.20,3347.40,43.35,39.82,867.52,12.07,11.97,7.59,3.69,0.10,9.66,7.59,1.62,0.66,0.17,0.66,0
P4_zayif_acgozlu_ev,15,0.97,3105.45,2410.00,3896.40,45.12,40.58,835.97,12.66,12.34,7.59,4.21,0.31,10.17,7.24,1.93,0.59,0.19,0.66,0
P4_zayif_acgozlu_ev,16,0.97,1048.55,322.60,2022.40,46.97,41.98,840.72,13,12.93,8.55,3.62,0.07,11.45,7.34,1.24,0.34,0.18,0.62,2454.55
P4_zayif_acgozlu_noev,1,1.00,729.73,621.50,825.00,14.86,14.28,105.40,8,7.97,6.60,0.73,0.03,5.03,1.13,1.77,0.03,0.30,0.77,0
P4_zayif_acgozlu_noev,2,1.00,952.17,777.70,1110.50,17.60,16.83,248.63,8,7.93,6.67,0.70,0.07,5.07,2.60,1.17,0,0.31,0.57,0
P4_zayif_acgozlu_noev,3,1.00,1240.30,1012.00,1504.70,20.28,18.97,323.40,8,8,6.63,0.77,0,4.80,3.30,1.33,0.33,0.28,0.47,0
P4_zayif_acgozlu_noev,4,1.00,231.40,48.30,324.10,22.65,21.02,392.33,8,8,6.07,1,0,4.57,4,1.40,0.43,0.28,0.87,1368.47
P4_zayif_acgozlu_noev,5,1.00,552.93,313.30,814.10,25.05,23.12,352.33,9,8.97,6.30,1.93,0.03,4,3.50,2.10,0.30,0.37,0.50,0
P4_zayif_acgozlu_noev,6,1.00,841.13,563.00,1109.60,27.83,26.02,314.53,9,9,6.97,1.73,0,4.80,3.07,2.03,0.13,0.34,0.70,0
P4_zayif_acgozlu_noev,7,1.00,1151.43,820.50,1418.60,30.35,28.42,327,9,9,6.63,1.90,0,4.40,3.17,1.93,0.13,0.33,0.93,0
P4_zayif_acgozlu_noev,8,1.00,922.83,246.60,1641.80,31.95,29.44,322.87,10,10,7.23,2.20,0,5.10,3.07,2.27,0.10,0.39,0.47,525.03
P4_zayif_acgozlu_noev,9,1.00,1239.53,556.90,2029.80,33.57,31.35,339.60,10,9.97,6.13,3.07,0.03,7.97,3.20,1.50,0.17,0.26,0.67,0
P4_zayif_acgozlu_noev,10,1.00,1708.93,859.00,2631.50,35.46,32.40,512.80,10,10,6.67,2.97,0,8.27,4.77,1.23,0.23,0.20,0.87,0
P4_zayif_acgozlu_noev,11,1.00,2166.23,1335.00,2935.20,37.89,34.94,546.27,11,11,7.63,2.87,0,9.73,5.03,1.50,0.67,0.19,0.60,0
P4_zayif_acgozlu_noev,12,1.00,1004.33,223.80,2083.30,40.05,37.01,700.77,11,11,8.10,2.53,0,9.27,6.37,1.30,0.63,0.17,0.83,1683.03
P4_zayif_acgozlu_noev,13,1.00,1771.10,1006.20,2943.20,42.20,37.93,834.87,12,12,7.97,3.43,0,9.77,7.50,1.53,0.30,0.18,0.47,0
P4_zayif_acgozlu_noev,14,1.00,2425.57,1576.60,3523.70,44.44,39.82,751.87,12,11.97,8.33,3.30,0.03,10.40,6.67,1.27,0.27,0.20,0.53,0
P4_zayif_acgozlu_noev,15,1.00,3095.47,2391.40,3848.50,46.61,42.44,849.17,12,12,8.10,3.37,0,10.40,7.43,1.33,0.40,0.18,0.83,0
P4_zayif_acgozlu_noev,16,1.00,874.63,289.30,1399.50,48.81,44.33,847.67,13,12.97,8.63,3.67,0.03,11.90,7.33,1.30,0.67,0.17,0.67,2654.43
P4_zayif_mantikli_ev,1,1.00,961.83,863.50,1050.00,14.91,14.34,108.50,8,7.97,6.63,0.63,0.03,5.07,1.17,1.73,0.07,0.32,0.73,0
P4_zayif_mantikli_ev,2,1.00,1233.30,1089.00,1427.50,17.46,16.52,297.30,8,8,6.43,0.83,0,4.97,3.10,1.20,0.23,0.33,0.50,0
P4_zayif_mantikli_ev,3,1.00,1547.03,1238.50,1867.30,20.33,18.76,346.27,8,7.90,6.73,0.67,0.10,5.07,3.53,1.43,0.47,0.28,0.47,0
P4_zayif_mantikli_ev,4,1.00,260.70,75.70,389.70,22.81,21.19,373.40,8,7.97,6.13,0.97,0.03,4.47,3.80,1.43,0.43,0.28,0.83,1574.60
P4_zayif_mantikli_ev,5,1.00,603.67,330.20,879.90,25.47,23.56,370.67,9.07,8.97,6.80,1.53,0.10,4.23,3.57,2.03,0.20,0.37,0.43,0
P4_zayif_mantikli_ev,6,1.00,999.13,551.60,1447.80,28.01,25.39,374.80,9.23,9.23,6.50,2.13,0,4.33,3.50,2.20,0.27,0.36,0.57,0
P4_zayif_mantikli_ev,7,1.00,1211.97,759.70,1714.20,30.71,27.78,231.80,9.23,9.10,7,1.67,0.13,4.60,2.23,1.90,0.10,0.39,0.73,0
P4_zayif_mantikli_ev,8,1.00,371.50,161.40,469.60,33.64,30.32,314.40,10,9.97,7.43,1.90,0.03,5.10,2.97,2.20,0.13,0.37,0.67,1135.70
P4_zayif_mantikli_ev,9,0.90,562.85,285.80,861.20,35.54,32.11,328.19,10.52,10.22,6.74,2.96,0.30,8,3.11,1.59,0.11,0.25,0.56,0
P4_zayif_mantikli_ev,10,0.90,1000.22,620.20,1424.40,37.34,34.04,477.33,10.41,10.22,6.48,2.93,0.19,7.89,4.52,1.52,0.41,0.22,0.70,0
P4_zayif_mantikli_ev,11,0.90,1525.52,1131.60,1958.60,39.31,35.38,552.33,11.22,10.89,7.04,3.26,0.33,8.59,5.26,1.85,0.44,0.20,0.74,0
P4_zayif_mantikli_ev,12,0.90,1502.37,324.80,2232.20,41.54,36.85,584.48,11,11,7.37,3,0,9.85,5.26,1.44,0.44,0.19,0.78,572.19
P4_zayif_mantikli_ev,13,0.23,1021.71,625.80,1400.80,44.20,38.64,743.71,12,11.86,8,3.14,0.14,8.71,6.29,1.43,0.29,0.21,0.86,0
P4_zayif_mantikli_ev,14,0.23,1732.43,1411.80,2160.40,46.27,42.04,779.14,11.71,11.71,8.43,2.71,0,10.71,6.86,1.29,0.57,0.17,0.86,0
P4_zayif_mantikli_ev,15,0.23,2508.43,1986.00,3122.60,48.70,44.26,831.14,13,12.57,8.57,3.71,0.43,10.71,7,1.71,0.57,0.20,0.57,0
P4_zayif_mantikli_ev,16,0.23,702.86,73.60,1615.20,50.91,46.30,804.14,13,13,8,3.86,0,11.14,6.86,2.14,0,0.21,1,2414.57
P4_zayif_mantikli_noev,1,1.00,950.53,855.50,1050.00,14.96,14.38,99.20,8,7.97,6.70,0.57,0.03,5.27,1.07,1.73,0.03,0.31,0.83,0
P4_zayif_mantikli_noev,2,1.00,1232,1051.00,1440.80,17.67,16.38,307.27,8,8,6.67,0.67,0,5.10,3.20,1.13,0.23,0.32,0.43,0
P4_zayif_mantikli_noev,3,1.00,1554.60,1304.70,1867.30,20.41,18.55,356.07,8,7.90,6.60,0.70,0.10,5.17,3.63,1.30,0.47,0.28,0.37,0
P4_zayif_mantikli_noev,4,1.00,297.53,89.10,466.20,22.87,21.02,402.63,8,7.97,6.17,1.17,0.03,4.43,4.10,1.50,0.40,0.27,0.87,1551.90
P4_zayif_mantikli_noev,5,1.00,676.20,417.50,1000.20,25.29,22.79,407.43,9,9,6.50,1.90,0,4,4.03,1.93,0.30,0.39,0.40,0
P4_zayif_mantikli_noev,6,1.00,927.33,608.10,1338.80,27.94,25.36,270.23,9,9,6.73,2.03,0,4.23,2.63,1.97,0.23,0.36,0.90,0
P4_zayif_mantikli_noev,7,1.00,1200.57,848.30,1617.70,30.51,28.12,286.63,9,9,6.77,1.97,0,4.50,2.77,1.97,0.20,0.37,0.93,0
P4_zayif_mantikli_noev,8,1.00,507.83,195.30,1452.00,33.71,31.36,300.50,10,10,7.80,1.57,0,5.50,2.83,2.13,0.27,0.38,0.73,972.23
P4_zayif_mantikli_noev,9,0.80,648,339.90,948.10,36.05,33.68,400.50,10,10,6.79,2.58,0,7.33,3.71,1.67,0.38,0.24,0.79,0
P4_zayif_mantikli_noev,10,0.80,1115.33,824.00,1454.30,37.94,35.21,512.58,10,10,6.58,2.71,0,9.04,4.75,1.33,0.46,0.20,0.88,0
P4_zayif_mantikli_noev,11,0.80,1578.17,1124.10,2069.50,40.36,36.80,507.83,11,11,7.71,2.83,0,9.50,4.62,1.42,0.29,0.20,0.71,0
P4_zayif_mantikli_noev,12,0.80,1244.50,94.00,2287.90,42.92,39.06,664.12,11,11,8.12,2.33,0,9.71,5.96,1.21,0.50,0.17,0.92,930.50
P4_zayif_mantikli_noev,13,0.33,877.60,626.60,1135.20,45.86,43.13,761.60,12,12,7.90,3.50,0,10.50,6.70,1.60,0.80,0.16,0.90,0
P4_zayif_mantikli_noev,14,0.33,1634.30,1070.60,2161.20,48.41,45.92,815.30,12,12,8.50,3.40,0,10.70,7.10,1.60,0.70,0.17,0.70,0
P4_zayif_mantikli_noev,15,0.33,2349.60,1436.60,3029.30,50.81,48.93,774.80,12,12,8.30,3,0,11,6.60,1.10,0.30,0.17,0.90,0
P4_zayif_mantikli_noev,16,0.33,1006.80,200.40,2344.60,52.74,50.31,801.90,13,13,8.10,4.20,0,10.80,6.80,1.80,0.40,0.20,0.70,1951.30
P4_orta_hic_ev,1,1.00,1100.33,921.50,1246.00,16.11,15.60,253.83,8,8,7.67,0.07,0,7.20,2.67,3,0.20,0.25,1,0
P4_orta_hic_ev,2,1.00,1585.53,1380.20,1792.30,20.36,19.47,496.20,8,8,7.60,0.23,0,7,5.07,2.97,0.83,0.24,1,0
P4_orta_hic_ev,3,1.00,2125.60,1789.10,2510.50,24.66,23.27,547.07,8,8,7.43,0.17,0,6.80,5.47,3,0.80,0.25,0.93,0
P4_orta_hic_ev,4,1.00,1025.83,637.60,1441.50,28.92,27.40,545.57,8,8,7.50,0.17,0,6.97,5.30,2.87,0.87,0.23,1,1630
P4_orta_hic_ev,5,1.00,1643.73,1212.00,2052.50,33.55,32.04,606.17,9.07,9.07,8.03,0.73,0,6.07,5.60,3.60,0.73,0.27,0.97,0
P4_orta_hic_ev,6,1.00,2198.53,1693.30,2700.60,37.87,35.62,513.43,9.23,9.23,7.70,1.30,0,5.73,4.57,3.83,0.73,0.29,0.93,0
P4_orta_hic_ev,7,1.00,2655.77,2046.40,3378.40,42.21,39.31,444.10,9.23,9.23,7.73,1.13,0,5.97,3.90,3.80,0.47,0.27,0.93,0
P4_orta_hic_ev,8,1.00,1231.87,580.30,1872.10,47.12,44.30,531.33,10,10,8.80,1.03,0,6.97,4.67,3.80,0.57,0.26,1,1956
P4_orta_hic_ev,9,1.00,1907.53,1339.60,2513.20,50.82,46.77,686.13,10.47,10.37,7.63,2.33,0.10,9.93,6,3.60,0.93,0.19,0.80,0
P4_orta_hic_ev,10,1.00,2664.77,1922.50,3169.10,54.15,50.38,767.60,10.17,10.10,7.17,2.73,0.07,10.37,6.57,3.47,1.33,0.18,0.90,0
P4_orta_hic_ev,11,1.00,3479.77,2539.70,4068.70,58.48,54.65,807.93,11.20,11.17,8.70,2.20,0.03,11.33,6.87,3.77,1.20,0.17,0.80,0
P4_orta_hic_ev,12,1.00,2099.77,1028.00,2910.00,62.29,57.78,987.50,11,11,8.17,2.33,0,10.97,8,3.40,1.10,0.17,1,2347
P4_orta_hic_ev,13,1.00,3333.57,2246.40,4012.80,66.30,62.60,1241.47,12.27,12.13,8.73,3.17,0.13,12.37,9.83,4.20,1.60,0.17,0.83,0
P4_orta_hic_ev,14,1.00,4467.20,3183.00,5184.70,70.25,66.24,1159.03,12.07,11.97,9,2.67,0.10,12.67,8.87,3.63,0.77,0.15,0.93,0
P4_orta_hic_ev,15,1.00,5729.03,4457.80,7037.10,74.26,70.40,1274.87,12.63,12.50,8.97,3.13,0.13,12.63,9.53,4.13,1.27,0.15,0.80,0
P4_orta_hic_ev,16,1.00,4259.63,2977.40,5769.80,78.72,74.93,1366.27,13,13,9.70,2.97,0,13.10,10.20,4.03,1.23,0.14,1,2817
P4_orta_hic_noev,1,1.00,1091.70,921.50,1209.00,16.07,15.56,244.20,8,8,7.60,0.10,0,7.17,2.57,3.03,0.33,0.24,1,0
P4_orta_hic_noev,2,1.00,1584.47,1400.80,1795.00,20.35,19.47,499.47,8,8,7.53,0.20,0,6.83,5.10,2.93,0.73,0.24,1,0
P4_orta_hic_noev,3,1.00,2148.30,1908.80,2446.80,24.76,23.66,567,8,8,7.60,0.10,0,7.10,5.67,2.93,0.87,0.24,0.93,0
P4_orta_hic_noev,4,1.00,1061.57,650.90,1458.30,28.89,27.36,558.80,8,8,7.37,0.33,0,6.67,5.43,2.93,0.90,0.22,1,1630
P4_orta_hic_noev,5,1.00,1650,1201.50,2197.00,33.23,31.41,587.20,9,9,7.73,1.07,0,6.07,5.57,3.37,0.67,0.27,0.97,0
P4_orta_hic_noev,6,1.00,2193.67,1651.70,2620.30,37.43,35.26,543.10,9,9,7.60,1.23,0,6.17,5.03,3.57,0.93,0.27,0.97,0
P4_orta_hic_noev,7,1.00,2669.57,2153.70,3143.80,41.61,39.30,483.77,9,9,7.60,1.03,0,5.77,4.37,3.50,0.57,0.27,1,0
P4_orta_hic_noev,8,1.00,1193.43,631.70,1750.60,46.11,43.54,483.47,10,10,8.27,1.63,0,6.77,4.27,4,0.63,0.27,0.97,1956
P4_orta_hic_noev,9,1.00,1910.07,1320.70,2437.80,49.63,46.27,737.77,10,10,7.57,2.23,0,10.50,6.37,3.20,1.10,0.18,0.97,0
P4_orta_hic_noev,10,1.00,2694.60,1934.30,3405.10,53.26,50.14,794.70,10,10,7.53,2.17,0,9.87,6.73,3.23,1,0.18,1,0
P4_orta_hic_noev,11,1.00,3623.67,2886.20,4421.60,57.18,54.06,951.53,11,11,8.37,2.13,0,11.90,7.90,3.40,1.13,0.16,0.97,0
P4_orta_hic_noev,12,1.00,2096.40,1239.80,3062.40,61.39,58.27,830.80,11,11,8.80,2.03,0,11.47,6.77,3.17,1.10,0.18,0.97,2347
P4_orta_hic_noev,13,1.00,3406.13,2447.20,4406.20,65.77,61.50,1332.90,12,12,9.27,2.40,0,13,10.63,3.73,1.40,0.15,0.97,0
P4_orta_hic_noev,14,1.00,4566.13,3544.70,5808.80,70.00,65.91,1183.43,12,12,9.23,2.37,0,13.40,9.20,3.47,0.93,0.15,1,0
P4_orta_hic_noev,15,1.00,5840.40,4810.10,6824.80,74.11,69.82,1299.80,12,12,9.17,2.67,0,13.10,9.93,3.43,1.10,0.15,1,0
P4_orta_hic_noev,16,1.00,4359.77,3045.70,5550.50,78.62,75.27,1355.40,13,13,9.67,3.03,0,13.67,10.13,4.13,1.27,0.14,1,2817
P4_orta_acgozlu_ev,1,1.00,869.80,727.00,1016.50,16.13,15.64,248.63,8,8,7.70,0.03,0,7.10,2.60,3,0.23,0.24,1,0
P4_orta_acgozlu_ev,2,1.00,1352.97,1116.50,1582.50,20.27,19.40,493.27,8,8,7.57,0.30,0,6.93,5.03,2.83,0.77,0.24,0.97,0
P4_orta_acgozlu_ev,3,1.00,1857.60,1582.70,2104.80,24.53,23.50,525.13,8,8,7.47,0.20,0,6.67,5.27,2.87,0.80,0.25,0.87,0
P4_orta_acgozlu_ev,4,1.00,505.90,229.00,734.00,28.61,27.02,587.10,8,8,7.40,0.33,0,6.87,5.70,2.87,0.90,0.22,1,1630
P4_orta_acgozlu_ev,5,1.00,1077.27,722.30,1382.20,32.88,30.63,563.77,9.07,9.07,7.57,1.27,0,5.87,5.20,3.73,0.90,0.29,1,0
P4_orta_acgozlu_ev,6,1.00,1625.90,1120.80,2023.20,37.37,34.46,517.63,9.23,9.23,7.87,1.20,0,5.93,4.60,4.03,0.63,0.28,0.93,0
P4_orta_acgozlu_ev,7,1.00,2053.23,1673.20,2561.70,41.75,39.10,458.30,9.23,9.23,7.63,1.37,0,5.87,4.03,4.30,0.53,0.28,0.97,0
P4_orta_acgozlu_ev,8,1.00,518.33,272.60,855.50,46.49,43.00,565.57,10,10,8.30,1.27,0,6.77,4.97,4.23,0.77,0.26,1,1925.33
P4_orta_acgozlu_ev,9,1.00,1200.90,656.20,1639.40,50.11,45.62,691.83,10.47,10.37,7.57,2.57,0.10,11.07,6.07,3.57,0.87,0.19,0.90,0
P4_orta_acgozlu_ev,10,1.00,2096.20,1377.20,2966.20,53.92,49.73,920.17,10.17,10.13,7.73,2.03,0.03,11.23,7.87,3.53,1.17,0.17,0.83,0
P4_orta_acgozlu_ev,11,1.00,3032.13,2327.30,4055.70,57.87,53.07,1097.43,11.20,11.17,8.23,2.60,0.03,12.47,9.40,3.57,1.53,0.18,0.90,0
P4_orta_acgozlu_ev,12,1.00,1109.63,445.60,1885.60,62.09,56.96,996.23,11,11,8.23,2.47,0,11.67,7.97,3.63,1.40,0.18,1,2331.53
P4_orta_acgozlu_ev,13,1.00,2653.17,1667.10,3795.20,67.73,60.67,1562.20,12.27,12.23,9.30,2.57,0.03,13.90,12.03,3.93,1.73,0.16,0.87,0
P4_orta_acgozlu_ev,14,1.00,3869.63,2851.10,4688.50,72.64,64.60,1512.10,12.07,12.07,8.90,2.90,0,13.47,11.07,3.87,1.17,0.16,0.97,0
P4_orta_acgozlu_ev,15,1.00,4529.13,3694.70,5466.70,78.52,69.55,1525.90,12.63,12.53,9.23,2.97,0.10,13.77,10.77,4.23,1.30,0.15,0.90,0
P4_orta_acgozlu_ev,16,1.00,3024.13,1435.80,4625.80,83.46,72.92,1867.87,13,13,9.37,3.33,0,14.73,11.90,3.97,1.27,0.15,1,2606.30
P4_orta_acgozlu_noev,1,1.00,877.83,727.00,1012.00,16.07,15.64,254,8,8,7.60,0.07,0,7.03,2.67,3,0.33,0.24,1,0
P4_orta_acgozlu_noev,2,1.00,1366.13,1162.50,1543.00,20.33,19.48,490,8,8,7.53,0.27,0,6.87,5,2.87,0.80,0.24,0.97,0
P4_orta_acgozlu_noev,3,1.00,1898.83,1718.80,2088.00,24.71,23.72,548.83,8,8,7.57,0.20,0,6.90,5.50,2.87,0.87,0.24,0.87,0
P4_orta_acgozlu_noev,4,1.00,564,262.30,806.00,28.82,27.04,610.63,8,8,7.57,0.27,0,6.73,5.93,2.77,1,0.21,1,1630
P4_orta_acgozlu_noev,5,1.00,1082.53,853.10,1342.70,33.07,31.26,522.07,9,9,7.60,1.13,0,5.80,4.97,3.70,0.87,0.28,1,0
P4_orta_acgozlu_noev,6,1.00,1618.30,1213.60,2039.40,37.26,35.07,546.53,9,9,7.57,1.17,0,6.10,5.07,3.63,0.60,0.27,1,0
P4_orta_acgozlu_noev,7,1.00,2077.60,1567.90,2558.20,41.35,38.40,483.43,9,9,7.37,1.43,0,5.77,4.37,3.90,0.70,0.28,1,0
P4_orta_acgozlu_noev,8,1.00,507.97,270.90,736.00,45.98,42.64,488.90,10,10,8.23,1.40,0,6.67,4.30,4.27,0.67,0.28,1,1874.23
P4_orta_acgozlu_noev,9,1.00,1196.93,707.20,1606.20,49.48,45.71,694,10,10,7.23,2.37,0,10.73,6,3.27,0.77,0.21,1,0
P4_orta_acgozlu_noev,10,1.00,2026.27,1407.30,2633.10,53.13,48.83,837.47,10,10,7.33,2.37,0,11,7.10,3.37,1.37,0.18,1,0
P4_orta_acgozlu_noev,11,1.00,2844.20,2460.50,3372.40,57.25,52.64,941.90,11,11,8.33,2.20,0,12.23,7.80,3.60,1.47,0.17,1,0
P4_orta_acgozlu_noev,12,1.00,1138,793.20,1646.30,61.29,56.36,1150,11,11,8.33,2.17,0,12.37,9.33,3.20,1.60,0.15,1,2335.40
P4_orta_acgozlu_noev,13,1.00,2487.57,1681.30,3391.70,66.38,60.42,1380.70,12,12,9.10,2.47,0,13.30,10.73,3.83,1.37,0.17,0.97,0
P4_orta_acgozlu_noev,14,1.00,3701.40,3128.20,4555.80,71.22,64.32,1418.03,12,12,8.87,2.83,0,12.93,10.77,3.87,1.47,0.17,1,0
P4_orta_acgozlu_noev,15,1.00,4402.23,3754.10,5085.20,76.43,69.86,1466.27,12,12,9,2.80,0,12.97,10.63,3.83,1.40,0.16,1,0
P4_orta_acgozlu_noev,16,1.00,2677.80,1747.20,3824.70,81.68,72.22,1720.97,13,13,9.43,3.07,0,15.37,11.83,4.07,1.37,0.16,1,2652.97
P4_orta_mantikli_ev,1,1.00,1100.33,921.50,1246.00,16.11,15.60,253.83,8,8,7.67,0.07,0,7.20,2.67,3,0.20,0.25,1,0
P4_orta_mantikli_ev,2,1.00,1585.53,1380.20,1792.30,20.36,19.47,496.20,8,8,7.60,0.23,0,7,5.07,2.97,0.83,0.24,1,0
P4_orta_mantikli_ev,3,1.00,2063.33,1789.10,2356.10,24.64,23.42,544.30,8,8,7.50,0.13,0,6.77,5.43,2.87,0.73,0.23,0.97,0
P4_orta_mantikli_ev,4,1.00,562.10,302.90,878.50,28.87,27.36,568.93,8,8,7.50,0.20,0,7,5.53,2.87,0.83,0.22,1,1630
P4_orta_mantikli_ev,5,1.00,1157.20,856.40,1491.00,33.20,31.16,607.23,9.07,9.07,7.70,1.13,0,6.07,5.60,3.87,0.70,0.30,0.97,0
P4_orta_mantikli_ev,6,1.00,1717.27,1302.60,2182.30,37.22,34.60,531.87,9.23,9.23,7.50,1.50,0,6.03,4.70,3.73,0.70,0.29,1,0
P4_orta_mantikli_ev,7,1.00,2133.10,1758.50,2674.30,41.47,38.39,488.57,9.23,9.23,7.47,1.30,0,5.90,4.37,4.23,0.60,0.28,0.97,0
P4_orta_mantikli_ev,8,1.00,375.13,146.50,706.90,46.24,43.72,467.07,10,10,8.37,1.37,0,6.27,4.13,4.50,0.40,0.29,1,1900.67
P4_orta_mantikli_ev,9,1.00,1119.40,742.60,1486.00,50.13,46.48,750.57,10.47,10.43,7.90,2.23,0.03,11.13,6.60,3.70,0.87,0.19,0.90,0
P4_orta_mantikli_ev,10,1.00,2032.53,1525.70,2529.70,54.21,51.09,938.37,10.17,10.13,7.70,2.20,0.03,11.33,8.07,3.93,1.40,0.18,0.93,0
P4_orta_mantikli_ev,11,1.00,2901.43,2482.70,3501.50,58.29,54.00,977.50,11.20,11.17,8.30,2.53,0.03,11.57,8.30,4.23,1.13,0.18,0.93,0
P4_orta_mantikli_ev,12,1.00,1010.37,375.70,1681.40,62.39,58.07,1022.40,11,11,8.27,2.40,0,12.20,8.23,3.70,1.03,0.16,1,2331.53
P4_orta_mantikli_ev,13,1.00,2640.63,1889.80,3596.10,68.25,61.64,1650.40,12.27,12.20,9.17,2.87,0.07,14.13,12.53,4.20,1.67,0.17,0.93,0
P4_orta_mantikli_ev,14,1.00,3887.63,2842.00,4705.00,73.33,63.22,1526.23,12.07,12.07,8.30,3.40,0,12.87,11.10,4.23,1.43,0.17,0.97,0
P4_orta_mantikli_ev,15,1.00,4787.50,3869.20,5953.10,78.99,68.32,1642.53,12.63,12.63,9.23,3.27,0,14.63,11.47,4.23,1.33,0.15,0.90,0
P4_orta_mantikli_ev,16,1.00,3315.80,1833.30,4776.10,84.98,73.08,2039.10,13,13,9.57,3.17,0,15.73,13.37,3.87,1.63,0.14,1,2671.60
P4_orta_mantikli_noev,1,1.00,1091.70,921.50,1209.00,16.07,15.56,244.20,8,8,7.60,0.10,0,7.17,2.57,3.03,0.33,0.24,1,0
P4_orta_mantikli_noev,2,1.00,1584.47,1400.80,1795.00,20.35,19.47,499.47,8,8,7.53,0.20,0,6.83,5.10,2.93,0.73,0.24,1,0
P4_orta_mantikli_noev,3,1.00,2096.20,1878.20,2381.30,24.76,23.66,581.90,8,8,7.70,0.03,0,7.17,5.80,2.77,0.73,0.23,0.97,0
P4_orta_mantikli_noev,4,1.00,599.20,315.50,887.60,28.95,27.36,586.27,8,8,7.47,0.17,0,6.90,5.70,2.77,1,0.23,1,1630
P4_orta_mantikli_noev,5,1.00,1148.27,890.10,1422.60,33.22,31.54,559.07,9,9,7.57,1.23,0,5.73,5.30,3.80,0.57,0.30,1,0
P4_orta_mantikli_noev,6,1.00,1660.33,1300.90,2042.10,37.50,35.92,508.10,9,9,7.57,1.13,0,6.23,4.70,3.63,0.67,0.27,1,0
P4_orta_mantikli_noev,7,1.00,2080.23,1571.80,2475.60,41.69,38.90,462.50,9,9,7.47,1.27,0,5.73,4.17,4.10,0.60,0.29,1,0
P4_orta_mantikli_noev,8,1.00,368.80,69.30,728.10,46.46,42.56,494.93,10,10,8.27,1.57,0,6.63,4.37,4.30,0.53,0.29,1,1900.70
P4_orta_mantikli_noev,9,1.00,1131.73,676.00,1640.00,50.26,46.48,777.83,10,10,7.60,1.97,0,10.97,6.67,3.60,0.93,0.19,0.97,0
P4_orta_mantikli_noev,10,1.00,2136.70,1538.60,2919.40,54.18,51.45,1029.43,10,10,7.73,2.07,0,11.37,8.70,3.50,1.27,0.17,1,0
P4_orta_mantikli_noev,11,1.00,2849.43,2300.10,3417.00,58.51,55.98,896.10,11,11,8.60,2.20,0,12.23,7.37,3.93,1.37,0.16,1,0
P4_orta_mantikli_noev,12,1.00,1014.07,600.60,1347.20,63.31,58.91,1089.90,11,11,8.70,2.03,0,12.50,8.80,3.67,1.50,0.15,1,2327.67
P4_orta_mantikli_noev,13,1.00,2405.43,1855.20,3222.50,68.94,63.30,1428.77,12,12,9,2.67,0,13,10.70,3.93,1.37,0.16,1,0
P4_orta_mantikli_noev,14,1.00,3713.27,2890.30,4811.40,74.98,67.30,1479.33,12,12,9.37,2.33,0,14,10.80,4.10,1.63,0.15,1,0
P4_orta_mantikli_noev,15,1.00,4551.70,3674.70,5610.10,80.65,70.60,1555.57,12,12,9.10,2.47,0,13.70,11,3.77,1.37,0.15,1,0
P4_orta_mantikli_noev,16,1.00,2995.23,1811.50,4547.10,85.61,74.77,1926.97,13,13,9.33,3.07,0,15.37,12.57,3.93,1.53,0.17,1,2682.47
P4_iyi_hic_ev,1,1.00,1100.23,921.00,1264.80,16.59,16.18,239.90,8,8,7.83,0.10,0,7.67,2.47,3.83,0.37,0.25,1,0
P4_iyi_hic_ev,2,1.00,1717.57,1523.20,1930.80,21.59,20.62,604.33,8,8,7.93,0,0,7.77,6.17,3.57,1.17,0.22,1,0
P4_iyi_hic_ev,3,1.00,2424.87,2161.80,2626.60,26.63,25.64,696.77,8,8,7.97,0,0,7.67,6.87,3.53,1.43,0.22,1,0
P4_iyi_hic_ev,4,1.00,1464.13,1150.50,1757.60,31.57,30.48,659.93,8,8,7.90,0.03,0,7.73,6.37,3.53,1.30,0.22,1,1630
P4_iyi_hic_ev,5,1.00,2313.30,1842.00,2751.30,36.94,35.46,814.43,9.07,9.07,8.23,0.80,0,6.83,7.37,4.57,1.20,0.26,0.97,0
P4_iyi_hic_ev,6,1.00,3110,2645.60,3554.10,42.09,40.47,747.63,9.23,9.23,8.20,0.90,0,6.47,6.47,4.50,1.33,0.26,1,0
P4_iyi_hic_ev,7,1.00,3698.83,3084.20,4269.30,47.23,44.60,554.03,9.23,9.23,8.17,1.07,0,6.47,4.77,4.47,0.87,0.27,1,0
P4_iyi_hic_ev,8,1.00,2418.90,1813.90,3115.60,52.64,49.98,660.23,10,10,8.77,1.13,0,7.07,5.63,4.90,0.70,0.26,1,1956
P4_iyi_hic_ev,9,1.00,3265,2679.40,3934.60,57.73,54.52,830.70,10.47,10.40,8.73,1.53,0.07,13.13,7.07,4.37,1.27,0.18,0.83,0
P4_iyi_hic_ev,10,1.00,4379.87,3583.40,5144.90,62.75,59.20,1100.20,10.17,10.17,8.47,1.63,0,12.80,9.03,4.40,1.93,0.16,0.93,0
P4_iyi_hic_ev,11,1.00,5638.90,4860.30,6660.10,68.23,64.71,1236.10,11.20,11.17,9.50,1.67,0.03,14.20,9.90,4.77,2.20,0.16,0.93,0
P4_iyi_hic_ev,12,1.00,4564.57,3645.00,5689.20,73.70,69.38,1263.33,11,11,9.43,1.53,0,13.80,9.67,4.50,2,0.17,1,2347
P4_iyi_hic_ev,13,1.00,6235.57,5062.30,7462.40,79.94,76.20,1651.03,12.27,12.23,10.70,1.47,0.03,14.77,12.30,5.20,2.20,0.15,0.93,0
P4_iyi_hic_ev,14,1.00,7936.97,6565.50,9421.90,85.47,81.98,1707.07,12.07,12.07,9.97,2,0,16.17,12.20,5,2.50,0.14,0.97,0
P4_iyi_hic_ev,15,1.00,9683.13,8361.20,10880.60,91.54,87.81,1726.43,12.63,12.60,10.50,2.03,0.03,15.20,12,5.67,2.20,0.14,0.90,0
P4_iyi_hic_ev,16,1.00,8625.27,7175.30,10166.30,96.95,93.88,1755.80,13,13,10.80,2.07,0,16.97,12.10,5.30,2.17,0.15,1,2817
P4_iyi_hic_noev,1,1.00,1098.80,864.00,1345.00,16.62,16.31,236.97,8,8,7.90,0.07,0,7.77,2.43,3.77,0.37,0.25,1,0
P4_iyi_hic_noev,2,1.00,1736.23,1475.70,1975.00,21.57,20.70,627.20,8,8,7.87,0,0,7.67,6.40,3.63,1.07,0.22,1,0
P4_iyi_hic_noev,3,1.00,2412.87,2189.70,2597.00,26.50,25.59,662.93,8,8,7.83,0.07,0,7.57,6.53,3.47,1.57,0.23,1,0
P4_iyi_hic_noev,4,1.00,1505.50,1211.50,1886.30,31.56,30.54,708.17,8,8,7.93,0.03,0,7.73,6.83,3.53,1.33,0.22,1,1630
P4_iyi_hic_noev,5,1.00,2316.17,1941.00,2790.50,36.60,34.99,794.77,9,9,8.07,0.87,0,6.67,7.37,4.13,1.33,0.25,1,0
P4_iyi_hic_noev,6,1.00,2995.13,2518.50,3498.70,41.59,39.75,659.73,9,9,7.80,1.07,0,6.37,5.97,4.47,1.33,0.26,1,0
P4_iyi_hic_noev,7,1.00,3616.30,3025.00,4072.80,46.55,44.15,609.43,9,9,8.03,0.93,0,6.30,5.37,4.37,0.70,0.25,1,0
P4_iyi_hic_noev,8,1.00,2293.60,1689.70,2747.30,51.74,49.52,620.73,10,10,8.60,1.30,0,6.77,5.30,4.77,0.70,0.26,1,1956
P4_iyi_hic_noev,9,1.00,3126.10,2533.30,3717.80,56.78,53.80,817.40,10,10,8.60,1.30,0,12.90,6.80,4.23,1.30,0.17,1,0
P4_iyi_hic_noev,10,1.00,4408.30,3684.50,5193.20,61.90,59.40,1274.50,10,10,8.83,1.13,0,13.87,10.33,4.03,2.23,0.15,1,0
P4_iyi_hic_noev,11,1.00,5626.47,4468.00,6421.40,67.17,63.43,1202.67,11,11,9.10,1.83,0,13.87,9.50,4.60,1.93,0.16,1,0
P4_iyi_hic_noev,12,1.00,4632.03,3698.20,5511.60,72.58,68.48,1336.40,11,11,9.37,1.57,0,13.77,10.30,4.40,2.37,0.16,1,2347
P4_iyi_hic_noev,13,1.00,6306.47,5174.00,7622.50,78.50,74.39,1668.10,12,12,10.23,1.73,0,14.97,12.53,5.07,2.50,0.15,1,0
P4_iyi_hic_noev,14,1.00,8022.33,6821.40,9308.90,84.18,79.18,1700.97,12,12,9.97,1.93,0,15.13,12.43,4.93,2.40,0.15,1,0
P4_iyi_hic_noev,15,1.00,9537.17,7891.90,11259.50,89.75,83.79,1505.77,12,12,9.90,2.03,0,15.03,10.70,4.87,1.87,0.16,1,0
P4_iyi_hic_noev,16,1.00,8496.03,6711.50,10335.70,95.20,89.55,1765.63,13,13,10.23,2.73,0,15.67,12.27,5.43,2.13,0.16,1,2817
P4_iyi_acgozlu_ev,1,1.00,859.67,691.20,1119.50,16.69,16.39,226.17,8,8,7.93,0,0,7.67,2.33,3.90,0.30,0.24,1,0
P4_iyi_acgozlu_ev,2,1.00,1492.67,1147.20,1838.00,21.58,20.64,620.67,8,8,7.80,0.10,0,7.60,6.33,3.57,1.13,0.23,1,0
P4_iyi_acgozlu_ev,3,1.00,2113.73,1807.90,2486.50,26.61,25.74,664.43,8,8,7.83,0.07,0,7.60,6.53,3.60,1.23,0.22,1,0
P4_iyi_acgozlu_ev,4,1.00,785.40,571.40,1059.60,31.61,30.56,808.90,8,8,7.97,0,0,7.70,7.80,3.47,1.47,0.21,1,1630
P4_iyi_acgozlu_ev,5,1.00,1471,1149.20,1826.40,36.74,34.85,662.47,9.07,9.07,7.97,1.07,0,6.13,6,4.60,1.20,0.29,1,0
P4_iyi_acgozlu_ev,6,1.00,2187.33,1898.00,2535.20,41.73,39.26,681.60,9.23,9.23,7.87,1.30,0,6.13,5.87,4.87,0.80,0.29,1,0
P4_iyi_acgozlu_ev,7,1.00,2563.47,2191.30,2944.70,46.83,43.62,592.57,9.23,9.20,8,1.20,0.03,6.73,5.13,4.93,0.80,0.27,0.97,0
P4_iyi_acgozlu_ev,8,1.00,823.70,538.60,1186.80,52.08,49.68,748.77,10,10,8.30,1.60,0,7.13,6.37,5.13,1,0.27,1,1956
P4_iyi_acgozlu_ev,9,1.00,1874.17,1227.80,2343.60,57.62,54.68,1043,10.47,10.47,8.47,1.97,0,13.80,8.97,4.47,1.80,0.21,0.97,0
P4_iyi_acgozlu_ev,10,1.00,3200.97,2466.10,4016.70,63.31,59.52,1344.13,10.17,10.17,8.20,1.93,0,13.60,11.07,4.43,1.97,0.21,0.93,0
P4_iyi_acgozlu_ev,11,1.00,4054.83,3168.60,5159.00,69.50,64.28,1419.80,11.20,11.20,9.17,1.87,0,15.27,11.57,4.87,2.17,0.19,1,0
P4_iyi_acgozlu_ev,12,1.00,2274.77,1053.10,3664.20,77.39,70.31,1702.50,11,11,9.07,1.93,0,15.17,12.47,4.53,2.47,0.18,1,2292.87
P4_iyi_acgozlu_ev,13,1.00,4527.13,3452.20,5602.60,87.14,76.83,2523.23,12.27,12.27,9.57,2.53,0,16.57,16.53,5,2.57,0.20,0.97,0
P4_iyi_acgozlu_ev,14,1.00,5818.20,4611.80,7490.80,94.43,86.16,2313.93,12.07,12.07,9.40,2.63,0,16.67,14.07,5.03,1.60,0.19,0.97,0
P4_iyi_acgozlu_ev,15,1.00,8315.13,5898.00,11315.00,98.81,96.26,3200.67,12.63,12.63,9.53,3,0,17.10,16.97,5.20,2.30,0.19,0.97,0
P4_iyi_acgozlu_ev,16,1.00,8653.53,6238.70,11771.00,99.56,99.52,3162.90,13,13,9.73,3.20,0,17.27,16.13,5.23,1.77,0.19,1,2208.27
P4_iyi_acgozlu_noev,1,1.00,871.73,639.00,1119.50,16.68,16.40,239.07,8,8,7.97,0,0,7.80,2.47,3.83,0.40,0.24,1,0
P4_iyi_acgozlu_noev,2,1.00,1524,1299.50,1754.30,21.59,20.88,637,8,8,7.80,0.07,0,7.50,6.50,3.50,1.30,0.23,1,0
P4_iyi_acgozlu_noev,3,1.00,2137,1864.00,2364.40,26.59,25.78,664.60,8,8,7.80,0.10,0,7.57,6.53,3.57,1.10,0.23,1,0
P4_iyi_acgozlu_noev,4,1.00,750.60,422.90,1084.50,31.55,30.15,763.43,8,8,7.93,0,0,7.77,7.37,3.43,1.30,0.22,1,1630
P4_iyi_acgozlu_noev,5,1.00,1416.10,1061.80,1838.30,36.59,35.24,654.20,9,9,8.03,0.93,0,6.27,6.07,4.33,1.37,0.28,1,0
P4_iyi_acgozlu_noev,6,1.00,2049.77,1564.90,2588.20,41.59,39.04,620.13,9,9,8,0.97,0,6.37,5.60,4.53,0.90,0.27,1,0
P4_iyi_acgozlu_noev,7,1.00,2517.90,2317.60,2847.50,46.53,43.42,631.87,9,9,7.77,1.13,0,6.50,5.57,4.67,1.10,0.27,1,0
P4_iyi_acgozlu_noev,8,1.00,774.67,343.30,1201.60,52.07,48.62,683.50,10,10,8.60,1.30,0,7.13,5.83,5.30,0.87,0.27,1,1956
P4_iyi_acgozlu_noev,9,1.00,1824.23,1342.70,2509.30,57.30,54.36,1043,10,10,8,1.97,0,13.33,8.67,4.47,1.47,0.21,1,0
P4_iyi_acgozlu_noev,10,1.00,3165.90,2471.00,3816.70,62.78,58.56,1357.23,10,10,8.33,1.67,0,13.70,10.97,4.27,2.23,0.20,1,0
P4_iyi_acgozlu_noev,11,1.00,3966.50,3303.70,4661.70,68.63,63.99,1350.30,11,11,8.93,2,0,14.67,10.60,4.73,2.27,0.20,1,0
P4_iyi_acgozlu_noev,12,1.00,1953.23,1391.30,3058.80,76.82,70.57,1637.30,11,11,9.33,1.60,0,15.30,12.27,4.77,2.63,0.18,1,2273.53
P4_iyi_acgozlu_noev,13,1.00,4488.33,3408.90,5563.70,87.66,79.28,2647.30,12,12,9.67,2.10,0,16.60,16.73,4.73,2.73,0.18,1,0
P4_iyi_acgozlu_noev,14,1.00,5734.40,4339.10,7315.80,95.39,87.48,2222.83,12,12,9.30,2.60,0,15.90,13.47,4.80,2.10,0.20,1,0
P4_iyi_acgozlu_noev,15,1.00,7712,5972.60,9739.30,99.46,99.18,2456.10,12,12,8.87,2.93,0,15.73,13.33,4.93,2.10,0.18,1,0
P4_iyi_acgozlu_noev,16,1.00,7791.17,5518.70,10495.80,99.88,99.60,2987.83,13,13,10.30,2.70,0,17.70,15.80,5.13,2.03,0.19,1,2182.67
P4_iyi_mantikli_ev,1,1.00,1100.23,921.00,1264.80,16.59,16.18,239.90,8,8,7.83,0.10,0,7.67,2.47,3.83,0.37,0.25,1,0
P4_iyi_mantikli_ev,2,1.00,1717.57,1523.20,1930.80,21.59,20.62,604.33,8,8,7.93,0,0,7.77,6.17,3.57,1.17,0.22,1,0
P4_iyi_mantikli_ev,3,1.00,2296.10,2085.70,2568.30,26.60,25.80,727,8,8,7.83,0.10,0,7.67,7.17,3.67,1.23,0.22,0.97,0
P4_iyi_mantikli_ev,4,1.00,1023.23,781.80,1330.80,31.41,30.48,840.30,8,8,7.83,0.07,0,7.73,8.10,3.37,1.50,0.21,1,1630
P4_iyi_mantikli_ev,5,1.00,1756.57,1400.80,1992.60,36.77,34.95,772.40,9.07,9.07,8.20,0.83,0,6.93,6.97,4.90,1.37,0.27,1,0
P4_iyi_mantikli_ev,6,1.00,2405,2114.90,2727.70,42.58,39.74,658.17,9.23,9.23,8.57,0.60,0,6.93,5.67,5.20,0.90,0.25,1,0
P4_iyi_mantikli_ev,7,1.00,2619.30,2269.50,2907.30,48.06,43.94,686.33,9.23,9.23,8.20,0.87,0,6.83,5.90,5.07,1.23,0.26,1,0
P4_iyi_mantikli_ev,8,1.00,955.80,469.40,1738.00,53.68,49.42,905.33,10,10,8.70,1.30,0,7.27,7.60,5.03,1,0.26,1,1956
P4_iyi_mantikli_ev,9,1.00,2337.17,1594.00,3067.00,58.05,53.92,1384.37,10.47,10.47,7.77,2.60,0,13.77,11.47,4.40,1.53,0.21,0.97,0
P4_iyi_mantikli_ev,10,1.00,3421.13,2816.60,4186.40,62.36,57.59,1309.87,10.17,10.17,7.23,2.87,0,13,10.57,4.83,1.67,0.21,0.97,0
P4_iyi_mantikli_ev,11,1.00,4394.20,3732.00,5293.60,67.04,62.33,1763.63,11.20,11.20,8.27,2.80,0,14.67,13.67,5.03,2.73,0.20,1,0
P4_iyi_mantikli_ev,12,1.00,2869.70,1813.70,4080.80,73.70,68.10,2073.53,11,11,8.57,2.37,0,15.17,14.17,4.47,2.30,0.18,1,2289.30
P4_iyi_mantikli_ev,13,1.00,5071.03,3987.10,5846.40,82.73,76.33,2678.53,12.27,12.27,9.03,3.20,0,16.47,16.87,5.17,1.63,0.19,0.97,0
P4_iyi_mantikli_ev,14,1.00,6812.77,5413.50,8424.50,91.60,84.93,2633.27,12.07,12.07,9,3.03,0,16.03,14.93,4.97,1.67,0.21,0.97,0
P4_iyi_mantikli_ev,15,1.00,9056.17,6934.60,11305.40,98.43,95.40,2880.33,12.63,12.63,8.77,3.73,0,16.13,14.70,5.70,1.67,0.22,0.97,0
P4_iyi_mantikli_ev,16,1.00,9978.37,7200.40,13435.80,99.88,99.60,3332.17,13,13,9.40,3.53,0,17.40,16.07,5.37,1.50,0.20,1,1998.40
P4_iyi_mantikli_noev,1,1.00,1098.80,864.00,1345.00,16.62,16.31,236.97,8,8,7.90,0.07,0,7.77,2.43,3.77,0.37,0.25,1,0
P4_iyi_mantikli_noev,2,1.00,1736.23,1475.70,1975.00,21.57,20.70,627.20,8,8,7.87,0,0,7.67,6.40,3.63,1.07,0.22,1,0
P4_iyi_mantikli_noev,3,1.00,2264.47,2076.90,2536.50,26.56,25.77,700.20,8,8,7.80,0.10,0,7.57,6.90,3.63,1.40,0.23,0.97,0
P4_iyi_mantikli_noev,4,1.00,978.17,670.80,1330.80,31.54,30.68,830.67,8,8,7.90,0.07,0,7.70,8,3.37,1.37,0.21,1,1630
P4_iyi_mantikli_noev,5,1.00,1653.03,1345.00,1967.60,36.93,35.42,711.63,9,9,8.47,0.53,0,7,6.60,4.53,1.23,0.25,1,0
P4_iyi_mantikli_noev,6,1.00,2222.93,1874.30,2662.30,42.35,40.16,563.37,9,9,8.20,0.70,0,6.63,5.07,4.70,0.93,0.26,1,0
P4_iyi_mantikli_noev,7,1.00,2612.37,2251.60,2968.30,47.42,43.43,698.73,9,9,7.77,1.13,0,6.50,6.13,4.83,1.13,0.26,1,0
P4_iyi_mantikli_noev,8,1.00,757.57,373.80,1266.00,53.20,49.11,753.70,10,10,8.80,1.13,0,7.13,6.40,5.37,0.77,0.27,1,1956
P4_iyi_mantikli_noev,9,1.00,2051.47,1590.60,2550.90,57.79,53.63,1282.53,10,10,7.73,2.20,0,13.33,10.53,4.23,1.97,0.21,1,0
P4_iyi_mantikli_noev,10,1.00,3417.93,2777.10,4058.40,62.48,56.26,1473.07,10,10,7.70,2.20,0,13.53,11.87,4.30,2.20,0.20,1,0
P4_iyi_mantikli_noev,11,1.00,4383.57,3793.10,5109.10,67.39,60.24,1699.33,11,11,8.50,2.27,0,15.10,13.37,4.40,2.13,0.19,1,0
P4_iyi_mantikli_noev,12,1.00,2843.03,1637.30,3952.60,74.16,66.52,2032.50,11,11,8.77,2.23,0,15.50,14.50,4.30,2.23,0.19,1,2308.53
P4_iyi_mantikli_noev,13,1.00,4754.03,3896.60,5564.60,83.11,72.36,2435.37,12,12,9.20,2.73,0,15.73,15.53,4.93,1.73,0.19,1,0
P4_iyi_mantikli_noev,14,1.00,6157.93,4755.40,7692.30,91.03,77.97,2411.90,12,12,8.50,3.30,0,15.47,14.10,4.97,1.33,0.20,1,0
P4_iyi_mantikli_noev,15,1.00,8379.80,6283.60,10104.50,96.58,88.08,2898.60,12,12,9.47,2.50,0,16.43,15.03,4.77,1.90,0.19,1,0
P4_iyi_mantikli_noev,16,1.00,9359.30,6156.60,11884.30,98.74,97.03,3456.20,13,13,9.87,3.03,0,18.03,17.07,5.07,1.93,0.20,1,2008.20
