cell,day,alive,money_mean,money_p10,money_p90,prestige_mean,prestige_p10,income_mean,quota,spawned_mean,served_mean,lost_mean,missed_mean,packed_mean,delivered_mean,phone_mean,trucksFull_mean,idle_frac,early_frac,rent_mean
P1_zayif_hic_ev,1,1.00,516.05,495.00,555.00,12.70,12.20,19.98,4,4,2.79,0.95,0,1.88,0.36,0.08,0.18,0.16,0.95,0
P1_zayif_hic_ev,2,1.00,555.04,485.00,650.00,13.03,12.32,48.58,4,4,2.42,1.37,0,1.77,0.88,0.14,0.49,0.18,0.92,0
P1_zayif_hic_ev,3,1.00,595.48,495.00,705.00,13.29,12.48,55.73,4,4,2.38,1.43,0,1.72,1.01,0.10,0.59,0.17,0.91,0
P1_zayif_hic_ev,4,1.00,358.21,229.50,480.00,13.58,12.60,66.38,4,4,2.39,1.42,0,1.70,1.21,0.15,0.66,0.15,0.99,290
P1_zayif_hic_ev,5,1.00,416.93,285.00,550.30,13.77,12.68,68.39,4.08,4.04,2.21,1.63,0.05,1.44,1.19,0.32,0.67,0.20,0.94,0
P1_zayif_hic_ev,6,1.00,468.76,325.00,608.30,14.08,12.72,57.52,4.09,4.07,2.32,1.55,0.02,1.36,1.00,0.32,0.54,0.21,0.98,0
P1_zayif_hic_ev,7,1.00,515.37,362.70,669.10,14.39,13.00,54.91,4.08,4.06,2.39,1.53,0.02,1.45,0.97,0.30,0.51,0.21,0.98,0
P1_zayif_hic_ev,8,1.00,222.81,66.90,390.20,14.69,13.06,64.50,5,4.96,2.80,1.93,0.04,1.84,1.15,0.34,0.69,0.22,0.94,341.81
P1_zayif_hic_ev,9,1.00,281.56,111.80,447.10,14.42,12.52,72.20,5.16,4.88,2.19,2.46,0.28,2.21,1.32,0.28,0.75,0.16,0.77,0
P1_zayif_hic_ev,10,1.00,350.35,160.80,539.10,14.09,11.92,83.91,5.20,4.93,2.21,2.55,0.27,2.78,1.52,0.14,0.85,0.09,0.77,0
P1_zayif_hic_ev,11,1.00,428.14,224.50,638.70,13.97,11.59,95.03,5.15,4.96,2.39,2.37,0.19,2.69,1.71,0.16,0.95,0.07,0.84,0
P1_zayif_hic_ev,12,1.00,154.20,45.90,346.90,13.88,11.36,98.25,5,5,2.45,2.37,0,2.86,1.76,0.08,1.02,0.05,1,354.05
P1_zayif_hic_ev,13,0.96,263.81,98.60,455.60,13.56,10.95,131.63,6.19,5.57,2.60,2.70,0.62,3.37,2.34,0.11,1.18,0.05,0.40,0
P1_zayif_hic_ev,14,0.96,377.64,192.00,596.60,13.28,10.71,131.31,6.07,5.67,2.66,2.79,0.40,3.42,2.33,0.07,1.21,0.05,0.60,0
P1_zayif_hic_ev,15,0.96,485.59,278.60,749.40,13.03,10.23,130.70,6.17,5.83,2.76,2.84,0.34,3.38,2.34,0.09,1.18,0.04,0.69,0
P1_zayif_hic_ev,16,0.96,216.29,49.00,451.20,12.85,9.95,128.10,6,5.99,2.73,2.98,0.01,3.32,2.31,0.09,1.20,0.03,0.97,378.04
P1_zayif_hic_noev,1,1.00,515.98,495.00,555.00,12.69,12.20,19.07,4,4,2.80,0.95,0,1.89,0.35,0.06,0.17,0.16,0.96,0
P1_zayif_hic_noev,2,1.00,556.58,480.00,650.00,12.98,12.32,51.52,4,4,2.38,1.40,0,1.72,0.94,0.15,0.48,0.18,0.92,0
P1_zayif_hic_noev,3,1.00,597.73,485.00,705.30,13.27,12.48,55,4,4,2.43,1.37,0,1.75,1,0.10,0.59,0.17,0.91,0
P1_zayif_hic_noev,4,1.00,359.63,220.00,480.00,13.54,12.60,64.90,4,4,2.34,1.44,0,1.71,1.18,0.16,0.66,0.16,0.98,290
P1_zayif_hic_noev,5,1.00,409.94,279.80,535.00,13.74,12.60,65.28,4,4,2.22,1.59,0,1.39,1.19,0.29,0.68,0.19,0.99,0
P1_zayif_hic_noev,6,1.00,454.42,309.50,595.00,14.04,12.76,56.77,4,4,2.31,1.53,0,1.43,1.03,0.32,0.54,0.20,1,0
P1_zayif_hic_noev,7,1.00,492.85,329.50,653.00,14.38,13.00,50.28,4,4,2.35,1.44,0,1.42,0.91,0.33,0.47,0.21,1,0
P1_zayif_hic_noev,8,1.00,201.82,59.90,367.00,14.72,13.16,61.45,5,4.92,2.82,1.87,0.08,1.82,1.10,0.32,0.65,0.22,0.91,338.73
P1_zayif_hic_noev,9,1.00,261.84,92.90,430.20,14.62,12.92,74.93,5,4.97,2.36,2.42,0.03,2.15,1.33,0.23,0.77,0.15,0.97,0
P1_zayif_hic_noev,10,1.00,333.41,144.70,515.20,14.53,12.56,89.02,5,4.99,2.46,2.35,0.01,2.71,1.59,0.11,0.89,0.06,0.99,0
P1_zayif_hic_noev,11,1.00,415.68,214.70,602.10,14.52,12.44,98.45,5,5,2.48,2.31,0,2.86,1.76,0.11,0.99,0.04,1,0
P1_zayif_hic_noev,12,1.00,144.46,41.50,307.10,14.36,12.16,96.93,5,5,2.32,2.50,0,3.05,1.73,0.07,1.03,0.03,1,350.84
P1_zayif_hic_noev,13,0.95,255.12,115.40,441.80,14.14,12.02,138,6,5.58,2.63,2.73,0.42,3.41,2.46,0.05,1.29,0.04,0.51,0
P1_zayif_hic_noev,14,0.95,363.47,188.40,579.80,13.97,11.54,126.67,6,5.81,2.73,2.86,0.19,3.42,2.26,0.10,1.14,0.04,0.74,0
P1_zayif_hic_noev,15,0.95,475.21,274.00,719.80,13.86,11.04,131.09,6,5.89,2.82,2.85,0.11,3.44,2.35,0.07,1.23,0.03,0.84,0
P1_zayif_hic_noev,16,0.95,197.18,38.00,433.20,13.71,10.92,132.26,6,5.99,2.78,3.01,0.01,3.38,2.38,0.08,1.27,0.03,0.99,393.09
P1_zayif_acgozlu_ev,1,1.00,218.62,195.00,255.00,12.38,11.96,22.55,4,4,2.34,1.39,0,1.63,0.41,0.17,0.21,0.20,0.93,0
P1_zayif_acgozlu_ev,2,1.00,154.58,102.70,225.00,12.57,11.84,44.55,4,4,2.23,1.58,0,1.67,0.81,0.12,0.44,0.19,0.93,0
P1_zayif_acgozlu_ev,3,1.00,140.34,75.00,220.00,12.88,12.04,54.45,4,4,2.45,1.31,0,1.78,0.99,0.11,0.56,0.17,0.90,0
P1_zayif_acgozlu_ev,4,1.00,27.62,14.00,44.00,13.15,12.12,67.47,4,4,2.38,1.43,0,1.72,1.23,0.17,0.77,0.16,0.99,112.90
P1_zayif_acgozlu_ev,5,1.00,86.39,14.00,158.20,13.49,12.24,67.04,4.08,4.05,2.39,1.49,0.04,1.53,1.17,0.36,0.67,0.21,0.95,0
P1_zayif_acgozlu_ev,6,1.00,128.57,28.90,231.00,13.88,12.40,63.07,4.09,4.06,2.48,1.39,0.03,1.53,1.10,0.28,0.63,0.21,0.96,0
P1_zayif_acgozlu_ev,7,1.00,147.22,54.90,233.00,14.27,12.64,57.61,4.08,4.07,2.49,1.41,0.01,1.57,1.02,0.33,0.56,0.20,0.98,0
P1_zayif_acgozlu_ev,8,1.00,159.24,80.50,252.10,12.73,10.56,65.32,5,4.96,2.92,1.84,0.04,1.86,1.17,0.37,0.63,0.21,0.94,3.52
P1_zayif_acgozlu_ev,9,1.00,180.65,95.90,267.10,12.61,10.40,76.73,5.16,4.91,2.39,2.31,0.25,2.31,1.41,0.25,0.79,0.15,0.80,0
P1_zayif_acgozlu_ev,10,1.00,210.38,105.00,305.10,12.39,9.96,88.82,5.20,4.93,2.30,2.43,0.27,2.87,1.62,0.17,0.91,0.10,0.79,0
P1_zayif_acgozlu_ev,11,1.00,212.65,116.00,305.00,12.26,9.36,101.37,5.15,4.99,2.44,2.37,0.16,2.93,1.83,0.12,1.03,0.07,0.86,0
P1_zayif_acgozlu_ev,12,1.00,214.87,111.90,316.20,12.23,9.24,101.43,5,5,2.46,2.33,0,2.87,1.82,0.13,1.01,0.06,1,5.36
P1_zayif_acgozlu_ev,13,0.03,225.33,145.00,286.20,11.62,9.24,174,6.11,5.33,2.56,2.56,0.78,3.56,3.11,0,1.67,0.07,0.44,0
P1_zayif_acgozlu_ev,14,0.03,245.67,186.20,303.80,11.19,8.89,121.78,6.11,5.89,2.44,3.11,0.22,3.78,2.22,0,1.22,0.06,0.67,0
P1_zayif_acgozlu_ev,15,0.03,323.33,150.60,453.40,10.53,8.76,176.78,6.44,6,2.33,3.44,0.44,3.67,3.11,0.11,1.56,0.08,0.56,0
P1_zayif_acgozlu_ev,16,0.03,281.33,211.40,357.60,10.80,8.55,148.56,6,6,3.22,2.56,0,3.33,2.67,0.22,1.22,0.06,1,0
P1_zayif_acgozlu_noev,1,1.00,216.85,195.00,255.00,12.38,11.96,21.08,4,4,2.34,1.42,0,1.60,0.38,0.19,0.19,0.20,0.94,0
P1_zayif_acgozlu_noev,2,1.00,152.80,100.00,220.00,12.55,11.84,43.63,4,4,2.26,1.57,0,1.63,0.79,0.13,0.42,0.19,0.93,0
P1_zayif_acgozlu_noev,3,1.00,135.51,75.00,210.00,12.86,11.92,52.25,4,4,2.44,1.33,0,1.76,0.95,0.11,0.51,0.18,0.89,0
P1_zayif_acgozlu_noev,4,1.00,27.46,14.90,44.00,13.15,12.12,68.20,4,4,2.39,1.41,0,1.71,1.24,0.18,0.75,0.16,0.97,113.25
P1_zayif_acgozlu_noev,5,1.00,79.82,8.90,147.00,13.44,12.23,63.07,4,4,2.30,1.56,0,1.53,1.15,0.35,0.64,0.19,1.00,0
P1_zayif_acgozlu_noev,6,1.00,120.14,24.90,212.00,13.83,12.44,61.02,4,4,2.44,1.41,0,1.59,1.11,0.26,0.62,0.19,1,0
P1_zayif_acgozlu_noev,7,1.00,142.25,55.00,224.10,14.25,12.76,60.88,4,4,2.47,1.35,0,1.52,1.10,0.31,0.59,0.20,1,0
P1_zayif_acgozlu_noev,8,1.00,157.32,80.70,245.10,12.72,11.08,65.22,5,4.95,2.94,1.83,0.05,1.86,1.17,0.37,0.68,0.21,0.94,3.95
P1_zayif_acgozlu_noev,9,1.00,178.22,98.90,268.20,12.71,10.76,75.87,5,4.97,2.45,2.28,0.03,2.34,1.38,0.25,0.80,0.15,0.96,0
P1_zayif_acgozlu_noev,10,1.00,213.62,125.00,313.10,12.59,10.36,92.80,5,4.98,2.36,2.44,0.02,2.85,1.67,0.17,0.99,0.08,0.98,0
P1_zayif_acgozlu_noev,11,1.00,206.98,116.80,296.00,12.49,10.04,96.83,5,5.00,2.34,2.46,0.00,2.80,1.74,0.16,0.95,0.06,0.99,0
P1_zayif_acgozlu_noev,12,1.00,209.35,117.90,309.10,12.37,9.92,100.40,5,5,2.40,2.40,0,3.00,1.80,0.13,1.07,0.05,1,2.65
P1_zayif_acgozlu_noev,13,0.03,220,70.30,318.30,12.10,9.71,131.62,6,5.62,2.88,2.62,0.38,3.12,2.38,0,1.38,0.11,0.50,0
P1_zayif_acgozlu_noev,14,0.03,215.38,64.50,309.40,11.43,9.23,152.25,6,5.88,2.25,3.12,0.12,3.50,2.75,0,1.38,0.01,0.75,0
P1_zayif_acgozlu_noev,15,0.03,238.38,156.50,323.30,11.49,9.56,117.62,6,6,3,2.88,0,3,2.12,0.25,1.25,0.04,1,0
P1_zayif_acgozlu_noev,16,0.03,213.88,141.00,308.90,11.07,9.06,97.38,6,6,2.75,3,0,4,1.75,0,0.62,0.03,1,0
P1_zayif_mantikli_ev,1,1.00,218.62,195.00,255.00,12.38,11.96,22.55,4,4,2.34,1.39,0,1.63,0.41,0.17,0.21,0.20,0.93,0
P1_zayif_mantikli_ev,2,1.00,221.69,180.00,280.00,12.64,11.88,44.55,4,4,2.31,1.49,0,1.74,0.81,0.12,0.43,0.18,0.92,0
P1_zayif_mantikli_ev,3,1.00,220.52,170.00,290.00,12.93,12.04,55.37,4,4,2.42,1.35,0,1.67,1.01,0.11,0.57,0.17,0.94,0
P1_zayif_mantikli_ev,4,1.00,40.28,27.00,54.00,13.21,12.20,63.43,4,4,2.39,1.46,0,1.69,1.15,0.17,0.65,0.15,0.99,184.94
P1_zayif_mantikli_ev,5,1.00,99.24,15.00,184.10,13.50,12.16,66.49,4.08,4.06,2.32,1.58,0.03,1.46,1.16,0.35,0.66,0.19,0.96,0
P1_zayif_mantikli_ev,6,1.00,151.32,40.90,263.00,13.83,12.40,62.63,4.09,4.08,2.39,1.50,0.01,1.54,1.09,0.30,0.62,0.20,0.98,0
P1_zayif_mantikli_ev,7,1.00,189.01,86.80,297.00,14.22,12.56,56.12,4.08,4.07,2.50,1.41,0.01,1.55,0.99,0.25,0.56,0.20,0.98,0
P1_zayif_mantikli_ev,8,1.00,184.00,30.70,303.30,12.97,10.88,69.73,5,4.96,2.86,1.91,0.04,1.86,1.25,0.32,0.64,0.21,0.96,45.14
P1_zayif_mantikli_ev,9,1.00,226.83,69.90,351.00,12.80,10.64,67.32,5.16,4.89,2.35,2.36,0.27,2.37,1.24,0.25,0.68,0.16,0.79,0
P1_zayif_mantikli_ev,10,1.00,284.98,127.90,411.10,12.60,10.32,90.63,5.20,4.98,2.33,2.43,0.22,2.74,1.64,0.18,0.96,0.09,0.81,0
P1_zayif_mantikli_ev,11,1.00,297.33,193.80,396.10,12.48,10.00,94.59,5.15,5,2.42,2.39,0.15,2.82,1.72,0.10,0.95,0.06,0.87,0
P1_zayif_mantikli_ev,12,1.00,268.70,45.50,383.00,12.07,9.64,102.58,5,5,2.42,2.38,0,2.90,1.85,0.08,1.06,0.05,1,59.84
P1_zayif_mantikli_ev,13,0.32,267.24,70.00,455.50,11.99,9.42,135.17,6.15,5.70,2.79,2.72,0.45,3.54,2.45,0.07,1.22,0.04,0.58,0
P1_zayif_mantikli_ev,14,0.32,353.56,207.50,520.00,11.73,8.64,135.68,6.08,5.76,2.66,2.92,0.32,3.54,2.39,0.08,1.21,0.04,0.71,0
P1_zayif_mantikli_ev,15,0.32,394.83,255.00,513.50,11.55,8.00,126.32,6.19,5.90,2.84,2.90,0.29,3.72,2.24,0.06,1.07,0.04,0.74,0
P1_zayif_mantikli_ev,16,0.32,312.91,47.50,455.50,11.28,7.82,151.21,6,5.99,2.83,2.94,0.01,3.34,2.72,0.06,1.41,0.02,0.99,88.18
P1_zayif_mantikli_noev,1,1.00,216.85,195.00,255.00,12.38,11.96,21.08,4,4,2.34,1.42,0,1.60,0.38,0.19,0.19,0.20,0.94,0
P1_zayif_mantikli_noev,2,1.00,220.96,180.00,275.00,12.62,11.88,44.37,4,4,2.35,1.48,0,1.70,0.81,0.12,0.42,0.18,0.92,0
P1_zayif_mantikli_noev,3,1.00,219.41,164.50,285.00,12.87,11.92,55.37,4,4,2.36,1.39,0,1.67,1.01,0.09,0.56,0.17,0.94,0
P1_zayif_mantikli_noev,4,1.00,39.85,21.90,54.00,13.14,12.08,67.65,4,4,2.39,1.45,0,1.70,1.23,0.13,0.66,0.15,0.99,188.13
P1_zayif_mantikli_noev,5,1.00,93.01,20.90,173.30,13.41,12.16,63.82,4,4,2.29,1.53,0,1.48,1.16,0.29,0.67,0.20,1.00,0
P1_zayif_mantikli_noev,6,1.00,143.81,45.90,243.40,13.77,12.36,62.55,4,4,2.41,1.43,0,1.55,1.14,0.26,0.66,0.19,1,0
P1_zayif_mantikli_noev,7,1.00,180.11,69.90,291.00,14.13,12.60,56.80,4,4,2.41,1.45,0,1.48,1.03,0.30,0.58,0.21,1,0
P1_zayif_mantikli_noev,8,1.00,171.68,26.90,293.10,12.93,10.80,56.57,5,4.96,2.87,1.89,0.04,1.80,1.02,0.38,0.59,0.22,0.95,40.41
P1_zayif_mantikli_noev,9,1.00,221.89,58.80,349.10,12.88,10.72,71.28,5,4.96,2.38,2.42,0.04,2.24,1.29,0.29,0.76,0.15,0.96,0
P1_zayif_mantikli_noev,10,1.00,276.36,120.00,406.00,12.85,10.59,85.66,5,4.99,2.48,2.31,0.01,2.81,1.55,0.13,0.85,0.07,0.99,0
P1_zayif_mantikli_noev,11,1.00,303.09,181.10,421.10,12.70,10.12,100.47,5,5,2.34,2.48,0,2.88,1.82,0.09,1.00,0.05,1,0
P1_zayif_mantikli_noev,12,1.00,270.82,43.00,385.10,12.26,9.79,106.27,5,5,2.44,2.36,0,2.85,1.92,0.09,1.10,0.04,1,62.36
P1_zayif_mantikli_noev,13,0.34,274.02,80.40,445.20,12.38,9.55,126.63,6,5.64,2.71,2.73,0.36,3.56,2.29,0.04,1.13,0.03,0.61,0
P1_zayif_mantikli_noev,14,0.34,360.62,175.20,504.80,12.30,9.23,146.24,6,5.80,2.88,2.79,0.20,3.53,2.65,0.04,1.48,0.03,0.77,0
P1_zayif_mantikli_noev,15,0.34,403.10,250.60,526.20,12.04,8.97,128.05,6,5.90,2.63,3.05,0.10,3.59,2.32,0.08,1.20,0.04,0.85,0
P1_zayif_mantikli_noev,16,0.34,331.84,77.40,460.00,11.94,8.80,136.50,6,5.98,2.98,2.82,0.02,3.47,2.47,0.05,1.26,0.04,0.96,69.44
P1_orta_hic_ev,1,1.00,531.60,495.00,610.00,13.04,12.40,34.47,4,4,2.90,0.98,0,2.66,0.63,0.78,0.36,0.19,0.94,0
P1_orta_hic_ev,2,1.00,618.57,514.50,722.30,14.19,13.28,93.32,4,4,3.18,0.69,0,2.78,1.70,0.45,1,0.17,0.92,0
P1_orta_hic_ev,3,1.00,709.65,590.00,841.20,15.25,14.04,101.78,4,4,3.21,0.67,0,2.85,1.83,0.43,1.12,0.16,0.93,0
P1_orta_hic_ev,4,1.00,523.30,370.00,678.30,16.23,14.84,112.82,4,4,2.95,0.94,0,2.43,1.96,0.66,1.15,0.15,0.99,290
P1_orta_hic_ev,5,1.00,624.78,455.40,799.40,17.14,15.48,108.83,4.08,4.07,2.82,1.17,0.01,2.18,1.79,0.92,1.09,0.17,0.97,0
P1_orta_hic_ev,6,1.00,718.17,512.70,909.90,18.14,15.96,97.07,4.09,4.09,2.81,1.18,0.00,2.14,1.57,1.01,0.98,0.17,0.99,0
P1_orta_hic_ev,7,1.00,815.06,604.40,1027.20,19.12,16.84,101.28,4.08,4.08,2.86,1.12,0.00,2.20,1.66,0.90,0.99,0.19,0.99,0
P1_orta_hic_ev,8,1.00,566.14,351.80,799.10,20.17,17.79,107.53,5,4.98,3.27,1.62,0.02,2.45,1.79,1.18,1.11,0.18,0.98,348
P1_orta_hic_ev,9,1.00,683.93,429.70,944.40,20.64,17.92,123.48,5.16,4.95,2.78,2.05,0.21,3.35,2.09,0.76,1.25,0.14,0.82,0
P1_orta_hic_ev,10,1.00,834.05,549.30,1114.10,21.26,18.24,156.31,5.20,4.98,3.03,1.81,0.22,4.22,2.61,0.49,1.58,0.09,0.80,0
P1_orta_hic_ev,11,1.00,1004.13,684.10,1317.10,21.82,18.83,172.73,5.15,5.03,2.79,2.14,0.12,4.10,2.86,0.60,1.79,0.08,0.89,0
P1_orta_hic_ev,12,1.00,756.69,399.60,1089.40,22.47,19.20,170.88,5,5,2.85,2.09,0,4.10,2.80,0.59,1.76,0.07,1,416.61
P1_orta_hic_ev,13,1.00,972.26,579.30,1375.20,22.94,19.80,222.05,6.18,5.69,3.18,2.37,0.50,5.00,3.57,0.57,2.13,0.08,0.55,0
P1_orta_hic_ev,14,1.00,1194.50,790.10,1618.40,23.64,20.34,224.04,6.06,5.84,3.34,2.39,0.22,4.65,3.55,0.68,2.08,0.08,0.74,0
P1_orta_hic_ev,15,1.00,1408.32,960.80,1853.00,24.21,20.75,218.29,6.16,5.97,3.27,2.56,0.19,4.89,3.47,0.64,2.07,0.07,0.82,0
P1_orta_hic_ev,16,1.00,1130.88,678.90,1635.40,25.03,21.20,223.38,6,5.99,3.42,2.47,0.01,4.70,3.54,0.66,2.06,0.06,0.99,501
P1_orta_hic_noev,1,1.00,530.80,495.00,610.00,13.02,12.40,33.37,4,4,2.88,0.98,0,2.69,0.61,0.76,0.35,0.20,0.95,0
P1_orta_hic_noev,2,1.00,621.71,514.50,722.30,14.14,13.24,98.45,4,4,3.16,0.67,0,2.78,1.79,0.44,1.06,0.17,0.92,0
P1_orta_hic_noev,3,1.00,707.21,580.00,843.00,15.20,13.96,97.70,4,4,3.23,0.68,0,2.83,1.76,0.44,1.05,0.16,0.93,0
P1_orta_hic_noev,4,1.00,520.75,377.70,683.00,16.16,14.64,113.45,4,4,2.91,0.97,0,2.39,1.98,0.68,1.15,0.15,0.98,290
P1_orta_hic_noev,5,1.00,615.80,430.00,788.00,16.98,15.28,106.70,4,4,2.71,1.20,0,2.11,1.82,0.89,1.15,0.17,1,0
P1_orta_hic_noev,6,1.00,701.60,478.00,886.20,17.89,15.76,93.53,4,4,2.70,1.20,0,2.07,1.58,0.97,0.98,0.17,1,0
P1_orta_hic_noev,7,1.00,793.51,550.00,1018.40,18.84,16.52,100.82,4,4,2.83,1.10,0,2.21,1.69,0.86,1.01,0.19,1,0
P1_orta_hic_noev,8,1.00,530.68,281.00,783.30,19.85,17.68,93.58,5,5,3.17,1.72,0,2.39,1.56,1.27,0.97,0.18,0.99,348
P1_orta_hic_noev,9,1.00,636.01,376.80,895.20,20.42,18.00,114.82,5,4.99,2.84,2.07,0.01,3.29,1.91,0.82,1.19,0.13,0.98,0
P1_orta_hic_noev,10,1.00,791.62,521.80,1073.80,21.11,18.68,162.48,5,4.99,3.04,1.83,0.01,4.13,2.70,0.48,1.67,0.08,0.99,0
P1_orta_hic_noev,11,1.00,942.69,632.90,1229.70,21.73,18.96,157.65,5,5,2.83,2.08,0,4.12,2.60,0.64,1.56,0.06,1.00,0
P1_orta_hic_noev,12,1.00,704.01,361.90,1012.20,22.38,19.44,181.95,5,5,2.89,2.03,0,4.25,2.99,0.51,1.84,0.06,1,417.46
P1_orta_hic_noev,13,1.00,926.26,548.90,1231.20,23.00,19.88,227.75,6,5.73,3.26,2.35,0.27,5.02,3.70,0.52,2.15,0.06,0.68,0
P1_orta_hic_noev,14,1.00,1130.54,740.70,1472.70,23.74,20.60,209.85,6,5.88,3.30,2.44,0.12,4.68,3.38,0.69,1.93,0.07,0.86,0
P1_orta_hic_noev,15,1.00,1358.18,942.90,1780.20,24.50,21.28,231.13,6,5.97,3.39,2.47,0.03,4.79,3.69,0.59,2.25,0.06,0.95,0
P1_orta_hic_noev,16,1.00,1077.23,650.10,1513.20,25.20,21.76,224.27,6,5.99,3.35,2.53,0.01,4.91,3.55,0.57,2.11,0.05,0.98,501
P1_orta_acgozlu_ev,1,1.00,234.65,200.00,310.00,13.15,12.40,37.58,4,4,3.15,0.68,0,2.92,0.68,0.53,0.40,0.17,0.89,0
P1_orta_acgozlu_ev,2,1.00,180.59,100.00,265.00,14.26,13.28,93.32,4,4,3.19,0.70,0,2.78,1.70,0.35,1,0.16,0.89,0
P1_orta_acgozlu_ev,3,1.00,191.89,100.00,290.00,15.31,14.15,104.42,4,4,3.26,0.61,0,2.87,1.88,0.43,1.16,0.16,0.94,0
P1_orta_acgozlu_ev,4,1.00,38.46,16.90,56.00,16.43,14.88,136.50,4,4,3.08,0.75,0,2.56,2.37,0.58,1.42,0.14,0.99,169.90
P1_orta_acgozlu_ev,5,1.00,151.50,41.60,282.10,17.53,15.56,121.93,4.08,4.07,2.97,1.00,0.01,2.28,1.99,0.98,1.18,0.17,0.98,0
P1_orta_acgozlu_ev,6,1.00,211.77,102.70,309.10,18.60,16.52,105.06,4.09,4.09,2.92,1.08,0.01,2.23,1.70,1.06,1.02,0.17,0.99,0
P1_orta_acgozlu_ev,7,1.00,214.91,108.00,323.10,19.73,17.32,107.91,4.08,4.08,2.94,1.04,0.00,2.30,1.78,0.98,1.06,0.19,0.99,0
P1_orta_acgozlu_ev,8,1.00,169.36,35.80,303.10,19.48,16.51,114.83,5,5.00,3.36,1.53,0.00,2.58,1.91,1.26,1.13,0.18,0.99,68.32
P1_orta_acgozlu_ev,9,1.00,256.21,130.90,388.20,20.23,16.88,156.55,5.16,4.98,3.00,1.85,0.19,3.68,2.65,0.80,1.54,0.14,0.82,0
P1_orta_acgozlu_ev,10,1.00,313.33,173.00,460.20,20.88,17.36,180.07,5.20,5.06,2.85,2.08,0.14,4.32,2.99,0.71,1.79,0.09,0.87,0
P1_orta_acgozlu_ev,11,1.00,352.87,209.80,523.10,21.74,18.18,232.70,5.15,5.09,3.12,1.87,0.06,4.36,3.80,0.51,2.25,0.08,0.93,0
P1_orta_acgozlu_ev,12,1.00,206.33,38.00,362.00,22.47,18.88,232.33,5,5,2.99,1.93,0,4.50,3.70,0.57,2.19,0.06,1,171.45
P1_orta_acgozlu_ev,13,0.59,384.99,201.00,555.60,24.10,20.21,301.33,6.14,5.94,3.58,2.25,0.20,5.67,4.62,0.48,2.47,0.05,0.82,0
P1_orta_acgozlu_ev,14,0.59,454.98,294.60,640.00,25.43,20.98,299.58,6.11,5.97,3.51,2.28,0.15,5.66,4.49,0.49,2.32,0.07,0.84,0
P1_orta_acgozlu_ev,15,0.59,480.65,259.20,699.00,27.09,22.21,316.32,6.22,6.08,3.79,2.10,0.14,5.69,4.53,0.51,2.43,0.06,0.85,0
P1_orta_acgozlu_ev,16,0.59,266.73,37.60,477.80,28.71,23.25,374.52,6,6,3.73,2.15,0,5.53,5.07,0.44,2.52,0.04,1,295.66
P1_orta_acgozlu_noev,1,1.00,231.32,195.00,310.00,13.19,12.40,35.02,4,4,3.22,0.63,0,2.97,0.64,0.50,0.37,0.17,0.90,0
P1_orta_acgozlu_noev,2,1.00,181.76,100.00,265.00,14.26,13.32,97.35,4,4,3.21,0.69,0,2.74,1.77,0.35,1.03,0.16,0.87,0
P1_orta_acgozlu_noev,3,1.00,191.71,99.80,285.50,15.30,14.00,106.02,4,4,3.22,0.63,0,2.78,1.91,0.43,1.16,0.16,0.96,0
P1_orta_acgozlu_noev,4,1.00,36.99,16.00,56.00,16.37,14.80,130.72,4,4,3.09,0.78,0,2.59,2.27,0.59,1.31,0.14,0.99,164.84
P1_orta_acgozlu_noev,5,1.00,136.05,36.90,235.00,17.37,15.48,110.95,4,4,2.84,1.06,0,2.21,1.88,0.97,1.12,0.17,1,0
P1_orta_acgozlu_noev,6,1.00,199.10,76.20,310.20,18.38,16.28,103.22,4,4,2.83,1.07,0,2.20,1.73,1.01,1.03,0.17,1,0
P1_orta_acgozlu_noev,7,1.00,210.03,107.90,319.00,19.50,17.28,107.83,4,4,2.93,0.98,0,2.31,1.80,0.96,1.08,0.18,1,0
P1_orta_acgozlu_noev,8,1.00,176.07,35.00,301.20,19.19,16.16,121.82,5,4.99,3.34,1.56,0.01,2.61,2.03,1.26,1.23,0.18,0.99,63.46
P1_orta_acgozlu_noev,9,1.00,264.15,143.90,401.20,19.94,16.52,161.33,5,4.99,2.95,1.90,0.01,3.49,2.69,0.79,1.58,0.14,0.99,0
P1_orta_acgozlu_noev,10,1.00,321.94,179.00,470.10,20.62,17.16,182.64,5,5,2.86,2.02,0,4.20,3.02,0.67,1.86,0.08,1,0
P1_orta_acgozlu_noev,11,1.00,352.92,200.00,519.50,21.41,17.96,214.82,5,5,2.91,1.97,0,4.30,3.51,0.58,2.13,0.08,1,0
P1_orta_acgozlu_noev,12,1.00,216.80,44.00,370.10,22.05,18.78,224.29,5,5,2.96,1.94,0,4.52,3.58,0.59,2.10,0.06,1,155.57
P1_orta_acgozlu_noev,13,0.57,378.80,223.00,544.00,23.88,20.44,286.54,6,5.94,3.56,2.23,0.06,5.50,4.47,0.56,2.36,0.05,0.92,0
P1_orta_acgozlu_noev,14,0.57,448.57,285.00,629.00,25.23,21.36,301.52,6,5.99,3.71,2.15,0.01,5.61,4.60,0.36,2.53,0.05,0.98,0
P1_orta_acgozlu_noev,15,0.57,467.64,282.00,681.00,26.95,22.96,306.09,6,6,3.74,2.13,0,5.44,4.51,0.46,2.39,0.05,1,0
P1_orta_acgozlu_noev,16,0.57,246.28,40.00,434.00,28.53,24.28,372.89,6,6,3.72,2.13,0,5.63,5.06,0.39,2.56,0.03,1,288.20
P1_orta_mantikli_ev,1,1.00,234.65,200.00,310.00,13.15,12.40,37.58,4,4,3.15,0.68,0,2.92,0.68,0.53,0.40,0.17,0.89,0
P1_orta_mantikli_ev,2,1.00,249.75,185.00,320.00,14.26,13.28,94.60,4,4,3.18,0.70,0,2.78,1.72,0.37,1.03,0.16,0.90,0
P1_orta_mantikli_ev,3,1.00,258.72,175.00,355.30,15.22,13.96,103.45,4,4,3.15,0.73,0,2.73,1.87,0.44,1.16,0.16,0.92,0
P1_orta_mantikli_ev,4,1.00,49.51,15.00,93.00,16.26,14.76,134.77,4,4,3.05,0.79,0,2.48,2.35,0.52,1.38,0.14,1.00,235.34
P1_orta_mantikli_ev,5,1.00,162.68,38.00,293.10,17.25,15.44,119.05,4.08,4.07,2.87,1.09,0.01,2.28,1.96,0.95,1.25,0.17,0.98,0
P1_orta_mantikli_ev,6,1.00,244.72,102.70,371.20,18.17,16.16,104.98,4.09,4.09,2.74,1.27,0.01,2.12,1.70,1.04,1.01,0.18,0.99,0
P1_orta_mantikli_ev,7,1.00,277.05,169.90,388.10,19.21,16.96,100.17,4.08,4.08,2.88,1.11,0,2.31,1.64,0.96,0.95,0.18,1,0
P1_orta_mantikli_ev,8,1.00,124.65,17.90,294.10,19.69,16.76,119.35,5,5.00,3.30,1.58,0.00,2.59,1.99,1.20,1.17,0.18,0.99,196.60
P1_orta_mantikli_ev,9,1.00,256.26,85.60,436.10,20.28,17.24,148.99,5.16,5.01,2.91,1.98,0.15,3.53,2.52,0.83,1.55,0.14,0.85,0
P1_orta_mantikli_ev,10,1.00,368.15,199.80,539.10,20.93,17.48,175.03,5.20,5.05,2.95,1.99,0.15,4.33,2.91,0.67,1.74,0.08,0.87,0
P1_orta_mantikli_ev,11,1.00,417.95,275.70,561.00,21.55,17.68,204.11,5.15,5.06,2.94,2.00,0.09,4.38,3.34,0.54,2.00,0.07,0.91,0
P1_orta_mantikli_ev,12,1.00,175.51,27.00,379.10,21.99,18.04,218.41,5,5,2.89,2.00,0,4.19,3.49,0.57,2.09,0.06,1,277.27
P1_orta_mantikli_ev,13,0.91,428.16,226.50,617.80,23.18,19.08,295.67,6.17,5.93,3.55,2.23,0.24,5.41,4.52,0.53,2.41,0.06,0.75,0
P1_orta_mantikli_ev,14,0.91,538.95,381.20,731.90,24.32,19.76,284.05,6.05,5.89,3.61,2.16,0.16,5.32,4.28,0.53,2.24,0.06,0.83,0
P1_orta_mantikli_ev,15,0.91,628.50,441.10,834.60,25.42,20.65,311.74,6.17,6.06,3.53,2.39,0.10,5.48,4.50,0.53,2.43,0.05,0.87,0
P1_orta_mantikli_ev,16,0.91,282.33,59.00,488.80,26.72,21.73,342.49,6,6,3.75,2.12,0,5.36,4.65,0.45,2.46,0.04,0.99,401.71
P1_orta_mantikli_noev,1,1.00,231.32,195.00,310.00,13.19,12.40,35.02,4,4,3.22,0.63,0,2.97,0.64,0.50,0.37,0.17,0.90,0
P1_orta_mantikli_noev,2,1.00,250.58,185.00,330.50,14.28,13.32,97.72,4,4,3.24,0.66,0,2.78,1.78,0.35,1.05,0.16,0.88,0
P1_orta_mantikli_noev,3,1.00,260.31,180.00,360.30,15.25,14.08,104.35,4,4,3.13,0.75,0,2.72,1.88,0.43,1.14,0.16,0.92,0
P1_orta_mantikli_noev,4,1.00,48.24,15.00,80.00,16.21,14.76,131.18,4,4,2.99,0.86,0,2.43,2.29,0.54,1.35,0.14,0.99,230.21
P1_orta_mantikli_noev,5,1.00,151.28,38.90,281.40,17.19,15.44,111,4,4,2.82,1.10,0,2.21,1.89,0.94,1.14,0.16,1,0
P1_orta_mantikli_noev,6,1.00,233.44,99.80,364.10,18.10,16.16,104.23,4,4,2.72,1.18,0,2.18,1.75,0.94,1.04,0.17,1,0
P1_orta_mantikli_noev,7,1.00,275.22,159.90,401.00,19.09,16.92,104.20,4,4,2.83,1.08,0,2.25,1.74,0.89,1.01,0.18,1,0
P1_orta_mantikli_noev,8,1.00,131.90,30.90,306.10,19.42,16.39,114.52,5,5.00,3.24,1.61,0.00,2.53,1.91,1.18,1.12,0.19,0.99,178.79
P1_orta_mantikli_noev,9,1.00,250.17,89.70,417.10,20.17,17.08,138.18,5,5,2.95,1.94,0,3.47,2.30,0.85,1.34,0.13,1.00,0
P1_orta_mantikli_noev,10,1.00,372.78,207.90,534.10,20.88,17.39,179.36,5,5,3.01,1.89,0,4.29,2.97,0.54,1.81,0.08,0.99,0
P1_orta_mantikli_noev,11,1.00,422.81,281.90,569.60,21.56,17.84,202.42,5,5,2.81,2.08,0,4.25,3.32,0.62,2.05,0.06,1,0
P1_orta_mantikli_noev,12,1.00,189.37,30.00,386.10,21.79,18.36,202.57,5,5,2.79,2.12,0,4.30,3.27,0.61,1.96,0.06,1,257.08
P1_orta_mantikli_noev,13,0.89,417.94,230.20,618.40,23.02,19.21,281.09,6,5.88,3.51,2.20,0.12,5.11,4.39,0.58,2.41,0.06,0.84,0
P1_orta_mantikli_noev,14,0.89,532.21,368.20,712.00,24.15,19.80,283.75,6,5.96,3.63,2.16,0.04,5.30,4.37,0.45,2.28,0.06,0.95,0
P1_orta_mantikli_noev,15,0.89,597.40,428.80,780.60,25.48,20.74,299.51,6,5.99,3.72,2.14,0.01,5.54,4.43,0.42,2.34,0.04,0.98,0
P1_orta_mantikli_noev,16,0.89,269.08,41.60,485.40,26.64,21.15,333.65,6,6.00,3.60,2.26,0.00,5.50,4.60,0.45,2.41,0.04,1.00,389.78
P1_iyi_hic_ev,1,1.00,551.77,500.00,610.00,13.66,13.20,53.17,4,4,3.49,0.46,0,3.41,0.97,1.16,0.52,0.17,0.98,0
P1_iyi_hic_ev,2,1.00,685.23,583.00,803.00,15.25,14.28,128.95,4,4,3.30,0.67,0,3.19,2.34,1.01,1.42,0.18,0.95,0
P1_iyi_hic_ev,3,1.00,825.64,690.00,961.00,16.84,15.60,137.33,4,4,3.32,0.65,0,3.16,2.38,1.01,1.44,0.18,0.97,0
P1_iyi_hic_ev,4,1.00,692.01,526.00,833.50,18.34,16.76,154.33,4,4,3.24,0.74,0,2.91,2.59,1.02,1.66,0.15,0.99,290
P1_iyi_hic_ev,5,1.00,848.43,657.70,1018.10,19.76,17.88,150.24,4.08,4.08,3.04,1.02,0.00,2.49,2.41,1.27,1.50,0.17,0.98,0
P1_iyi_hic_ev,6,1.00,984.89,783.00,1172.40,21.14,19.00,133.08,4.09,4.09,2.98,1.09,0,2.40,2.14,1.39,1.32,0.17,1.00,0
P1_iyi_hic_ev,7,1.00,1114.31,899.80,1319.20,22.54,20.23,126.10,4.08,4.08,3.02,1.02,0,2.53,2.04,1.43,1.26,0.20,0.99,0
P1_iyi_hic_ev,8,1.00,907.51,671.90,1146.00,24.05,21.56,140.35,5,5,3.46,1.50,0,2.85,2.26,1.63,1.41,0.19,1.00,348
P1_iyi_hic_ev,9,1.00,1081.25,810.70,1390.10,25.15,22.24,172.09,5.16,5.04,3.33,1.66,0.13,4.46,2.75,1.05,1.73,0.13,0.87,0
P1_iyi_hic_ev,10,1.00,1336.18,981.90,1683.20,26.60,23.56,245.11,5.20,5,3.68,1.28,0.20,5.77,3.84,0.73,2.43,0.09,0.82,0
P1_iyi_hic_ev,11,1.00,1610.80,1220.10,2015.20,28.25,24.96,259.82,5.15,5.06,3.75,1.26,0.09,5.53,4.01,0.77,2.53,0.09,0.91,0
P1_iyi_hic_ev,12,1.00,1477.81,1033.00,1953.20,29.99,26.72,271.65,5,5,3.83,1.14,0,5.62,4.12,0.74,2.67,0.07,1,418
P1_iyi_hic_ev,13,1.00,1854.86,1343.90,2388.60,31.66,28.16,365.91,6.18,5.74,4.32,1.35,0.44,7.21,5.40,0.71,3.40,0.07,0.57,0
P1_iyi_hic_ev,14,1.00,2216.64,1670.90,2818.60,33.59,29.67,343.48,6.06,5.87,4.44,1.39,0.19,6.64,4.96,0.78,3.10,0.08,0.80,0
P1_iyi_hic_ev,15,1.00,2593.95,2022.60,3202.30,35.47,31.20,363.68,6.16,5.98,4.51,1.43,0.18,6.83,5.22,0.77,3.31,0.07,0.83,0
P1_iyi_hic_ev,16,1.00,2474.28,1851.80,3155.60,37.51,33.24,368.13,6,5.99,4.66,1.29,0.01,6.73,5.20,0.71,3.23,0.05,0.99,501
P1_iyi_hic_noev,1,1.00,548.32,500.00,610.00,13.65,13.20,49.68,4,4,3.47,0.48,0,3.37,0.90,1.18,0.48,0.18,0.97,0
P1_iyi_hic_noev,2,1.00,685.16,583.00,803.00,15.25,14.20,133.07,4,4,3.34,0.64,0,3.19,2.41,0.99,1.48,0.17,0.97,0
P1_iyi_hic_noev,3,1.00,825.31,690.00,963.20,16.78,15.55,138.40,4,4,3.29,0.69,0,3.15,2.40,1,1.46,0.18,0.97,0
P1_iyi_hic_noev,4,1.00,688.59,515.00,838.50,18.29,16.71,152.08,4,4,3.27,0.70,0,2.96,2.55,1.01,1.58,0.15,1,290
P1_iyi_hic_noev,5,1.00,828.79,650.40,994.00,19.68,17.72,137.47,4,4,2.99,1,0,2.42,2.29,1.23,1.44,0.17,1,0
P1_iyi_hic_noev,6,1.00,952.25,769.80,1134.00,20.99,18.99,124.28,4,4,2.89,1.08,0,2.46,2.07,1.36,1.25,0.17,1,0
P1_iyi_hic_noev,7,1.00,1079.68,856.00,1299.10,22.47,20.32,126.02,4,4,3.07,0.91,0,2.52,2.08,1.36,1.29,0.19,1,0
P1_iyi_hic_noev,8,1.00,860.40,622.50,1126.10,23.96,21.55,129.82,5,5,3.46,1.51,0,2.80,2.09,1.68,1.30,0.19,1.00,348
P1_iyi_hic_noev,9,1.00,1045.25,787.20,1328.30,25.19,22.28,185.42,5,4.99,3.44,1.51,0.01,4.31,2.92,1.04,1.82,0.12,0.99,0
P1_iyi_hic_noev,10,1.00,1314.77,1010.80,1657.80,26.81,24.00,259.73,5,4.99,3.83,1.13,0.01,5.84,4.04,0.63,2.53,0.07,0.99,0
P1_iyi_hic_noev,11,1.00,1603.40,1275.60,1976.10,28.56,25.32,275.10,5,5,3.89,1.08,0,5.80,4.23,0.66,2.70,0.06,1,0
P1_iyi_hic_noev,12,1.00,1474.57,1076.10,1930.20,30.26,27.00,276.83,5,5,3.83,1.14,0,5.98,4.20,0.65,2.64,0.06,1,418
P1_iyi_hic_noev,13,1.00,1858.95,1426.80,2363.70,32.13,28.56,374.28,6,5.77,4.51,1.22,0.23,7.06,5.55,0.62,3.50,0.07,0.73,0
P1_iyi_hic_noev,14,1.00,2229.42,1679.90,2746.30,34.08,30.15,356.03,6,5.90,4.52,1.33,0.10,6.89,5.20,0.68,3.31,0.07,0.87,0
P1_iyi_hic_noev,15,1.00,2605.79,2018.80,3181.10,36.09,32.19,363.02,6,5.96,4.59,1.34,0.04,6.86,5.20,0.71,3.27,0.06,0.94,0
P1_iyi_hic_noev,16,1.00,2506.43,1815.50,3200.50,38.08,34.28,390.23,6,5.99,4.68,1.27,0.01,7.09,5.50,0.62,3.47,0.04,0.98,501
P1_iyi_acgozlu_ev,1,1.00,243.83,200.00,310.00,13.34,13.16,45.65,4,4,3.10,0.87,0,3.02,0.83,1.15,0.48,0.18,0.95,0
P1_iyi_acgozlu_ev,2,1.00,203.60,100.00,315.50,14.76,14.04,118.40,4,4,3.20,0.77,0,3.11,2.15,1.00,1.24,0.18,0.94,0
P1_iyi_acgozlu_ev,3,1.00,223.62,133.00,323.20,16.29,14.96,132.12,4,4,3.30,0.68,0,3.16,2.33,1.01,1.47,0.18,0.98,0
P1_iyi_acgozlu_ev,4,1.00,50.16,21.00,91.20,17.79,16.24,173.70,4,4,3.22,0.76,0,3,2.93,1.12,1.79,0.15,1,211.50
P1_iyi_acgozlu_ev,5,1.00,217.71,85.60,346.20,19.49,17.68,167.97,4.08,4.08,3.29,0.77,0.00,2.59,2.70,1.42,1.69,0.18,0.99,0
P1_iyi_acgozlu_ev,6,1.00,258.85,146.90,387.20,21.04,18.92,140.74,4.09,4.09,3.09,0.98,0,2.65,2.26,1.41,1.38,0.18,1,0
P1_iyi_acgozlu_ev,7,1.00,252.10,126.80,377.00,22.68,20.36,143.61,4.08,4.08,3.06,0.99,0,2.61,2.33,1.49,1.49,0.19,1,0
P1_iyi_acgozlu_ev,8,1.00,137.57,30.90,286.00,23.68,20.32,154.19,5,5,3.47,1.50,0,2.98,2.46,1.78,1.47,0.19,1,143.75
P1_iyi_acgozlu_ev,9,1.00,341.33,186.60,505.40,25.52,22.03,253.06,5.16,5.07,3.65,1.39,0.09,4.91,4.05,1.05,2.40,0.12,0.92,0
P1_iyi_acgozlu_ev,10,1.00,462.04,294.00,649.20,27.50,23.48,328.05,5.20,5.08,3.70,1.35,0.12,6.23,5.08,0.84,3.17,0.08,0.89,0
P1_iyi_acgozlu_ev,11,1.00,533.42,275.90,799.00,29.62,25.27,364.09,5.15,5.10,3.68,1.37,0.05,5.99,5.44,0.82,3.28,0.08,0.96,0
P1_iyi_acgozlu_ev,12,1.00,257.36,55.90,460.00,31.88,26.84,369.68,5,5,3.65,1.30,0,5.73,5.14,0.85,3.13,0.07,1,277.41
P1_iyi_acgozlu_ev,13,0.92,648.80,349.40,989.60,34.69,28.98,540.04,6.19,6.06,4.36,1.67,0.13,7.36,6.51,0.89,3.61,0.07,0.86,0
P1_iyi_acgozlu_ev,14,0.92,1000.24,434.40,1717.00,37.65,31.39,600.94,6.06,6.00,4.45,1.50,0.06,7.27,6.76,0.79,3.89,0.07,0.93,0
P1_iyi_acgozlu_ev,15,0.92,1487.67,613.80,2419.40,40.63,34.34,660.80,6.17,6.08,4.47,1.57,0.09,7.78,6.82,0.82,3.80,0.06,0.88,0
P1_iyi_acgozlu_ev,16,0.92,1817.03,660.20,2905.40,43.79,37.17,701.85,6,6,4.53,1.44,0,7.52,6.72,0.79,3.76,0.06,1,325.54
P1_iyi_acgozlu_noev,1,1.00,243.70,200.00,310.00,13.35,13.16,45.47,4,4,3.10,0.86,0,3.03,0.83,1.17,0.47,0.18,0.94,0
P1_iyi_acgozlu_noev,2,1.00,197.34,100.00,308.00,14.75,14.04,114.88,4,4,3.18,0.79,0,3.09,2.09,1.02,1.24,0.19,0.92,0
P1_iyi_acgozlu_noev,3,1.00,221.89,138.00,323.00,16.24,14.96,138.80,4,4,3.28,0.69,0,3.16,2.45,1.01,1.54,0.18,0.97,0
P1_iyi_acgozlu_noev,4,1.00,48.58,19.00,83.30,17.75,16.24,169.82,4,4,3.18,0.80,0,2.96,2.87,1.15,1.74,0.16,1,207.93
P1_iyi_acgozlu_noev,5,1.00,199.08,81.80,323.00,19.33,17.64,152.48,4,4,3.12,0.85,0,2.57,2.54,1.39,1.61,0.18,0.99,0
P1_iyi_acgozlu_noev,6,1.00,252.18,143.90,360.30,20.85,18.80,127.63,4,4,3.04,0.95,0,2.52,2.13,1.39,1.29,0.18,1,0
P1_iyi_acgozlu_noev,7,1.00,241.23,117.70,365.20,22.49,20.24,137.13,4,4,3.09,0.89,0,2.65,2.26,1.48,1.38,0.19,1,0
P1_iyi_acgozlu_noev,8,1.00,129.66,22.90,283.00,23.61,20.44,159.03,5,5,3.60,1.38,0,3.02,2.55,1.75,1.52,0.19,1,154.79
P1_iyi_acgozlu_noev,9,1.00,330.79,180.90,503.20,25.39,21.96,249.11,5,5,3.54,1.42,0,4.59,3.93,1.09,2.37,0.12,1,0
P1_iyi_acgozlu_noev,10,1.00,440.41,260.00,627.20,27.29,22.91,309.10,5,5.00,3.62,1.36,0.00,6.07,4.78,0.82,2.99,0.07,0.99,0
P1_iyi_acgozlu_noev,11,1.00,512.18,308.30,753.10,29.40,24.76,354.20,5,5.00,3.72,1.24,0.00,5.99,5.33,0.72,3.31,0.08,1.00,0
P1_iyi_acgozlu_noev,12,1.00,238.16,69.90,404.10,31.46,26.80,369.79,5,5,3.71,1.26,0,5.93,5.25,0.81,3.12,0.07,1,273.51
P1_iyi_acgozlu_noev,13,0.93,606.18,338.20,930.20,34.28,29.27,527.73,6,5.98,4.33,1.60,0.02,7.18,6.59,0.77,3.67,0.06,0.96,0
P1_iyi_acgozlu_noev,14,0.93,896.96,461.30,1533.60,37.16,32.02,566.30,6,6.00,4.38,1.57,0.00,7.55,6.69,0.72,3.59,0.06,0.99,0
P1_iyi_acgozlu_noev,15,0.93,1300.52,615.70,2242.00,40.21,34.76,623.09,6,6.00,4.44,1.52,0.00,7.27,6.59,0.83,3.63,0.06,1.00,0
P1_iyi_acgozlu_noev,16,0.93,1606.48,494.90,2788.60,43.19,37.83,712.15,6,6,4.40,1.56,0,7.61,6.84,0.81,3.91,0.06,1,324.59
P1_iyi_mantikli_ev,1,1.00,244.13,200.00,310.00,13.34,13.16,45.65,4,4,3.10,0.87,0,3.02,0.83,1.15,0.48,0.18,0.95,0
P1_iyi_mantikli_ev,2,1.00,267.14,192.50,375.00,14.77,14.04,118.58,4,4,3.21,0.76,0,3.12,2.15,0.99,1.25,0.18,0.94,0
P1_iyi_mantikli_ev,3,1.00,280.85,190.90,375.00,16.26,14.96,128.63,4,4,3.27,0.71,0,3.15,2.27,0.98,1.43,0.18,0.97,0
P1_iyi_mantikli_ev,4,1.00,84.02,16.00,186.20,17.75,16.24,190.32,4,4,3.30,0.69,0,2.99,3.21,0.95,1.99,0.15,1,260.77
P1_iyi_mantikli_ev,5,1.00,254.70,115.40,379.00,19.20,17.56,169.14,4.08,4.08,2.99,1.05,0,2.53,2.72,1.40,1.69,0.18,0.99,0
P1_iyi_mantikli_ev,6,1.00,340.48,218.00,469.10,20.70,18.60,142.37,4.09,4.09,3.03,1.04,0,2.54,2.28,1.39,1.39,0.18,1,0
P1_iyi_mantikli_ev,7,1.00,350.58,234.00,470.20,22.28,20.00,149.52,4.08,4.08,3.04,1.00,0,2.63,2.42,1.41,1.46,0.19,1.00,0
P1_iyi_mantikli_ev,8,1.00,109.24,21.70,261.00,23.72,20.55,167.91,5,5.00,3.42,1.55,0.00,2.90,2.68,1.72,1.53,0.19,1.00,276.06
P1_iyi_mantikli_ev,9,1.00,334.67,148.90,507.80,25.13,21.76,229.88,5.16,5.07,3.41,1.63,0.09,4.81,3.63,1.16,2.15,0.13,0.91,0
P1_iyi_mantikli_ev,10,1.00,539.00,331.90,745.40,26.85,23.16,322.39,5.20,5.09,3.61,1.45,0.11,5.87,4.91,0.91,2.98,0.08,0.89,0
P1_iyi_mantikli_ev,11,1.00,646.91,401.00,941.10,28.64,24.64,366.30,5.15,5.09,3.69,1.37,0.06,6.10,5.35,0.78,3.31,0.08,0.94,0
P1_iyi_mantikli_ev,12,1.00,250.27,60.00,476.20,30.69,26.35,364.07,5,5,3.55,1.42,0,5.75,5.09,0.84,3.17,0.07,1,380.95
P1_iyi_mantikli_ev,13,0.99,727.33,456.60,1048.50,33.29,28.15,554.36,6.18,6.04,4.46,1.53,0.15,7.53,6.52,0.81,3.61,0.07,0.84,0
P1_iyi_mantikli_ev,14,0.99,1002.94,616.60,1508.90,36.00,30.66,571.57,6.06,6.00,4.48,1.48,0.06,7.40,6.52,0.74,3.62,0.07,0.93,0
P1_iyi_mantikli_ev,15,0.99,1365.30,703.00,2118.40,38.85,33.36,634.92,6.16,6.09,4.41,1.62,0.07,7.53,6.64,0.89,3.71,0.06,0.90,0
P1_iyi_mantikli_ev,16,0.99,1511.97,475.50,2536.50,41.85,35.94,691.54,6,6,4.49,1.46,0,7.33,6.74,0.82,3.75,0.06,1,376.55
P1_iyi_mantikli_noev,1,1.00,244.30,200.00,310.00,13.35,13.16,45.47,4,4,3.10,0.86,0,3.03,0.83,1.17,0.47,0.18,0.94,0
P1_iyi_mantikli_noev,2,1.00,261.34,187.70,363.00,14.76,14.04,115.25,4,4,3.20,0.77,0,3.11,2.09,1.02,1.25,0.19,0.92,0
P1_iyi_mantikli_noev,3,1.00,289.90,194.80,391.20,16.23,14.96,136.23,4,4,3.27,0.70,0,3.18,2.40,0.96,1.52,0.18,0.97,0
P1_iyi_mantikli_noev,4,1.00,82.17,25.50,175.50,17.73,16.24,178.17,4,4,3.27,0.70,0,2.98,3.01,0.99,1.87,0.15,1,256.92
P1_iyi_mantikli_noev,5,1.00,242.53,120.00,356.00,19.15,17.52,162.72,4,4,2.97,1.01,0,2.54,2.71,1.31,1.67,0.17,1,0
P1_iyi_mantikli_noev,6,1.00,335.53,213.70,463.10,20.61,18.56,137.18,4,4,2.99,0.99,0,2.51,2.29,1.35,1.35,0.17,1,0
P1_iyi_mantikli_noev,7,1.00,333.80,229.00,454.00,22.14,19.64,137.93,4,4,2.98,0.98,0,2.57,2.28,1.48,1.38,0.19,1,0
P1_iyi_mantikli_noev,8,1.00,109.63,31.60,282.00,23.52,20.62,154.67,5,5,3.44,1.51,0,2.91,2.50,1.74,1.49,0.19,1,265.09
P1_iyi_mantikli_noev,9,1.00,348.23,166.90,542.40,25.06,21.88,244.26,5,4.99,3.49,1.45,0.01,4.73,3.84,1.07,2.35,0.13,0.99,0
P1_iyi_mantikli_noev,10,1.00,521.66,346.80,705.70,26.79,23.24,296.91,5,5.00,3.63,1.33,0.00,5.89,4.54,0.85,2.76,0.08,1.00,0
P1_iyi_mantikli_noev,11,1.00,608.10,386.00,834.60,28.69,25.04,350.57,5,5,3.86,1.10,0,6.10,5.17,0.71,3.17,0.06,1,0
P1_iyi_mantikli_noev,12,1.00,274.89,66.90,493.40,30.80,26.44,403.24,5,5,3.76,1.21,0,6.24,5.66,0.67,3.41,0.06,1,381.70
P1_iyi_mantikli_noev,13,0.99,733.98,481.00,975.90,33.32,28.43,558.74,6,5.96,4.43,1.48,0.04,7.33,6.73,0.74,3.89,0.07,0.94,0
P1_iyi_mantikli_noev,14,0.99,945.38,557.60,1435.00,35.99,30.95,555.35,6,6,4.40,1.56,0,7.38,6.41,0.76,3.51,0.06,0.99,0
P1_iyi_mantikli_noev,15,0.99,1317.89,699.00,2069.10,38.86,33.74,626.59,6,6.00,4.30,1.65,0.00,7.26,6.55,0.82,3.64,0.06,0.99,0
P1_iyi_mantikli_noev,16,0.99,1421.76,492.40,2484.60,41.75,36.12,680.10,6,6,4.37,1.58,0,7.43,6.64,0.79,3.76,0.06,1.00,382.38
P2_zayif_hic_ev,1,1.00,626.40,595.00,665.50,13.41,12.80,32.80,7,7,4.96,1.54,0,3.58,0.55,0.42,0.06,0.19,0.94,0
P2_zayif_hic_ev,2,1.00,723.46,615.00,835.00,14.77,13.88,112.53,7,6.99,4.99,1.49,0.01,3.48,1.87,0.28,0.26,0.15,0.90,0
P2_zayif_hic_ev,3,1.00,846.85,695.00,983.00,16.11,14.96,143.83,7,6.99,5.01,1.48,0.01,3.40,2.33,0.22,0.44,0.14,0.86,0
P2_zayif_hic_ev,4,1.00,352.40,170.00,510.30,17.43,16.35,175.63,8,7.82,5.37,1.75,0.18,4.01,2.73,0.24,0.50,0.14,0.23,647.46
P2_zayif_hic_ev,5,1.00,524.47,324.80,736.00,18.72,17.20,190.15,8.08,8.03,5.36,2.18,0.05,3.40,2.82,0.47,0.59,0.20,0.57,0
P2_zayif_hic_ev,6,1.00,690.86,465.60,914.30,20.02,18.23,182.27,9.09,8.89,5.72,2.49,0.20,3.80,2.70,0.63,0.47,0.22,0.09,0
P2_zayif_hic_ev,7,1.00,840.74,574.80,1107.20,21.54,19.48,160.16,9.16,8.97,6.07,2.43,0.19,3.91,2.41,0.59,0.41,0.23,0.25,0
P2_zayif_hic_ev,8,1.00,265.73,75.00,555.50,23.03,20.63,164.45,9,9.00,5.99,2.52,0.00,3.79,2.50,0.63,0.40,0.22,0.63,719.08
P2_zayif_hic_ev,9,0.99,410.90,168.00,714.00,23.22,20.74,167.45,10.26,9.69,4.92,4.19,0.57,5.02,2.56,0.59,0.41,0.16,0.23,0
P2_zayif_hic_ev,10,0.99,606.05,329.40,912.10,23.29,20.56,220.92,10.31,9.87,4.98,4.33,0.43,6.04,3.32,0.24,0.67,0.09,0.28,0
P2_zayif_hic_ev,11,0.99,809.36,449.70,1157.30,23.51,20.76,228.38,10.27,9.98,5.19,4.33,0.29,6.17,3.43,0.26,0.73,0.08,0.57,0
P2_zayif_hic_ev,12,0.99,307.20,75.70,712.80,24.03,20.80,242.16,11,10.91,5.85,4.39,0.09,6.86,3.59,0.23,0.70,0.06,0.24,711.92
P2_zayif_hic_ev,13,0.85,534.72,299.00,797.00,24.35,20.84,329.89,11.30,11.01,5.83,4.59,0.29,6.68,4.79,0.14,0.88,0.05,0.50,0
P2_zayif_hic_ev,14,0.85,812.42,526.50,1125.00,24.60,20.82,310.79,11.09,10.93,5.76,4.62,0.16,6.85,4.52,0.14,0.76,0.04,0.71,0
P2_zayif_hic_ev,15,0.85,1103.27,738.50,1480.50,24.67,20.62,331.50,12.26,11.87,6.15,5.02,0.39,7.37,4.85,0.14,0.73,0.04,0.25,0
P2_zayif_hic_ev,16,0.85,418.63,107.50,875.00,25.13,20.90,358.34,12,12,6.49,4.97,0,7.83,5.24,0.13,0.86,0.03,0.51,1001.22
P2_zayif_hic_noev,1,1.00,626.18,595.00,660.00,13.44,12.80,33.40,7,7,5.03,1.48,0,3.67,0.56,0.37,0.06,0.19,0.93,0
P2_zayif_hic_noev,2,1.00,726.35,615.00,835.00,14.83,13.96,117.13,7,6.99,5.09,1.43,0.01,3.48,1.95,0.22,0.30,0.15,0.88,0
P2_zayif_hic_noev,3,1.00,851.95,715.00,983.00,16.15,15.08,146.53,7,6.99,5.02,1.49,0.01,3.47,2.37,0.21,0.44,0.13,0.88,0
P2_zayif_hic_noev,4,1.00,357.24,162.70,555.30,17.43,16.16,178.78,8,7.82,5.34,1.74,0.18,3.89,2.78,0.26,0.56,0.14,0.26,649.19
P2_zayif_hic_noev,5,1.00,500.92,293.00,726.40,18.74,17.23,171.87,8,7.99,5.40,2.15,0.01,3.37,2.65,0.47,0.57,0.19,0.61,0
P2_zayif_hic_noev,6,1.00,643.44,415.90,890.10,20.10,18.12,165.88,9,8.86,5.78,2.48,0.14,3.78,2.55,0.63,0.48,0.22,0.11,0
P2_zayif_hic_noev,7,1.00,794.88,544.50,1055.10,21.67,19.36,171.98,9,8.99,6.12,2.44,0.01,3.90,2.64,0.57,0.47,0.22,0.24,0
P2_zayif_hic_noev,8,1.00,216.90,44.90,461.00,23.10,20.80,159.77,9,9,5.95,2.57,0,3.89,2.42,0.59,0.38,0.22,0.59,716.05
P2_zayif_hic_noev,9,1.00,376.96,155.70,679.10,23.55,21.11,185.95,10,9.83,5.26,3.98,0.17,5.27,2.77,0.42,0.56,0.16,0.12,0
P2_zayif_hic_noev,10,1.00,579.63,314.60,870.50,23.81,21.12,230.38,10,9.94,5.08,4.37,0.06,6.33,3.43,0.27,0.68,0.09,0.26,0
P2_zayif_hic_noev,11,1.00,794.46,488.90,1139.20,24.23,21.39,245.23,10,10,5.35,4.21,0,6.18,3.63,0.24,0.75,0.07,0.64,0
P2_zayif_hic_noev,12,1.00,281.33,69.00,668.60,24.72,21.67,256.83,11,10.91,5.81,4.36,0.09,6.92,3.78,0.20,0.82,0.06,0.27,739.77
P2_zayif_hic_noev,13,0.88,510.18,264.40,792.60,25.29,22.20,324.47,11,10.97,5.96,4.48,0.03,6.63,4.74,0.18,0.89,0.06,0.58,0
P2_zayif_hic_noev,14,0.88,808.43,525.00,1113.60,25.80,22.64,329.89,11,10.99,5.97,4.60,0.01,7.03,4.80,0.15,0.87,0.04,0.84,0
P2_zayif_hic_noev,15,0.88,1114.14,760.00,1443.40,26.43,23.02,343.96,12,11.97,6.64,4.75,0.03,7.54,4.97,0.11,0.69,0.04,0.25,0
P2_zayif_hic_noev,16,0.88,437.91,95.20,864.40,26.92,23.54,359.30,12,12,6.51,4.93,0,7.82,5.17,0.08,0.75,0.03,0.55,990.76
P2_zayif_acgozlu_ev,1,1.00,384.95,350.00,475.00,13.28,12.80,31.60,7,7,4.80,1.72,0,3.46,0.53,0.44,0.05,0.19,0.90,0
P2_zayif_acgozlu_ev,2,1.00,320.19,216.90,407.00,14.46,13.60,107.23,7,6.99,4.79,1.76,0.01,3.34,1.79,0.29,0.23,0.16,0.88,0
P2_zayif_acgozlu_ev,3,1.00,341.76,221.80,468.00,15.86,14.84,148.13,7,6.99,5.09,1.41,0.01,3.46,2.42,0.27,0.50,0.15,0.85,0
P2_zayif_acgozlu_ev,4,1.00,75.14,49.80,100.20,17.27,15.96,190.35,8,7.88,5.51,1.71,0.12,4.18,2.99,0.27,0.60,0.14,0.43,302.75
P2_zayif_acgozlu_ev,5,1.00,262.24,109.80,417.30,18.88,17.28,202.98,8.08,8.07,5.70,1.92,0.01,3.57,3.02,0.57,0.61,0.20,0.74,0
P2_zayif_acgozlu_ev,6,1.00,362.56,204.90,541.00,20.47,18.48,174.92,9.09,8.96,6.10,2.26,0.14,4.08,2.59,0.68,0.46,0.23,0.30,0
P2_zayif_acgozlu_ev,7,1.00,406.84,264.90,558.20,22.00,19.52,177.77,9.16,9.03,6.09,2.41,0.13,4.10,2.68,0.64,0.48,0.23,0.47,0
P2_zayif_acgozlu_ev,8,1.00,426.17,284.90,559.40,21.67,19.04,182.45,9,9,6.23,2.36,0,4.04,2.74,0.64,0.41,0.21,0.79,1.07
P2_zayif_acgozlu_ev,9,1.00,447.44,312.80,581.20,21.83,18.90,185.63,10.26,9.82,5.00,4.30,0.44,5.43,2.87,0.48,0.44,0.17,0.43,0
P2_zayif_acgozlu_ev,10,1.00,507.83,337.90,674.00,22.20,18.76,239.89,10.32,10.04,5.37,4.18,0.28,6.31,3.64,0.30,0.65,0.10,0.63,0
P2_zayif_acgozlu_ev,11,1.00,492.57,332.00,649.80,22.92,19.19,248.63,10.26,10.07,5.54,4.01,0.19,6.50,3.72,0.24,0.67,0.07,0.76,0
P2_zayif_acgozlu_ev,12,1.00,531.69,365.60,709.20,23.95,20.04,298.95,11,10.97,6.21,4.21,0.03,7.52,4.39,0.18,0.83,0.06,0.68,9.06
P2_zayif_acgozlu_ev,13,0.01,459.25,378.10,532.60,23.08,20.17,360.50,12,11.25,4.50,6.25,0.75,8,5,0.25,1,0.05,0.75,0
P2_zayif_acgozlu_ev,14,0.01,637.50,554.70,720.70,23.37,19.91,287.75,11,11,5.25,5.25,0,5.25,4.25,0.25,0.25,0.11,1,0
P2_zayif_acgozlu_ev,15,0.01,772.75,635.60,914.10,23.94,20.53,468.75,13,12.25,6.25,5.50,0.75,8.25,6.50,0.25,1,0.06,0.50,0
P2_zayif_acgozlu_ev,16,0.01,618.75,475.60,800.50,24.91,21.93,324.25,12,12,6.25,4.75,0,8.50,4.75,0.25,0.50,0.05,1,0
P2_zayif_acgozlu_noev,1,1.00,383.97,350.00,420.00,13.29,12.80,30.40,7,7.00,4.82,1.70,0.00,3.52,0.51,0.41,0.06,0.20,0.87,0
P2_zayif_acgozlu_noev,2,1.00,323.70,230.60,412.00,14.46,13.64,114.83,7,7,4.85,1.72,0,3.28,1.91,0.26,0.25,0.15,0.92,0
P2_zayif_acgozlu_noev,3,1.00,339.84,208.00,467.10,15.83,14.79,139.50,7,6.99,5.07,1.42,0.01,3.51,2.28,0.25,0.44,0.15,0.85,0
P2_zayif_acgozlu_noev,4,1.00,72.88,48.00,95.30,17.22,15.92,183.35,8,7.88,5.54,1.69,0.12,4.10,2.88,0.27,0.56,0.14,0.46,293.11
P2_zayif_acgozlu_noev,5,1.00,241.73,98.70,389.00,18.86,17.28,191.32,8,7.99,5.71,1.86,0.01,3.56,2.95,0.53,0.62,0.19,0.79,0
P2_zayif_acgozlu_noev,6,1.00,335.91,177.90,491.00,20.42,18.40,160.05,9,8.91,6.07,2.27,0.09,3.98,2.46,0.67,0.43,0.24,0.30,0
P2_zayif_acgozlu_noev,7,1.00,395.50,249.90,561.60,22.00,19.64,172.63,9,8.99,6.12,2.40,0.01,4.06,2.64,0.66,0.46,0.23,0.52,0
P2_zayif_acgozlu_noev,8,1.00,411.31,260.00,549.30,21.64,19.24,168.25,9,9,6.16,2.33,0,4.03,2.53,0.65,0.37,0.22,0.79,1.19
P2_zayif_acgozlu_noev,9,1.00,444.54,311.00,582.60,22.09,19.35,186.52,10,9.94,5.18,4.25,0.06,5.59,2.83,0.56,0.47,0.17,0.50,0
P2_zayif_acgozlu_noev,10,1.00,506.59,337.80,688.60,22.71,19.95,239.43,10,9.99,5.53,4.03,0.01,6.43,3.60,0.33,0.68,0.09,0.68,0
P2_zayif_acgozlu_noev,11,1.00,514.71,354.90,672.00,23.39,20.00,266.82,10,10,5.47,4.07,0,6.50,3.97,0.21,0.88,0.07,0.84,0
P2_zayif_acgozlu_noev,12,1.00,527.73,353.80,711.00,24.30,20.56,285.09,11,10.95,6.10,4.29,0.05,7.59,4.17,0.19,0.84,0.06,0.66,11.57
P2_zayif_acgozlu_noev,13,0.02,491.60,244.20,821.20,25.78,22.97,383,11,11,6.40,3.80,0,7.40,5.60,0.20,0.60,0.04,0.80,0
P2_zayif_acgozlu_noev,14,0.02,623,487.00,786.80,27.14,23.35,292.20,11,11,6.60,4.20,0,7.40,4.20,0.20,0.20,0.04,1,0
P2_zayif_acgozlu_noev,15,0.02,873.40,776.20,989.20,28.91,25.45,493.80,12,11.80,7,4.40,0.20,7.80,7,0,1,0.03,0.80,0
P2_zayif_acgozlu_noev,16,0.02,516,196.40,747.80,30.10,26.83,486.60,12,12,6.40,4.80,0,8.60,6.60,0,0.80,0.00,0.80,370.40
P2_zayif_mantikli_ev,1,1.00,528.95,494.00,619.00,13.28,12.80,31.60,7,7,4.80,1.72,0,3.46,0.53,0.44,0.05,0.19,0.90,0
P2_zayif_mantikli_ev,2,1.00,499.77,420.90,584.00,14.50,13.64,107.03,7,6.99,4.84,1.71,0.01,3.37,1.78,0.29,0.24,0.16,0.88,0
P2_zayif_mantikli_ev,3,1.00,538.95,428.00,665.10,15.86,14.84,144.27,7,6.99,5.04,1.43,0.01,3.46,2.36,0.25,0.47,0.15,0.86,0
P2_zayif_mantikli_ev,4,1.00,98.06,72.90,124.00,17.23,15.96,183.22,8,7.83,5.45,1.70,0.17,4.19,2.87,0.26,0.56,0.15,0.19,448.59
P2_zayif_mantikli_ev,5,1.00,276.89,122.90,432.10,18.84,17.16,196.19,8.08,8.05,5.72,1.82,0.03,3.53,2.92,0.56,0.58,0.20,0.75,0
P2_zayif_mantikli_ev,6,1.00,438.63,259.40,618.60,20.44,18.48,179.44,9.09,8.99,6.18,2.22,0.10,4.17,2.66,0.64,0.49,0.23,0.36,0
P2_zayif_mantikli_ev,7,1.00,570.92,349.80,760.40,22.07,19.72,171.75,9.16,9.01,6.15,2.37,0.15,4.05,2.58,0.69,0.45,0.23,0.56,0
P2_zayif_mantikli_ev,8,1.00,487.16,104.00,704.00,23.42,21.07,172.55,9,9,6.24,2.36,0,4.06,2.59,0.63,0.44,0.21,0.82,127.58
P2_zayif_mantikli_ev,9,0.37,449.55,137.00,784.00,23.83,20.48,198.14,10.31,9.86,5.17,4.23,0.44,5.55,2.99,0.53,0.50,0.16,0.49,0
P2_zayif_mantikli_ev,10,0.37,618.13,316.00,895.00,24.19,20.48,247.26,10.30,9.96,5.34,4.06,0.33,6.67,3.68,0.26,0.70,0.08,0.60,0
P2_zayif_mantikli_ev,11,0.37,713.85,474.00,915.00,24.73,20.48,257.67,10.32,10.10,5.60,4.03,0.22,6.49,3.82,0.25,0.77,0.08,0.71,0
P2_zayif_mantikli_ev,12,0.37,598.57,51.00,874.00,25.38,20.72,311.64,11,10.93,6.41,4.05,0.07,7.28,4.50,0.21,0.89,0.06,0.68,220.94
P2_zayif_mantikli_ev,13,0.15,606.41,283.20,1044.00,26.70,22.98,368.77,11.34,11.09,6.30,4.32,0.25,7.84,5.27,0.11,0.57,0.03,0.77,0
P2_zayif_mantikli_ev,14,0.15,834.05,575.30,1078.60,27.69,23.34,379.89,11.14,11.11,6.61,4.16,0.02,7.52,5.30,0.07,0.75,0.03,0.93,0
P2_zayif_mantikli_ev,15,0.15,990.02,848.30,1179.10,28.46,24.30,404.30,12.16,11.86,6.48,4.70,0.30,7.70,5.50,0.16,0.75,0.03,0.64,0
P2_zayif_mantikli_ev,16,0.15,584.86,60.00,1036.10,29.37,24.83,481.59,12,12,6.73,4.84,0,8.07,6.50,0.09,0.98,0.02,0.89,495.89
P2_zayif_mantikli_noev,1,1.00,527.97,494.00,564.00,13.29,12.80,30.40,7,7.00,4.82,1.70,0.00,3.52,0.51,0.41,0.06,0.20,0.87,0
P2_zayif_mantikli_noev,2,1.00,501.95,425.70,581.00,14.47,13.64,115.63,7,7.00,4.86,1.72,0.00,3.29,1.93,0.27,0.26,0.15,0.93,0
P2_zayif_mantikli_noev,3,1.00,536.62,428.00,653.20,15.83,14.80,137.95,7,6.98,5.05,1.42,0.02,3.52,2.26,0.26,0.44,0.15,0.83,0
P2_zayif_mantikli_noev,4,1.00,98.94,73.00,124.10,17.23,16.12,180.43,8,7.85,5.51,1.64,0.15,4.14,2.83,0.27,0.59,0.15,0.24,446.07
P2_zayif_mantikli_noev,5,1.00,269.57,122.90,407.10,18.88,17.32,192.97,8,8,5.77,1.80,0,3.50,2.97,0.54,0.60,0.19,0.80,0
P2_zayif_mantikli_noev,6,1.00,421.75,247.80,593.50,20.49,18.56,177.13,9,8.95,6.13,2.23,0.05,4.19,2.73,0.64,0.50,0.22,0.38,0
P2_zayif_mantikli_noev,7,1.00,549.98,335.90,728.50,22.17,19.91,171.87,9,9.00,6.15,2.34,0.00,4.01,2.63,0.75,0.51,0.23,0.61,0
P2_zayif_mantikli_noev,8,1.00,508.98,96.00,713.30,23.54,21.08,174.32,9,9,6.19,2.38,0,4.05,2.61,0.69,0.44,0.21,0.83,110.61
P2_zayif_mantikli_noev,9,0.33,466.55,169.90,800.10,23.46,20.30,204.40,10,9.94,5.14,4.26,0.06,5.57,3.04,0.48,0.57,0.17,0.53,0
P2_zayif_mantikli_noev,10,0.33,640.60,331.70,923.50,24.09,20.35,252.90,10,9.98,5.54,3.95,0.02,6.29,3.75,0.38,0.76,0.10,0.67,0
P2_zayif_mantikli_noev,11,0.33,734.91,541.00,948.00,24.80,20.55,275.66,10,10,5.63,3.87,0,6.74,4.05,0.23,0.87,0.06,0.83,0
P2_zayif_mantikli_noev,12,0.33,585.06,53.10,869.10,25.54,20.76,297.35,11,10.97,6.38,4.11,0.03,7.67,4.31,0.19,0.83,0.05,0.59,235.48
P2_zayif_mantikli_noev,13,0.12,568.31,291.00,1017.00,26.56,21.84,368.36,11,10.97,5.83,4.28,0.03,7.47,5.28,0.14,0.78,0.03,0.86,0
P2_zayif_mantikli_noev,14,0.12,839.44,646.00,1079.00,27.78,22.80,384.19,11,11,6.39,3.86,0,7.39,5.44,0.14,1.03,0.04,1,0
P2_zayif_mantikli_noev,15,0.12,1013.67,803.00,1229.50,28.64,23.52,408.22,12,12,6.58,4.92,0,7.86,5.72,0.08,0.78,0.03,0.78,0
P2_zayif_mantikli_noev,16,0.12,743.50,123.50,1079.50,29.74,23.56,404.97,12,12,7.17,4.39,0,8.39,5.61,0.03,0.78,0.02,0.86,275.97
P2_orta_hic_ev,1,1.00,686.48,600.00,780.00,14.42,13.96,94.60,7,7,5.76,1.03,0,4.98,1.58,1.52,0.20,0.18,0.99,0
P2_orta_hic_ev,2,1.00,888.07,762.70,1015.30,16.98,16.04,203.98,7,7,5.80,0.97,0,4.95,3.26,1.24,0.71,0.16,0.98,0
P2_orta_hic_ev,3,1.00,1136.42,954.50,1318.00,19.50,18.28,249.72,7,7.00,5.75,1.03,0.00,4.88,3.84,1.20,1.04,0.15,0.97,0
P2_orta_hic_ev,4,1.00,758.71,543.90,974.40,22.33,20.96,277.30,8,7.98,6.55,1.13,0.02,5.36,4.26,1.32,1.14,0.14,0.79,650
P2_orta_hic_ev,5,1.00,1055.71,781.00,1338.30,25.16,23.44,290.77,8.08,8.08,6.34,1.47,0.01,4.61,4.17,1.77,1.12,0.19,0.90,0
P2_orta_hic_ev,6,1.00,1327.81,1020.80,1646.40,28.24,26.00,265.18,9.09,9.06,6.95,1.77,0.03,5.06,3.67,2.16,0.94,0.20,0.61,0
P2_orta_hic_ev,7,1.00,1596.16,1248.30,1925.40,31.27,28.68,265.12,9.16,9.07,7.04,1.75,0.09,5.30,3.68,2.04,0.97,0.20,0.71,0
P2_orta_hic_ev,8,1.00,1088.22,707.00,1454.40,34.40,31.68,275.83,9,9,7.11,1.67,0,5.32,3.75,1.91,0.90,0.18,0.97,780
P2_orta_hic_ev,9,1.00,1411.70,992.20,1795.90,36.44,33.50,327.34,10.26,9.93,6.59,3,0.33,7.60,4.44,1.52,1.09,0.14,0.46,0
P2_orta_hic_ev,10,1.00,1842.65,1415.20,2314.10,38.63,35.20,434.98,10.32,9.99,6.94,2.72,0.33,9.34,5.75,0.99,1.69,0.08,0.49,0
P2_orta_hic_ev,11,1.00,2301.45,1796.80,2819.00,41.07,37.23,463.74,10.26,10.07,7.23,2.50,0.19,9.18,6.00,1.06,1.78,0.06,0.74,0
P2_orta_hic_ev,12,1.00,1887.31,1313.90,2442.50,43.83,39.95,532.35,11,10.95,8.00,2.57,0.05,10.72,6.70,1.01,2.06,0.05,0.55,936
P2_orta_hic_ev,13,1.00,2517.40,1917.70,3150.90,46.32,42.16,640.80,11.33,11.07,8.06,2.70,0.26,10.55,7.86,0.80,2.29,0.05,0.66,0
P2_orta_hic_ev,14,1.00,3155.36,2462.90,3812.60,48.85,44.54,649.68,11.09,10.98,7.96,2.66,0.11,10.71,7.80,0.83,2.15,0.04,0.83,0
P2_orta_hic_ev,15,1.00,3810.07,3089.60,4566.30,51.40,46.68,673.12,12.26,11.94,8.50,3.09,0.32,11.91,7.97,0.95,2.21,0.04,0.48,0
P2_orta_hic_ev,16,1.00,3391.86,2616.90,4154.20,54.20,49.24,725.43,12,12,8.74,2.90,0,12.15,8.46,0.85,2.29,0.04,0.77,1123
P2_orta_hic_noev,1,1.00,690.07,615.00,780.00,14.42,13.96,97.40,7,7,5.73,1.03,0,4.95,1.62,1.56,0.22,0.18,0.99,0
P2_orta_hic_noev,2,1.00,894.20,767.70,1028.20,17.00,16.00,205.30,7,7,5.83,0.93,0,4.98,3.28,1.22,0.76,0.16,0.98,0
P2_orta_hic_noev,3,1.00,1143.02,982.50,1313.50,19.50,18.40,252.08,7,7,5.78,1.02,0,4.87,3.88,1.18,1.07,0.15,0.96,0
P2_orta_hic_noev,4,1.00,762.50,563.00,966.00,22.39,21.00,272.95,8,7.98,6.60,1.09,0.02,5.46,4.19,1.33,1.11,0.14,0.77,650
P2_orta_hic_noev,5,1.00,1037.78,800.70,1272.00,25.14,23.40,276.45,8,8,6.20,1.55,0,4.57,4.08,1.74,1.11,0.18,0.96,0
P2_orta_hic_noev,6,1.00,1302.88,1023.70,1574.30,28.23,25.92,267.32,9,8.98,6.93,1.74,0.02,5.08,3.83,2.11,1.02,0.20,0.61,0
P2_orta_hic_noev,7,1.00,1563.70,1248.70,1854.30,31.25,28.92,264.10,9,8.99,6.96,1.78,0.01,5.14,3.73,1.99,1.03,0.20,0.82,0
P2_orta_hic_noev,8,1.00,1055.68,699.00,1384.10,34.25,31.68,272.75,9,9,6.98,1.77,0,5.20,3.71,1.90,0.91,0.19,0.97,780
P2_orta_hic_noev,9,1.00,1367.63,996.50,1718.20,36.67,33.40,318.55,10,9.98,6.92,2.78,0.02,7.89,4.25,1.49,1.09,0.14,0.49,0
P2_orta_hic_noev,10,1.00,1814.01,1338.30,2216.30,39.19,35.67,455.17,10,9.98,7.22,2.48,0.02,9.16,5.96,1.08,1.80,0.07,0.58,0
P2_orta_hic_noev,11,1.00,2270.36,1754.20,2734.50,41.73,37.80,463.68,10,9.99,7.29,2.42,0.01,9.50,5.93,0.99,1.77,0.06,0.86,0
P2_orta_hic_noev,12,1.00,1859.67,1280.00,2395.20,44.49,40.47,537.08,11,10.95,8.02,2.57,0.05,10.57,6.74,1.02,2.13,0.05,0.52,936
P2_orta_hic_noev,13,1.00,2466.43,1856.70,3085.20,47.19,42.79,624.42,11,11.00,8.10,2.64,0.00,10.57,7.67,0.83,2.12,0.05,0.78,0
P2_orta_hic_noev,14,1.00,3079.82,2398.90,3721.60,49.80,45.16,629.53,11,11,7.91,2.83,0,10.62,7.57,0.98,2.02,0.05,0.93,0
P2_orta_hic_noev,15,1.00,3743.40,2946.20,4491.10,52.60,48.00,681.72,12,11.98,8.58,2.98,0.02,11.75,8.05,1.06,2.25,0.04,0.56,0
P2_orta_hic_noev,16,1.00,3332.92,2473.70,4188.00,55.38,50.60,728.78,12,12.00,8.61,2.99,0.00,11.96,8.42,0.93,2.38,0.04,0.80,1123
P2_orta_acgozlu_ev,1,1.00,441.08,360.00,535.00,14.36,13.84,89,7,7.00,5.73,1.05,0.00,5.02,1.48,1.43,0.21,0.18,0.99,0
P2_orta_acgozlu_ev,2,1.00,385.84,258.80,509.10,16.94,15.96,211.80,7,7,5.93,0.85,0,4.93,3.39,1.09,0.78,0.15,0.96,0
P2_orta_acgozlu_ev,3,1.00,431.09,280.80,586.00,19.58,18.31,257.35,7,7,5.85,0.91,0,5.11,3.96,1.30,1.06,0.16,0.98,0
P2_orta_acgozlu_ev,4,1.00,90.90,59.00,119.10,22.42,20.84,305.33,8,7.99,6.51,1.19,0.01,5.69,4.69,1.44,1.38,0.16,0.83,401.39
P2_orta_acgozlu_ev,5,1.00,418.79,252.00,611.00,25.43,23.56,335.29,8.08,8.08,6.51,1.33,0,4.88,4.78,1.93,1.31,0.19,0.97,0
P2_orta_acgozlu_ev,6,1.00,529.93,338.40,730.40,28.48,26.08,291.60,9.09,9.08,6.99,1.85,0.01,5.42,4.03,2.27,0.96,0.21,0.88,0
P2_orta_acgozlu_ev,7,1.00,549.35,342.70,760.20,31.67,29.16,311.37,9.16,9.11,7.09,1.77,0.05,5.49,4.27,2.19,1.02,0.21,0.88,0
P2_orta_acgozlu_ev,8,1.00,449.30,87.30,696.20,33.68,30.38,314.06,9,9,6.97,1.75,0,5.41,4.22,2.15,0.91,0.19,0.99,145.41
P2_orta_acgozlu_ev,9,1.00,718.20,424.00,990.40,36.01,31.92,456.05,10.26,10.03,6.47,3.29,0.23,8.47,6.16,1.38,1.28,0.14,0.78,0
P2_orta_acgozlu_ev,10,1.00,875.22,583.80,1174.70,38.42,34.07,585.45,10.32,10.13,6.52,3.44,0.18,9.71,7.58,1.08,1.77,0.08,0.80,0
P2_orta_acgozlu_ev,11,1.00,987.02,602.60,1393.50,40.93,36.22,663.43,10.26,10.16,6.59,3.29,0.10,9.79,8.24,0.96,1.87,0.08,0.87,0
P2_orta_acgozlu_ev,12,1.00,491.91,78.90,872.00,44.07,39.32,769.81,11,11.00,7.09,3.66,0.00,11.06,8.91,1.00,1.98,0.07,0.95,593.45
P2_orta_acgozlu_ev,13,0.84,1177.12,716.20,1689.40,47.95,42.09,972.40,11.36,11.22,7.31,3.59,0.13,10.80,9.67,0.97,1.32,0.07,0.89,0
P2_orta_acgozlu_ev,14,0.84,1782.28,888.60,2824.20,51.28,44.66,1011.99,11.09,11.06,7.13,3.69,0.04,11.41,9.53,0.78,1.29,0.06,0.93,0
P2_orta_acgozlu_ev,15,0.84,2670.43,1387.80,4226.00,55.17,48.09,1201.86,12.26,12.09,7.89,3.85,0.16,12.51,10.30,1.02,1.52,0.06,0.85,0
P2_orta_acgozlu_ev,16,0.84,3173.76,1483.80,4932.60,59.35,51.50,1331.17,12,12,8.12,3.60,0,12.40,10.52,0.80,1.35,0.06,1,713.55
P2_orta_acgozlu_noev,1,1.00,440.13,360.00,482.00,14.35,13.84,87.80,7,7,5.68,1.08,0,5.00,1.46,1.48,0.20,0.18,0.99,0
P2_orta_acgozlu_noev,2,1.00,390.97,281.00,509.20,16.94,15.88,213.57,7,7,5.89,0.91,0,4.90,3.41,1.12,0.79,0.15,0.97,0
P2_orta_acgozlu_noev,3,1.00,430.05,287.60,568.80,19.56,18.28,254.55,7,7,5.80,0.97,0,5.13,3.92,1.34,1.03,0.16,0.99,0
P2_orta_acgozlu_noev,4,1.00,91.68,60.90,119.00,22.42,20.92,301.95,8,7.98,6.48,1.17,0.02,5.65,4.63,1.46,1.35,0.16,0.81,405.20
P2_orta_acgozlu_noev,5,1.00,400.23,233.80,576.10,25.41,23.52,321.17,8,8,6.48,1.29,0,4.77,4.74,1.85,1.30,0.19,0.99,0
P2_orta_acgozlu_noev,6,1.00,515.75,333.50,735.60,28.49,26.12,280.48,9,9,6.99,1.70,0,5.47,4.01,2.15,0.98,0.20,0.90,0
P2_orta_acgozlu_noev,7,1.00,531.91,344.90,715.10,31.69,28.72,281.55,9,9,7.04,1.76,0,5.34,3.95,2.16,0.93,0.21,0.95,0
P2_orta_acgozlu_noev,8,1.00,462.87,93.80,707.10,33.61,30.28,312.71,9,9,7.00,1.78,0,5.36,4.22,2.20,1.01,0.19,0.99,123.36
P2_orta_acgozlu_noev,9,1.00,722.06,444.90,963.10,36.04,32.22,465.53,10,9.98,6.55,3.17,0.02,8.54,6.21,1.36,1.32,0.13,0.88,0
P2_orta_acgozlu_noev,10,1.00,871.09,633.70,1150.60,38.67,34.60,570.90,10,10.00,6.70,3.01,0.00,9.67,7.38,1.02,1.73,0.08,0.94,0
P2_orta_acgozlu_noev,11,1.00,976.17,603.70,1358.10,41.31,36.36,655.25,10,10,6.70,3.06,0,9.93,8.12,0.86,1.94,0.07,0.98,0
P2_orta_acgozlu_noev,12,1.00,458.36,95.60,822.00,44.45,38.95,789.47,11,11,7.08,3.64,0,11.22,9.19,0.96,2,0.07,0.96,619.55
P2_orta_acgozlu_noev,13,0.85,1150.52,689.50,1665.00,48.36,41.66,983.48,11,11,7.25,3.49,0,10.71,9.93,0.85,1.52,0.06,0.99,0
P2_orta_acgozlu_noev,14,0.85,1742.88,1020.00,2760.00,51.82,44.36,1021.40,11,11,7.25,3.49,0,11.28,9.71,0.64,1.43,0.05,1.00,0
P2_orta_acgozlu_noev,15,0.85,2652.12,1379.50,4022.50,55.76,47.96,1251.22,12,12,7.91,3.74,0,12.84,10.78,0.77,1.57,0.05,0.97,0
P2_orta_acgozlu_noev,16,0.85,3210.25,1543.00,4894.50,60.01,51.94,1402.83,12,12,8.18,3.50,0,12.54,10.93,0.73,1.53,0.05,1.00,719.54
P2_orta_mantikli_ev,1,1.00,585.08,504.00,679.00,14.36,13.84,89,7,7.00,5.73,1.05,0.00,5.02,1.48,1.43,0.21,0.18,0.99,0
P2_orta_mantikli_ev,2,1.00,577.58,465.00,680.10,16.94,15.96,211.58,7,7,5.93,0.86,0,4.92,3.38,1.09,0.78,0.15,0.96,0
P2_orta_mantikli_ev,3,1.00,620.20,481.00,769.10,19.57,18.32,255.83,7,7,5.84,0.90,0,5.08,3.94,1.27,1.06,0.16,0.98,0
P2_orta_mantikli_ev,4,1.00,117.35,41.00,196.50,22.37,20.80,341.28,8,7.97,6.56,1.11,0.03,5.46,5.24,1.30,1.40,0.15,0.72,572.65
P2_orta_mantikli_ev,5,1.00,446.72,236.00,690.60,25.34,23.48,331.67,8.08,8.08,6.55,1.28,0.00,5.07,4.72,1.76,1.17,0.18,0.98,0
P2_orta_mantikli_ev,6,1.00,675.88,487.50,906.40,28.41,26.04,294.07,9.09,9.08,6.90,1.87,0.01,5.32,4.08,2.31,0.94,0.21,0.80,0
P2_orta_mantikli_ev,7,1.00,780.55,604.80,968.80,31.50,29.00,316.50,9.16,9.13,7.05,1.80,0.03,5.49,4.37,2.14,0.97,0.20,0.85,0
P2_orta_mantikli_ev,8,1.00,236.83,40.90,672.00,34.33,31.19,324.47,9,9,6.94,1.84,0,5.48,4.39,2.03,0.88,0.19,0.99,576.65
P2_orta_mantikli_ev,9,0.96,648.01,353.70,979.60,36.29,32.35,459.79,10.26,10.00,6.37,3.30,0.27,8.23,6.16,1.49,1.34,0.14,0.69,0
P2_orta_mantikli_ev,10,0.96,1059.92,763.30,1326.80,38.17,34.04,600.32,10.33,10.12,6.49,3.37,0.21,9.69,7.81,1.13,1.81,0.08,0.73,0
P2_orta_mantikli_ev,11,0.96,1240.43,891.90,1618.10,40.15,35.90,632.99,10.27,10.15,6.61,3.27,0.12,10.06,7.95,0.94,1.82,0.07,0.82,0
P2_orta_mantikli_ev,12,0.96,463.99,135.40,880.80,42.72,37.86,747.84,11,10.98,7.06,3.55,0.02,10.94,8.74,1.06,2.05,0.08,0.84,871.11
P2_orta_mantikli_ev,13,0.94,1318.20,862.00,1775.80,45.55,40.10,995.18,11.30,11.16,7.39,3.42,0.14,10.96,10.17,0.82,1.55,0.07,0.84,0
P2_orta_mantikli_ev,14,0.94,1714.28,1140.00,2432.00,48.33,42.58,962.04,11.11,11.07,7.15,3.60,0.04,11.15,9.54,0.79,1.27,0.06,0.92,0
P2_orta_mantikli_ev,15,0.94,2383.96,1508.20,3489.40,51.87,45.33,1172.24,12.25,12.09,7.88,3.92,0.16,12.79,10.70,0.84,1.52,0.05,0.83,0
P2_orta_mantikli_ev,16,0.94,2340.22,934.20,3985.20,55.74,48.65,1273.07,12,12,7.95,3.71,0,12.53,10.81,0.78,1.43,0.05,0.98,878.05
P2_orta_mantikli_noev,1,1.00,584.13,504.00,626.00,14.35,13.84,87.80,7,7,5.68,1.08,0,5.00,1.46,1.48,0.20,0.18,0.99,0
P2_orta_mantikli_noev,2,1.00,581.24,469.80,681.00,16.94,15.88,214,7,7,5.89,0.91,0,4.90,3.42,1.12,0.79,0.15,0.97,0
P2_orta_mantikli_noev,3,1.00,626.64,495.90,774.00,19.56,18.28,255.42,7,7,5.83,0.92,0,5.13,3.93,1.29,1.01,0.16,0.99,0
P2_orta_mantikli_noev,4,1.00,119.18,43.90,203.00,22.45,20.84,332.70,8,7.98,6.60,1.10,0.02,5.41,5.11,1.35,1.38,0.15,0.69,568.22
P2_orta_mantikli_noev,5,1.00,433.36,238.80,639.70,25.37,23.48,321.40,8,8,6.41,1.35,0,4.88,4.73,1.80,1.13,0.18,1.00,0
P2_orta_mantikli_noev,6,1.00,649.01,447.90,865.50,28.48,26.07,273.88,9,9.00,6.98,1.79,0.00,5.34,3.92,2.18,0.87,0.20,0.85,0
P2_orta_mantikli_noev,7,1.00,750.09,585.80,954.00,31.56,28.84,291.72,9,9,7.00,1.73,0,5.48,4.09,2.07,0.89,0.20,0.94,0
P2_orta_mantikli_noev,8,1.00,244,37.00,706.30,34.31,31.08,322.50,9,9,6.90,1.81,0,5.40,4.36,2.05,0.88,0.19,0.98,568.84
P2_orta_mantikli_noev,9,0.96,650.04,376.00,971.20,36.32,32.44,460.65,10,9.98,6.35,3.33,0.02,8.27,6.10,1.50,1.31,0.14,0.82,0
P2_orta_mantikli_noev,10,0.96,1055.99,770.80,1326.20,38.42,34.54,583.34,10,9.99,6.71,3.03,0.01,9.88,7.58,0.98,1.78,0.08,0.83,0
P2_orta_mantikli_noev,11,0.96,1210.80,918.80,1604.40,40.40,36.23,616.07,10,10,6.57,3.20,0,9.96,7.75,0.92,1.84,0.07,0.97,0
P2_orta_mantikli_noev,12,0.96,464.99,141.80,814.40,42.99,38.54,742.83,11,10.98,7.21,3.46,0.02,11.28,8.79,1.01,2.04,0.07,0.86,851.94
P2_orta_mantikli_noev,13,0.96,1302.11,875.00,1703.20,45.85,40.25,962.18,11,11,7.34,3.41,0,10.95,9.94,0.84,1.45,0.07,0.98,0
P2_orta_mantikli_noev,14,0.96,1633.68,1159.40,2192.20,48.57,42.62,934.01,11,11,7.18,3.55,0,11.31,9.39,0.73,1.31,0.06,0.99,0
P2_orta_mantikli_noev,15,0.96,2240.27,1454.00,3169.40,52.30,45.96,1150.79,12,12.00,8.00,3.68,0.00,12.49,10.60,0.90,1.48,0.06,0.97,0
P2_orta_mantikli_noev,16,0.96,2102.81,885.20,3389.20,56.20,49.32,1240.78,12,12,8.10,3.60,0,12.60,10.45,0.75,1.36,0.05,0.99,896.89
P2_iyi_hic_ev,1,1.00,745.72,660.00,840.00,15.32,14.80,150.25,7,7,6.64,0.30,0,6.46,2.50,2.03,0.55,0.18,1,0
P2_iyi_hic_ev,2,1.00,1064.91,902.50,1225.00,18.92,18.04,305.72,7,7,6.54,0.43,0,6.34,4.73,1.89,1.41,0.17,1,0
P2_iyi_hic_ev,3,1.00,1418.69,1226.00,1616.00,22.55,21.32,338.05,7,7,6.52,0.43,0,6.20,5.20,1.82,1.64,0.16,1.00,0
P2_iyi_hic_ev,4,1.00,1189.58,965.50,1409.00,26.70,25.24,406.25,8,8,7.56,0.38,0,6.93,5.90,2.04,1.88,0.14,0.95,650
P2_iyi_hic_ev,5,1.00,1610.90,1370.80,1858.60,30.88,29.11,397.43,8.08,8.08,7.38,0.66,0,5.75,5.46,2.49,1.79,0.19,0.97,0
P2_iyi_hic_ev,6,1.00,2003.58,1708.60,2320.20,35.23,33.24,369.39,9.09,9.09,7.96,1.06,0,6.25,4.84,2.87,1.46,0.20,0.91,0
P2_iyi_hic_ev,7,1.00,2422.11,2058.70,2773.60,39.46,36.96,394.47,9.16,9.12,7.84,1.20,0.04,6.23,5.12,2.89,1.52,0.20,0.90,0
P2_iyi_hic_ev,8,1.00,2036.65,1654.60,2406.30,43.64,40.91,380.95,9,9,7.77,1.18,0,6.22,4.81,2.80,1.39,0.19,0.99,780
P2_iyi_hic_ev,9,1.00,2524.31,2129.90,2964.00,47.13,43.87,470.50,10.26,10.00,7.66,2.26,0.26,9.91,5.91,2.46,1.82,0.13,0.71,0
P2_iyi_hic_ev,10,1.00,3175.72,2720.50,3682.30,50.89,47.20,632.12,10.32,10.09,8.09,1.90,0.23,11.70,7.57,2.15,2.51,0.08,0.73,0
P2_iyi_hic_ev,11,1.00,3882.67,3335.00,4475.70,54.82,51.44,689.24,10.26,10.16,8.31,1.78,0.10,11.59,8.08,2.15,2.73,0.07,0.84,0
P2_iyi_hic_ev,12,1.00,3742.18,3099.70,4436.00,59.24,55.60,782.22,11,10.99,9.25,1.63,0.01,13.15,8.83,2.20,3.04,0.06,0.83,936
P2_iyi_hic_ev,13,1.00,4698.55,3958.60,5546.50,63.47,59.63,937.66,11.33,11.17,9.28,1.78,0.16,13.77,10.20,2.03,3.50,0.06,0.82,0
P2_iyi_hic_ev,14,1.00,5635.60,4821.00,6598.90,67.77,63.44,918.43,11.09,11.05,9.25,1.70,0.04,13.29,9.70,2.04,3.23,0.06,0.89,0
P2_iyi_hic_ev,15,1.00,6696.85,5766.50,7703.70,72.37,67.87,1046.15,12.26,12.08,10.08,1.85,0.18,15.07,10.78,2.23,3.67,0.05,0.75,0
P2_iyi_hic_ev,16,1.00,6671.10,5630.70,7716.70,76.99,72.44,1084.73,12,12,10.03,1.89,0,14.72,10.90,2.20,3.75,0.05,0.96,1123
P2_iyi_hic_noev,1,1.00,749.33,660.00,840.00,15.32,14.80,153.55,7,7,6.65,0.30,0,6.46,2.56,2.03,0.57,0.18,1,0
P2_iyi_hic_noev,2,1.00,1071.00,899.80,1258.00,18.91,18.04,308.05,7,7,6.54,0.43,0,6.34,4.76,1.87,1.39,0.17,1,0
P2_iyi_hic_noev,3,1.00,1427.69,1226.00,1616.00,22.52,21.08,340.90,7,7,6.50,0.44,0,6.23,5.24,1.82,1.65,0.16,1,0
P2_iyi_hic_noev,4,1.00,1190.57,958.70,1424.50,26.63,25.12,398.67,8,8,7.52,0.41,0,6.91,5.79,2.02,1.83,0.14,0.96,650
P2_iyi_hic_noev,5,1.00,1586.30,1326.70,1833.00,30.70,28.88,378.77,8,8,7.22,0.73,0,5.63,5.39,2.42,1.78,0.18,0.99,0
P2_iyi_hic_noev,6,1.00,1952.09,1660.00,2231.50,34.92,32.60,351.80,9,9,7.82,1.12,0,6.16,4.76,2.80,1.43,0.20,0.94,0
P2_iyi_hic_noev,7,1.00,2349.79,1971.00,2703.00,39.08,36.35,381.62,9,9,7.71,1.21,0,6.19,5.03,2.78,1.53,0.20,0.98,0
P2_iyi_hic_noev,8,1.00,1970.30,1547.80,2366.50,43.22,40.08,385.13,9,9,7.69,1.26,0,6.10,4.88,2.81,1.42,0.19,1,780
P2_iyi_hic_noev,9,1.00,2465.67,1993.80,2936.70,46.97,43.80,482.60,10,10.00,7.94,1.99,0.00,10.13,5.96,2.35,1.86,0.13,0.80,0
P2_iyi_hic_noev,10,1.00,3114.01,2565.70,3645.30,50.91,47.28,632.27,10,10.00,8.24,1.65,0.00,12.01,7.57,2.02,2.49,0.08,0.84,0
P2_iyi_hic_noev,11,1.00,3813.24,3174.50,4459.60,54.89,51.07,684.75,10,10,8.28,1.64,0,11.48,7.98,2.06,2.70,0.07,0.97,0
P2_iyi_hic_noev,12,1.00,3667.92,2957.90,4351.80,59.28,55.28,775.70,11,10.99,9.21,1.70,0.01,13.57,8.76,2.21,3.03,0.06,0.79,936
P2_iyi_hic_noev,13,1.00,4581.07,3734.90,5359.30,63.65,59.32,901.92,11,11.00,9.26,1.65,0.00,12.98,9.88,2.09,3.34,0.07,0.92,0
P2_iyi_hic_noev,14,1.00,5528.85,4581.20,6455.30,68.01,63.75,935.45,11,11,9.33,1.60,0,13.28,9.95,1.94,3.31,0.06,0.98,0
P2_iyi_hic_noev,15,1.00,6574.02,5573.30,7631.50,72.74,68.32,1034.43,12,12,10.11,1.79,0,15.45,10.68,2.30,3.57,0.05,0.84,0
P2_iyi_hic_noev,16,1.00,6567.64,5470.00,7677.90,77.32,72.55,1104.67,12,12,9.96,1.95,0,14.78,11.07,2.17,3.83,0.05,0.97,1123
P2_iyi_acgozlu_ev,1,1.00,498.78,420.00,600.00,14.92,14.00,142.80,7,7,6.12,0.81,0,5.91,2.38,2.06,0.49,0.18,1,0
P2_iyi_acgozlu_ev,2,1.00,428.18,297.00,567.20,18.29,17.20,274.92,7,7,6.18,0.77,0,5.96,4.29,2.02,1.24,0.17,1,0
P2_iyi_acgozlu_ev,3,1.00,526.47,374.00,696.30,21.96,20.56,327.60,7,7,6.46,0.46,0,6.18,5.04,2.08,1.58,0.16,1,0
P2_iyi_acgozlu_ev,4,1.00,128.86,44.00,240.40,26.07,24.68,451.45,8,8,7.50,0.43,0,7.27,6.62,2.17,2.20,0.16,0.98,560.21
P2_iyi_acgozlu_ev,5,1.00,577.11,363.80,805.60,30.13,28.23,464.67,8.08,8.08,7.07,0.95,0,5.67,6.40,2.80,1.93,0.20,1,0
P2_iyi_acgozlu_ev,6,1.00,698.99,464.80,949.00,34.47,32.44,428.05,9.09,9.09,7.85,1.19,0,6.51,5.63,3.04,1.57,0.20,1.00,0
P2_iyi_acgozlu_ev,7,1.00,767.37,503.20,1038.30,39.05,36.32,461.51,9.16,9.15,7.82,1.26,0.01,6.55,5.98,3.12,1.46,0.21,0.97,0
P2_iyi_acgozlu_ev,8,1.00,244.91,48.90,636.30,43.84,40.36,460.93,9,9,7.66,1.27,0,6.47,5.54,3.04,1.31,0.20,1,545.83
P2_iyi_acgozlu_ev,9,1.00,953.28,635.90,1301.10,48.30,44.28,809.31,10.26,10.17,7.39,2.71,0.09,11.50,9.26,2.05,2.29,0.14,0.85,0
P2_iyi_acgozlu_ev,10,1.00,1316,857.80,1820.70,52.81,48.08,1004.10,10.32,10.23,7.48,2.66,0.09,12.57,10.78,1.81,2.78,0.11,0.89,0
P2_iyi_acgozlu_ev,11,1.00,1945.90,1113.80,2825.40,57.71,52.39,1220.37,10.26,10.22,7.81,2.36,0.04,12.72,11.44,1.66,2.88,0.11,0.92,0
P2_iyi_acgozlu_ev,12,1.00,2230.88,752.80,3724.10,63.23,57.58,1417.52,11,11,8.39,2.53,0,13.76,11.87,1.80,3.11,0.10,1,711.12
P2_iyi_acgozlu_ev,13,1.00,3896.05,2265.30,5676.20,68.69,62.89,1804.90,11.33,11.26,8.55,2.63,0.07,14.85,13.62,1.68,2.75,0.09,0.91,0
P2_iyi_acgozlu_ev,14,1.00,5592.67,3663.40,7727.80,73.99,67.52,1779.67,11.09,11.07,8.24,2.75,0.02,14.21,12.74,1.77,2.63,0.10,0.96,0
P2_iyi_acgozlu_ev,15,1.00,7610.11,5553.80,9922.30,79.68,73.39,2025.84,12.26,12.18,8.97,3.11,0.08,15.61,13.84,2.02,2.75,0.11,0.91,0
P2_iyi_acgozlu_ev,16,1.00,8904.85,6634.50,11399.50,85.54,78.51,2009.45,12,12,9.04,2.86,0,15.09,13.35,1.87,2.62,0.10,1,714.74
P2_iyi_acgozlu_noev,1,1.00,492.42,420.00,542.00,14.91,14.00,136.80,7,7,6.11,0.82,0,5.90,2.28,2.07,0.46,0.19,1,0
P2_iyi_acgozlu_noev,2,1.00,425.92,291.50,564.30,18.27,17.12,273.03,7,7,6.20,0.76,0,6.00,4.26,2.00,1.24,0.17,1,0
P2_iyi_acgozlu_noev,3,1.00,526.91,374.00,694.00,21.95,20.52,331.07,7,7,6.46,0.47,0,6.18,5.09,2.05,1.58,0.17,1,0
P2_iyi_acgozlu_noev,4,1.00,131.07,48.70,245.70,26.07,24.64,439.60,8,8,7.48,0.44,0,7.24,6.45,2.20,2.12,0.16,0.99,558.30
P2_iyi_acgozlu_noev,5,1.00,579.74,384.70,783.20,30.11,28.24,459.33,8,8,7.06,0.89,0,5.69,6.55,2.67,2.02,0.19,1,0
P2_iyi_acgozlu_noev,6,1.00,664.70,433.00,891.20,34.35,32.31,414.57,9,9,7.69,1.24,0,6.41,5.64,3.00,1.65,0.20,1,0
P2_iyi_acgozlu_noev,7,1.00,792.58,519.00,1046.50,38.86,36.40,450.87,9,9,7.75,1.22,0,6.53,5.94,2.96,1.36,0.20,1.00,0
P2_iyi_acgozlu_noev,8,1.00,233.54,44.00,642.20,43.55,40.23,424.65,9,9,7.51,1.41,0,6.33,5.23,3.15,1.24,0.20,1,543.13
P2_iyi_acgozlu_noev,9,1.00,930.08,598.90,1279.00,48.12,44.47,801.82,10,10,7.50,2.39,0,11.40,9.32,1.83,2.26,0.13,1,0
P2_iyi_acgozlu_noev,10,1.00,1267.59,852.40,1647.10,52.83,48.56,978.44,10,10,7.69,2.27,0,12.59,10.68,1.61,2.71,0.10,1.00,0
P2_iyi_acgozlu_noev,11,1.00,1812.50,1130.80,2672.50,57.68,53.46,1151.98,10,10,7.71,2.22,0,12.71,11.15,1.58,2.93,0.10,1,0
P2_iyi_acgozlu_noev,12,1.00,2019.24,763.80,3535.40,63.18,57.92,1405.37,11,11,8.39,2.50,0,14.07,12.07,1.67,3.08,0.09,1,719.62
P2_iyi_acgozlu_noev,13,1.00,3541.48,1929.60,5240.20,68.67,63.44,1706.02,11,11,8.43,2.50,0,14.13,12.99,1.56,2.60,0.09,1,0
P2_iyi_acgozlu_noev,14,1.00,5234.10,3485.10,7034.80,74.09,68.56,1780.75,11,11,8.31,2.60,0,14.60,12.88,1.69,2.53,0.09,1,0
P2_iyi_acgozlu_noev,15,1.00,7211.21,5201.00,9270.10,79.86,74.10,1984.50,12,12,8.98,2.96,0,15.54,13.59,1.86,2.67,0.10,1,0
P2_iyi_acgozlu_noev,16,1.00,8580.34,6384.90,10768.30,85.65,79.52,2084.71,12,12,8.98,2.94,0,15.42,13.85,1.86,2.83,0.10,1,717.57
P2_iyi_mantikli_ev,1,1.00,643.10,564.00,744.00,14.92,14.00,142.80,7,7,6.12,0.81,0,5.91,2.38,2.06,0.49,0.18,1,0
P2_iyi_mantikli_ev,2,1.00,647.60,522.80,778.00,18.29,17.20,274.92,7,7,6.19,0.77,0,5.96,4.29,2.02,1.24,0.17,1,0
P2_iyi_mantikli_ev,3,1.00,682.15,531.70,834.20,22.00,20.64,328.05,7,7,6.53,0.41,0,6.32,5.05,2.02,1.60,0.17,1,0
P2_iyi_mantikli_ev,4,1.00,296.08,95.80,519.20,26.18,24.76,545.33,8,8,7.59,0.35,0,6.94,7.98,2.11,2.44,0.14,0.97,640.09
P2_iyi_mantikli_ev,5,1.00,766.30,531.80,986.70,30.08,28.12,483.62,8.08,8.08,6.91,1.11,0,5.75,6.67,2.74,1.82,0.20,1.00,0
P2_iyi_mantikli_ev,6,1.00,912.99,693.50,1159.30,34.17,31.76,421.53,9.09,9.09,7.64,1.38,0,6.48,5.54,3.01,1.30,0.21,0.98,0
P2_iyi_mantikli_ev,7,1.00,966.73,730.70,1208.50,38.47,35.68,422.41,9.16,9.15,7.58,1.54,0.01,6.51,5.45,3.09,1.30,0.21,0.96,0
P2_iyi_mantikli_ev,8,1.00,245.42,52.00,473.20,42.93,39.40,476.73,9,9,7.47,1.47,0,6.39,5.70,3.03,1.19,0.20,1,750.67
P2_iyi_mantikli_ev,9,1.00,1025.27,645.90,1412.10,46.57,42.52,777.49,10.26,10.14,7.07,2.99,0.12,11.26,8.71,2.25,2.09,0.15,0.85,0
P2_iyi_mantikli_ev,10,1.00,1603.67,1166.40,2149.30,50.61,46.19,1021.15,10.32,10.18,7.74,2.36,0.13,12.72,10.99,1.68,2.88,0.11,0.88,0
P2_iyi_mantikli_ev,11,1.00,2127.07,1339.80,2864.20,54.86,48.99,1154.77,10.26,10.21,7.65,2.48,0.05,12.85,11.21,1.75,2.90,0.11,0.92,0
P2_iyi_mantikli_ev,12,1.00,2006.19,821.90,3143.50,59.99,53.68,1348.36,11,11,8.23,2.69,0,13.59,11.91,1.79,3.24,0.10,1.00,813.57
P2_iyi_mantikli_ev,13,1.00,3434.92,1995.80,4912.30,64.98,57.84,1669.24,11.33,11.28,8.15,3.05,0.05,14.03,12.75,1.85,2.41,0.10,0.91,0
P2_iyi_mantikli_ev,14,1.00,5028.78,3244.10,6755.20,70.30,62.23,1750.71,11.09,11.08,8.32,2.66,0.01,14.23,12.72,1.68,2.48,0.10,0.98,0
P2_iyi_mantikli_ev,15,1.00,6980.48,4939.00,8968.50,76.00,67.35,2013.61,12.26,12.17,9.04,3.03,0.09,16.04,14.16,1.95,2.85,0.09,0.91,0
P2_iyi_mantikli_ev,16,1.00,8294.39,6068.60,10455.10,81.96,72.96,2040.87,12,12,9.15,2.80,0,15.24,13.83,1.84,2.66,0.10,1,720.22
P2_iyi_mantikli_noev,1,1.00,636.42,564.00,686.00,14.91,14.00,136.80,7,7,6.11,0.82,0,5.90,2.28,2.07,0.46,0.19,1,0
P2_iyi_mantikli_noev,2,1.00,642.21,518.00,763.00,18.27,17.12,273.03,7,7,6.20,0.76,0,6.00,4.26,2.00,1.24,0.17,1,0
P2_iyi_mantikli_noev,3,1.00,682.44,536.90,831.10,21.98,20.56,329.57,7,7,6.52,0.41,0,6.29,5.07,2.02,1.58,0.17,1,0
P2_iyi_mantikli_noev,4,1.00,294.25,85.90,539.00,26.16,24.76,545.53,8,8,7.58,0.35,0,6.85,7.97,2.09,2.40,0.14,0.97,640.58
P2_iyi_mantikli_noev,5,1.00,731.11,513.80,935.50,30.00,27.84,451.78,8,8,6.84,1.12,0,5.62,6.45,2.67,1.73,0.19,1,0
P2_iyi_mantikli_noev,6,1.00,887.92,683.90,1090.60,33.96,31.28,406.98,9,9,7.44,1.50,0,6.35,5.55,2.91,1.33,0.20,1,0
P2_iyi_mantikli_noev,7,1.00,957.32,742.00,1173.40,38.22,35.39,411.07,9,9,7.53,1.41,0,6.43,5.41,2.92,1.21,0.21,1,0
P2_iyi_mantikli_noev,8,1.00,240.68,62.90,478.50,42.65,39.40,468.55,9,9,7.49,1.45,0,6.35,5.74,3.06,1.19,0.20,1,741.56
P2_iyi_mantikli_noev,9,1.00,1025.20,643.60,1420.20,46.45,42.74,792.46,10,10.00,7.37,2.59,0.00,11.63,8.88,2.00,2.19,0.14,0.96,0
P2_iyi_mantikli_noev,10,1.00,1573.17,1138.20,2055.80,50.40,46.18,981.56,10,10,7.62,2.31,0,12.35,10.71,1.62,2.73,0.11,0.98,0
P2_iyi_mantikli_noev,11,1.00,2024.40,1349.60,2780.20,54.64,49.67,1117.75,10,10,7.77,2.18,0,12.77,11,1.56,2.97,0.10,0.99,0
P2_iyi_mantikli_noev,12,1.00,1823.93,836.80,2956.40,59.75,53.99,1343.95,11,11,8.33,2.59,0,13.98,11.99,1.66,3.10,0.10,0.99,833.69
P2_iyi_mantikli_noev,13,1.00,3240.08,1990.80,4545.20,64.94,58.83,1708.07,11,11,8.38,2.57,0,14.34,13.23,1.53,2.66,0.09,1,0
P2_iyi_mantikli_noev,14,1.00,4777.90,3193.00,6408.80,70.34,63.37,1723.90,11,11,8.36,2.56,0,14.26,12.68,1.60,2.47,0.09,1,0
P2_iyi_mantikli_noev,15,1.00,6667.44,4931.20,8384.40,76.00,69.52,1946.38,12,12,8.82,3.09,0,15.28,13.68,1.94,2.72,0.10,1,0
P2_iyi_mantikli_noev,16,1.00,7945.25,5845.00,9975.40,81.69,75.15,1989.03,12,12,8.84,3.08,0,15.33,13.52,1.96,2.68,0.10,1,709.32
P3_zayif_hic_ev,1,1.00,796.13,710.00,870.00,14.44,13.84,85.75,8,7.93,6.36,0.80,0.07,4.80,1.14,1.01,0.08,0.26,0.53,0
P3_zayif_hic_ev,2,1.00,1000.82,855.00,1140.00,16.77,15.84,224.63,8,7.89,6.26,0.89,0.11,4.60,2.91,0.83,0.30,0.23,0.44,0
P3_zayif_hic_ev,3,1.00,1231.78,1029.50,1433.50,18.96,17.76,256.53,8,7.90,6.20,1.04,0.10,4.57,3.21,0.76,0.39,0.22,0.48,0
P3_zayif_hic_ev,4,1.00,351.02,135.00,598.20,21.20,19.72,276.02,8,7.98,6.30,0.99,0.02,4.53,3.45,0.74,0.45,0.21,0.71,1130.15
P3_zayif_hic_ev,5,1.00,602.81,311.00,916.70,23.60,21.72,265.36,9.08,8.97,6.63,1.61,0.11,4.31,3.17,1.30,0.45,0.30,0.17,0
P3_zayif_hic_ev,6,1.00,841.67,483.00,1191.20,25.90,23.60,247.24,9.09,9.05,6.66,1.82,0.04,4.41,2.87,1.30,0.35,0.30,0.43,0
P3_zayif_hic_ev,7,1.00,1104.62,696.00,1496.10,28.12,25.55,268.55,9.16,9.05,6.61,1.90,0.11,4.39,3.12,1.27,0.40,0.29,0.68,0
P3_zayif_hic_ev,8,1.00,251.99,72.70,435.20,30.75,27.95,256.72,10,9.97,7.42,1.92,0.03,5.00,2.99,1.43,0.36,0.31,0.34,1086.01
P3_zayif_hic_ev,9,0.98,493.00,246.00,746.40,31.89,28.53,283.32,10.26,9.93,6,3.31,0.33,6.80,3.29,0.87,0.30,0.20,0.43,0
P3_zayif_hic_ev,10,0.98,812.47,470.60,1180.00,33.18,29.88,346.43,10.34,10.08,6.38,3.18,0.26,7.53,3.96,0.65,0.47,0.14,0.60,0
P3_zayif_hic_ev,11,0.98,1151.55,729.80,1571.80,34.64,30.74,368.23,11.26,10.88,6.95,3.28,0.38,8.44,4.16,0.63,0.51,0.13,0.36,0
P3_zayif_hic_ev,12,0.98,618.90,135.40,1469.20,36.44,32.37,402.75,11,10.99,7.34,3.02,0.01,8.70,4.49,0.58,0.53,0.12,0.71,898.88
P3_zayif_hic_ev,13,0.65,761.94,461.00,1097.80,38.57,34.19,516.01,12.34,11.93,7.92,3.27,0.42,8.85,5.58,0.53,0.55,0.12,0.16,0
P3_zayif_hic_ev,14,0.65,1286.38,946.00,1658.20,40.40,35.30,560.16,12.04,11.88,7.94,3.21,0.16,8.86,6.02,0.52,0.67,0.10,0.41,0
P3_zayif_hic_ev,15,0.65,1787.26,1387.00,2207.20,42.12,36.97,546.39,12.22,11.97,8.02,3.33,0.25,9.27,5.83,0.47,0.54,0.09,0.60,0
P3_zayif_hic_ev,16,0.65,691.85,147.80,1817.20,44.48,39.10,583.79,13,12.93,9.16,3.09,0.07,10.25,6.17,0.41,0.62,0.08,0.36,1634.91
P3_zayif_hic_noev,1,1.00,799.12,710.00,870.00,14.47,13.96,88.25,8,7.94,6.42,0.80,0.06,4.86,1.18,0.99,0.09,0.26,0.51,0
P3_zayif_hic_noev,2,1.00,1005.68,860.00,1138.20,16.77,15.76,225.68,8,7.90,6.20,0.95,0.10,4.55,2.92,0.85,0.32,0.23,0.46,0
P3_zayif_hic_noev,3,1.00,1242.71,1019.50,1450.00,19.00,17.76,260.72,8,7.91,6.19,1.05,0.09,4.56,3.26,0.78,0.35,0.22,0.47,0
P3_zayif_hic_noev,4,1.00,370.51,139.80,614.00,21.21,19.60,276.02,8,7.99,6.22,1.04,0.01,4.57,3.45,0.78,0.47,0.22,0.70,1124.61
P3_zayif_hic_noev,5,1.00,597.27,312.70,894.00,23.55,21.68,255.08,9,8.94,6.58,1.66,0.06,4.27,3.16,1.29,0.43,0.30,0.18,0
P3_zayif_hic_noev,6,1.00,810.60,504.50,1111.20,25.78,23.76,239,9,8.99,6.57,1.83,0.01,4.37,2.87,1.28,0.34,0.30,0.45,0
P3_zayif_hic_noev,7,1.00,1027.02,659.60,1364.40,28.11,25.52,238.80,9,9,6.67,1.84,0,4.35,2.82,1.26,0.34,0.29,0.75,0
P3_zayif_hic_noev,8,1.00,240.07,86.00,362.20,30.73,27.71,249.47,10,9.98,7.35,2,0.02,4.99,2.91,1.53,0.33,0.31,0.43,1016.76
P3_zayif_hic_noev,9,0.97,473.31,262.90,693.20,32.17,28.96,284.36,10,9.99,6.21,3.22,0.01,7,3.26,0.91,0.34,0.20,0.50,0
P3_zayif_hic_noev,10,0.97,787.13,509.50,1089.20,33.70,30.28,344.41,10,10,6.50,3.02,0,7.49,3.90,0.68,0.45,0.14,0.79,0
P3_zayif_hic_noev,11,0.97,1136.19,745.70,1510.10,35.36,31.52,383.22,11,10.96,7.09,3.14,0.04,8.65,4.29,0.68,0.53,0.12,0.39,0
P3_zayif_hic_noev,12,0.97,718.82,142.30,1509.30,37.19,33.36,403.83,11,10.99,7.38,3.10,0.01,8.69,4.48,0.63,0.58,0.13,0.75,786.51
P3_zayif_hic_noev,13,0.54,699.12,427.80,972.50,39.85,36.40,488.58,12,11.91,7.88,3.14,0.09,8.90,5.33,0.50,0.50,0.11,0.15,0
P3_zayif_hic_noev,14,0.54,1189.14,858.30,1552.60,41.85,38.02,538.89,12,11.97,8.12,3.11,0.03,8.97,5.79,0.57,0.55,0.10,0.43,0
P3_zayif_hic_noev,15,0.54,1711.61,1354.10,2113.20,43.76,39.21,569.66,12,11.99,8.06,3.27,0.01,9.33,6.05,0.52,0.51,0.09,0.77,0
P3_zayif_hic_noev,16,0.54,674.57,122.80,1783.20,46.18,41.37,607.38,13,12.94,9.18,3.10,0.06,9.94,6.36,0.50,0.58,0.08,0.40,1598.08
P3_zayif_acgozlu_ev,1,1.00,476.60,395.00,555.00,14.42,13.80,83.25,8,7.90,6.39,0.81,0.10,4.87,1.11,0.94,0.04,0.26,0.49,0
P3_zayif_acgozlu_ev,2,1.00,549.64,394.00,699.00,16.64,15.72,225.88,8,7.90,6.19,0.92,0.10,4.50,2.93,0.76,0.30,0.23,0.44,0
P3_zayif_acgozlu_ev,3,1.00,597.81,441.80,765.20,18.95,17.76,267.27,8,7.92,6.34,0.81,0.08,4.76,3.35,0.77,0.40,0.22,0.49,0
P3_zayif_acgozlu_ev,4,1.00,119.48,87.70,156.00,21.30,19.92,290.67,8,7.99,6.47,0.94,0.01,4.71,3.63,0.75,0.44,0.20,0.84,478.06
P3_zayif_acgozlu_ev,5,1.00,398.55,193.90,612.30,23.85,22.12,298.88,9.08,9.05,6.99,1.47,0.03,4.58,3.55,1.23,0.50,0.30,0.59,0
P3_zayif_acgozlu_ev,6,1.00,582.19,370.80,783.00,26.39,24.40,276.30,9.09,9.09,6.96,1.60,0.01,4.59,3.19,1.30,0.38,0.29,0.76,0
P3_zayif_acgozlu_ev,7,1.00,658.59,464.00,894.00,28.77,26.40,261.46,9.16,9.11,6.85,1.79,0.05,4.44,3.03,1.33,0.37,0.29,0.89,0
P3_zayif_acgozlu_ev,8,1.00,682.08,484.80,905.30,29.49,26.87,256.28,10,9.99,7.54,1.84,0.01,5.13,2.98,1.47,0.32,0.29,0.81,0
P3_zayif_acgozlu_ev,9,1.00,732.76,503.90,933.60,30.77,27.40,279.50,10.26,10.05,6.21,3.29,0.21,7.22,3.30,0.95,0.32,0.19,0.74,0
P3_zayif_acgozlu_ev,10,1.00,834.67,581.00,1074.20,32.32,28.72,350.34,10.32,10.17,6.57,3.07,0.14,8.05,4.02,0.72,0.39,0.14,0.83,0
P3_zayif_acgozlu_ev,11,1.00,831.40,601.90,1072.40,34.36,30.35,388.42,11.26,11.08,7.34,3.13,0.18,9.09,4.36,0.72,0.47,0.13,0.76,0
P3_zayif_acgozlu_ev,12,1.00,879.37,611.70,1172.70,36.65,32.24,438.56,11,11.00,7.35,3.03,0.00,8.94,4.80,0.52,0.49,0.12,0.96,9.10
P3_zayif_acgozlu_ev,13,0.01,779,627.80,930.20,38.34,34.80,662,12,12,6,5.50,0,10,7,0.50,0.50,0.21,0.50,0
P3_zayif_acgozlu_ev,14,0.01,982.50,914.90,1050.10,39.48,37.18,726,12,12,7,4.50,0,8.50,7.50,0,1,0.23,1,0
P3_zayif_acgozlu_ev,15,0.01,1192,1157.60,1226.40,41.62,39.27,482,12,12,6.50,5,0,8.50,5,0.50,0,0.16,1,0
P3_zayif_acgozlu_ev,16,0.01,1163.50,875.10,1451.90,46.72,44.00,762,13,13,9,3,0,9.50,7.50,1,0.50,0.12,1,0
P3_zayif_acgozlu_noev,1,1.00,474.67,395.00,555.00,14.43,13.84,81.75,8,7.90,6.39,0.77,0.10,4.88,1.09,0.94,0.05,0.26,0.49,0
P3_zayif_acgozlu_noev,2,1.00,548.22,393.90,702.20,16.64,15.64,227.10,8,7.92,6.16,0.91,0.08,4.51,2.94,0.77,0.28,0.22,0.47,0
P3_zayif_acgozlu_noev,3,1.00,607.67,439.80,768.50,18.96,17.72,274.37,8,7.92,6.35,0.80,0.08,4.67,3.44,0.75,0.44,0.22,0.45,0
P3_zayif_acgozlu_noev,4,1.00,121.60,83.90,158.10,21.26,19.87,298.93,8,7.99,6.42,0.95,0.01,4.77,3.74,0.74,0.52,0.20,0.83,486.41
P3_zayif_acgozlu_noev,5,1.00,385.39,198.80,588.10,23.80,21.88,292.67,9,8.97,6.95,1.45,0.03,4.51,3.61,1.21,0.47,0.30,0.60,0
P3_zayif_acgozlu_noev,6,1.00,550.84,329.90,769.10,26.22,24.11,244.02,9,9.00,6.80,1.71,0.00,4.51,2.91,1.30,0.34,0.29,0.78,0
P3_zayif_acgozlu_noev,7,1.00,635.60,435.90,840.10,28.61,26.16,260.53,9,9,6.75,1.69,0,4.51,3.07,1.24,0.36,0.28,0.91,0
P3_zayif_acgozlu_noev,8,1.00,679.08,477.80,875.20,29.32,26.44,273.60,10,9.99,7.59,1.81,0.01,5.22,3.18,1.42,0.34,0.29,0.81,0
P3_zayif_acgozlu_noev,9,1.00,736.90,522.00,960.00,30.84,27.92,281.73,10,10,6.37,3.16,0,7.42,3.27,0.90,0.34,0.18,0.90,0
P3_zayif_acgozlu_noev,10,1.00,809.99,604.60,1033.40,32.65,29.51,342.84,10,10,6.80,2.79,0,8.00,3.91,0.62,0.40,0.13,0.96,0
P3_zayif_acgozlu_noev,11,1.00,841.01,619.60,1103.40,34.87,31.52,411.23,11,11,7.49,2.93,0,9.78,4.60,0.51,0.45,0.11,0.86,0
P3_zayif_acgozlu_noev,12,1.00,914.59,640.90,1197.80,37.27,33.28,467.26,11,11,7.52,2.98,0,9.07,5.09,0.54,0.62,0.11,0.95,0
P3_zayif_mantikli_ev,1,1.00,796.13,710.00,870.00,14.44,13.84,85.75,8,7.93,6.36,0.80,0.07,4.80,1.14,1.01,0.08,0.26,0.53,0
P3_zayif_mantikli_ev,2,1.00,886.02,757.80,1020.20,16.72,15.84,227.32,8,7.88,6.21,0.95,0.12,4.56,2.94,0.81,0.30,0.23,0.46,0
P3_zayif_mantikli_ev,3,1.00,960.79,767.90,1123.30,18.89,17.72,270.35,8,7.90,6.17,1.02,0.10,4.58,3.38,0.77,0.42,0.21,0.56,0
P3_zayif_mantikli_ev,4,1.00,176.21,144.00,214.10,21.18,19.68,304.30,8,7.98,6.46,0.95,0.02,4.63,3.80,0.66,0.50,0.20,0.76,765.72
P3_zayif_mantikli_ev,5,1.00,468.63,263.70,666.30,23.67,21.68,304.76,9.08,9.02,6.83,1.50,0.06,4.67,3.63,1.31,0.46,0.29,0.44,0
P3_zayif_mantikli_ev,6,1.00,726.31,464.70,1029.00,26.14,23.84,268.24,9.09,9.07,6.84,1.73,0.02,4.57,3.09,1.40,0.36,0.30,0.69,0
P3_zayif_mantikli_ev,7,1.00,930.72,621.60,1185.50,28.52,25.84,269.45,9.16,9.10,6.82,1.70,0.06,4.47,3.11,1.28,0.34,0.29,0.83,0
P3_zayif_mantikli_ev,8,1.00,938.84,238.10,1235.10,30.97,27.64,281.85,10,9.99,7.65,1.84,0.01,5.33,3.28,1.52,0.32,0.29,0.65,112.26
P3_zayif_mantikli_ev,9,0.28,916.82,349.40,1365.70,31.95,28.18,329.36,10.06,9.80,6.18,3.01,0.26,7,3.85,0.79,0.46,0.20,0.62,0
P3_zayif_mantikli_ev,10,0.28,1152.24,631.10,1560.90,33.45,29.76,403.24,10.29,10.04,6.51,2.79,0.25,7.99,4.56,0.75,0.51,0.13,0.68,0
P3_zayif_mantikli_ev,11,0.28,1326.49,977.50,1593.80,35.25,31.25,433.02,11.15,10.95,7.19,3.11,0.20,8.98,4.82,0.73,0.58,0.13,0.58,0
P3_zayif_mantikli_ev,12,0.28,1202.60,263.70,1540.40,37.36,33.15,484.18,11,10.99,7.68,2.70,0.01,9.54,5.31,0.56,0.70,0.11,0.88,203.29
P3_zayif_mantikli_ev,13,0.06,1186.63,663.00,1826.80,39.36,35.91,627.21,12.53,12.11,8.53,3.26,0.42,10.42,6.42,0.58,0.58,0.10,0.53,0
P3_zayif_mantikli_ev,14,0.06,1485.79,1071.80,1799.40,41.63,37.78,588.89,11.95,11.89,8.26,3.26,0.05,10.21,6.21,0.26,0.63,0.09,0.63,0
P3_zayif_mantikli_ev,15,0.06,1775.63,1395.40,2295.80,43.79,39.44,620.79,12.11,11.74,7.58,3.32,0.37,9.21,6.42,0.37,0.58,0.10,0.74,0
P3_zayif_mantikli_ev,16,0.06,818.16,140.60,1786.80,46.75,41.37,867.05,13,13,9.11,3.16,0,10.74,8.58,0.42,0.79,0.06,0.84,1196.84
P3_zayif_mantikli_noev,1,1.00,799.12,710.00,870.00,14.47,13.96,88.25,8,7.94,6.42,0.80,0.06,4.86,1.18,0.99,0.09,0.26,0.51,0
P3_zayif_mantikli_noev,2,1.00,888.78,759.60,1018.00,16.73,15.68,228.63,8,7.92,6.17,0.97,0.08,4.49,2.96,0.82,0.33,0.23,0.46,0
P3_zayif_mantikli_noev,3,1.00,962.75,778.00,1127.10,18.96,17.72,266.85,8,7.92,6.21,1.04,0.08,4.61,3.34,0.81,0.37,0.21,0.55,0
P3_zayif_mantikli_noev,4,1.00,176.86,144.00,215.00,21.19,19.72,298.40,8,7.98,6.32,1.05,0.02,4.57,3.73,0.75,0.50,0.21,0.76,763.84
P3_zayif_mantikli_noev,5,1.00,431.45,241.50,646.10,23.63,21.92,281.80,9,8.97,6.78,1.56,0.03,4.62,3.49,1.33,0.46,0.30,0.42,0
P3_zayif_mantikli_noev,6,1.00,667.09,396.90,948.10,26.00,23.92,260.15,9,9,6.70,1.75,0,4.55,3.11,1.35,0.37,0.30,0.75,0
P3_zayif_mantikli_noev,7,1.00,868.44,563.90,1167.30,28.47,26.08,252.52,9,9,6.87,1.63,0,4.62,2.98,1.26,0.33,0.28,0.88,0
P3_zayif_mantikli_noev,8,1.00,936.08,576.40,1242.00,30.80,27.96,288.70,10,9.98,7.53,1.82,0.02,5.09,3.36,1.45,0.41,0.30,0.65,85.24
P3_zayif_mantikli_noev,9,0.27,961.95,355.40,1445.20,32.27,29.75,338.06,10,9.99,6.60,2.89,0.01,7.40,3.89,0.93,0.46,0.19,0.70,0
P3_zayif_mantikli_noev,10,0.27,1156.95,605.40,1546.10,34.04,30.99,371.10,10,10,6.74,2.69,0,8.11,4.19,0.66,0.40,0.13,0.86,0
P3_zayif_mantikli_noev,11,0.27,1296.78,1010.10,1594.50,35.69,32.23,423.75,11,10.95,7.09,3.16,0.05,9.32,4.72,0.53,0.54,0.13,0.64,0
P3_zayif_mantikli_noev,12,0.27,1197.60,783.80,1550.20,37.64,32.87,456.73,11,11,7.39,2.98,0,8.94,4.99,0.55,0.57,0.13,0.89,160.18
P3_zayif_mantikli_noev,13,0.03,846.70,436.80,1586.20,40.33,35.44,573.10,12,12,8.20,3.10,0,9.70,6.10,0.60,0.30,0.11,0.60,0
P3_zayif_mantikli_noev,14,0.03,1391.80,867.30,1875.60,42.75,36.48,676.20,12,12,7.90,3.20,0,9.70,7.20,0.50,0.30,0.09,1,0
P3_zayif_mantikli_noev,15,0.03,1719,1401.20,2254.80,45.50,38.36,646.60,12,12,8.20,3.30,0,10,6.50,0.60,0.70,0.08,0.90,0
P3_zayif_mantikli_noev,16,0.03,886.80,247.60,1722.60,48.44,42.31,755,13,13,9.20,3,0,11.70,7.50,0.30,0.50,0.05,0.70,1069.20
P3_orta_hic_ev,1,1.00,862.32,720.00,1010.50,15.63,15.00,150.10,8,8,7.28,0.36,0,6.79,1.98,2.43,0.23,0.22,0.96,0
P3_orta_hic_ev,2,1.00,1226.74,1013.00,1420.30,19.38,18.36,373.02,8,8,7.29,0.44,0,6.45,4.68,2.21,0.89,0.19,0.92,0
P3_orta_hic_ev,3,1.00,1641.90,1396.00,1861.20,23.14,21.96,422.75,8,8,7.22,0.47,0,6.31,5.26,2.14,1.19,0.19,0.93,0
P3_orta_hic_ev,4,1.00,965.36,680.70,1252.00,26.88,25.44,468.17,8,8,7.21,0.47,0,6.39,5.56,2.10,1.25,0.18,0.99,1140
P3_orta_hic_ev,5,1.00,1450.55,1101.00,1782.50,30.89,29.08,479.07,9.08,9.08,7.70,1.07,0.00,5.76,5.42,2.93,1.16,0.23,0.83,0
P3_orta_hic_ev,6,1.00,1873.96,1488.30,2270.00,34.78,32.60,411.33,9.09,9.09,7.56,1.24,0,5.76,4.47,2.99,0.82,0.24,0.96,0
P3_orta_hic_ev,7,1.00,2290.69,1857.80,2723.00,38.63,36.08,403.58,9.16,9.15,7.53,1.34,0.01,5.97,4.39,3.03,0.84,0.24,0.92,0
P3_orta_hic_ev,8,1.00,1368.49,865.60,1851.10,42.86,40.12,450.87,10,10,8.35,1.38,0,6.39,4.82,3.21,0.89,0.23,0.96,1368
P3_orta_hic_ev,9,1.00,1863.34,1348.40,2385.50,45.97,42.88,492.38,10.26,10.09,7.38,2.38,0.17,9.22,5.23,2.56,1.05,0.16,0.80,0
P3_orta_hic_ev,10,1.00,2499.75,1879.10,3073.70,49.24,45.96,643.51,10.32,10.20,7.72,2.21,0.11,10.54,6.62,2.31,1.46,0.12,0.81,0
P3_orta_hic_ev,11,1.00,3219.82,2542.70,3976.40,52.84,49.36,727.51,11.26,11.11,8.46,2.26,0.15,11.63,7.30,2.51,1.62,0.12,0.79,0
P3_orta_hic_ev,12,1.00,2372.21,1691.30,3135.80,56.42,53.00,814.03,11,11,8.44,2.25,0,11.51,7.99,2.37,1.83,0.11,0.97,1642
P3_orta_hic_ev,13,1.00,3364.59,2537.50,4209.10,60.08,56.47,1005.91,12.33,12.16,9.13,2.62,0.17,12.93,9.55,2.63,1.90,0.11,0.66,0
P3_orta_hic_ev,14,1.00,4357.69,3488.80,5288.30,63.76,59.64,1008.84,12.09,12.02,9.01,2.63,0.07,12.64,9.37,2.63,1.75,0.11,0.83,0
P3_orta_hic_ev,15,1.00,5335.55,4347.70,6359.00,67.42,63.20,996.52,12.26,12.17,9.05,2.72,0.09,12.71,9.12,2.64,1.76,0.10,0.86,0
P3_orta_hic_ev,16,1.00,4475.02,3459.30,5572.20,71.42,66.90,1134.20,13,13.00,9.75,2.93,0.00,14.16,10.20,2.84,1.98,0.10,0.92,1970
P3_orta_hic_noev,1,1.00,852.33,720.00,955.00,15.62,15.00,141.10,8,8,7.27,0.35,0,6.76,1.86,2.43,0.22,0.22,0.96,0
P3_orta_hic_noev,2,1.00,1223.23,1012.70,1420.30,19.38,18.36,379.07,8,8,7.30,0.44,0,6.50,4.76,2.19,0.90,0.19,0.91,0
P3_orta_hic_noev,3,1.00,1640.82,1377.00,1886.50,23.15,21.76,424,8,8,7.26,0.45,0,6.36,5.28,2.12,1.15,0.19,0.94,0
P3_orta_hic_noev,4,1.00,957.74,627.70,1245.40,26.87,25.40,462.33,8,8,7.19,0.50,0,6.39,5.49,2.12,1.24,0.18,0.99,1140
P3_orta_hic_noev,5,1.00,1401.96,1064.50,1728.90,30.76,29.04,454.90,9,9,7.62,1.09,0,5.81,5.33,2.80,1.10,0.23,0.86,0
P3_orta_hic_noev,6,1.00,1805.08,1427.30,2174.20,34.57,32.60,407.98,9,9,7.52,1.20,0,5.82,4.60,2.79,0.85,0.24,0.98,0
P3_orta_hic_noev,7,1.00,2210.06,1737.80,2622.40,38.37,36.00,411.95,9,9,7.54,1.22,0,5.93,4.56,2.81,0.95,0.24,1.00,0
P3_orta_hic_noev,8,1.00,1263.16,776.00,1722.20,42.60,40.08,426.23,10,10,8.30,1.44,0,6.36,4.56,3.24,0.88,0.24,0.96,1368
P3_orta_hic_noev,9,1.00,1768.61,1278.60,2219.00,45.92,42.92,514.20,10,10,7.57,2.14,0,9.41,5.40,2.45,1.07,0.16,0.94,0
P3_orta_hic_noev,10,1.00,2408.78,1835.80,2972.30,49.20,45.72,651.52,10,10,7.59,2.09,0,10.53,6.67,2.22,1.49,0.12,0.97,0
P3_orta_hic_noev,11,1.00,3140.83,2441.60,3824.30,52.96,49.47,747.58,11,11,8.58,2.09,0,11.69,7.50,2.49,1.61,0.11,0.89,0
P3_orta_hic_noev,12,1.00,2267.52,1484.70,3000.60,56.59,52.68,787.17,11,11,8.49,2.25,0,11.46,7.71,2.38,1.68,0.11,0.97,1642
P3_orta_hic_noev,13,1.00,3228.92,2371.70,4069.00,60.43,55.96,987.80,12,12.00,9.08,2.51,0.00,12.85,9.47,2.73,1.87,0.11,0.78,0
P3_orta_hic_noev,14,1.00,4228.68,3267.60,5170.40,64.31,60.23,1023.87,12,12,9.27,2.44,0,12.87,9.59,2.57,1.79,0.10,0.93,0
P3_orta_hic_noev,15,1.00,5272.67,4279.00,6230.60,67.94,63.48,1068.80,12,12,8.94,2.74,0,12.97,9.78,2.51,1.95,0.10,0.98,0
P3_orta_hic_noev,16,1.00,4414.06,3366.80,5492.20,71.94,67.24,1131.75,13,13,9.70,2.90,0,14.36,10.15,2.78,1.91,0.11,0.91,1970
P3_orta_acgozlu_ev,1,1.00,540.58,405.00,695.50,15.60,14.96,144.73,8,8,7.26,0.39,0,6.71,1.91,2.43,0.22,0.21,0.95,0
P3_orta_acgozlu_ev,2,1.00,656.08,463.70,829.30,19.29,18.12,368.73,8,8.00,7.21,0.47,0.00,6.30,4.63,2.18,0.93,0.19,0.90,0
P3_orta_acgozlu_ev,3,1.00,757.49,554.80,956.20,23.15,21.76,422.65,8,8.00,7.26,0.37,0.00,6.44,5.26,2.27,1.13,0.19,0.95,0
P3_orta_acgozlu_ev,4,1.00,161.84,117.90,208.10,26.93,25.39,490.13,8,8,7.30,0.45,0,6.56,5.83,2.16,1.24,0.18,1.00,695.82
P3_orta_acgozlu_ev,5,1.00,699.51,438.70,994.50,30.99,28.84,553.02,9.08,9.08,7.76,1.06,0,6.02,6.25,3.00,1.28,0.23,0.98,0
P3_orta_acgozlu_ev,6,1.00,854.07,554.70,1179.30,34.83,32.20,430.94,9.09,9.09,7.44,1.34,0,5.92,4.70,3.12,0.81,0.24,1.00,0
P3_orta_acgozlu_ev,7,1.00,883.35,587.80,1217.10,38.84,35.72,440.27,9.16,9.16,7.57,1.33,0.00,6.03,4.76,3.17,0.81,0.24,0.97,0
P3_orta_acgozlu_ev,8,1.00,835.85,258.60,1189.30,41.78,38.02,492.99,10,10,8.15,1.60,0,6.58,5.18,3.33,0.74,0.23,1,114.16
P3_orta_acgozlu_ev,9,1.00,1202.23,774.70,1590.90,45.31,41.00,735.53,10.26,10.20,7.37,2.61,0.06,10.79,7.73,2.19,1.03,0.15,0.91,0
P3_orta_acgozlu_ev,10,1.00,1423.87,969.80,1859.60,49.28,44.24,916.91,10.32,10.26,7.49,2.48,0.06,11.48,9.02,2.06,1.45,0.13,0.90,0
P3_orta_acgozlu_ev,11,1.00,1753.20,1132.70,2501.50,53.60,48.29,1106.80,11.26,11.21,8.15,2.78,0.05,12.63,10.11,2.22,1.55,0.13,0.87,0
P3_orta_acgozlu_ev,12,1.00,984.63,228.90,1797.40,58.34,52.00,1153.50,11,11,8.01,2.70,0,12.11,9.62,2.11,1.45,0.12,1,1029.83
P3_orta_acgozlu_ev,13,0.87,2468.50,1467.00,3588.00,63.81,57.48,1796.57,12.35,12.25,8.83,3.08,0.10,14.02,12.61,2.06,1.20,0.11,0.89,0
P3_orta_acgozlu_ev,14,0.87,3918.02,2183.00,5541.00,68.93,61.40,1755.76,12.12,12.08,8.66,3.08,0.03,13.63,11.58,2.18,1.18,0.12,0.95,0
P3_orta_acgozlu_ev,15,0.87,5597.13,3537.00,7466.00,74.06,66.08,1883.76,12.28,12.21,8.69,3.20,0.07,13.90,11.92,2.26,1.10,0.11,0.93,0
P3_orta_acgozlu_ev,16,0.87,6355.40,4145.00,8493.00,79.56,71.12,2086.44,13,13,9.16,3.47,0,14.86,12.48,2.30,1.13,0.11,1,1253.09
P3_orta_acgozlu_noev,1,1.00,536.03,405.00,691.00,15.64,15.00,140.50,8,8,7.33,0.34,0,6.74,1.85,2.40,0.17,0.21,0.94,0
P3_orta_acgozlu_noev,2,1.00,661.07,465.80,827.00,19.32,18.16,371.82,8,8,7.19,0.48,0,6.33,4.66,2.19,0.90,0.19,0.91,0
P3_orta_acgozlu_noev,3,1.00,758.96,565.90,950.10,23.21,21.75,429.08,8,8,7.34,0.36,0,6.48,5.34,2.25,1.13,0.19,0.95,0
P3_orta_acgozlu_noev,4,1.00,161.66,114.90,206.10,26.96,25.39,490.33,8,8,7.26,0.47,0,6.55,5.82,2.17,1.30,0.18,0.99,694.67
P3_orta_acgozlu_noev,5,1.00,671.29,430.80,951.00,30.93,28.84,528.68,9,9,7.64,1.10,0,5.93,6.19,2.90,1.30,0.23,0.99,0
P3_orta_acgozlu_noev,6,1.00,834.25,582.90,1128.60,34.79,32.08,418.85,9,9,7.43,1.23,0,5.89,4.71,3.02,0.78,0.23,1,0
P3_orta_acgozlu_noev,7,1.00,869.32,594.70,1155.10,38.71,35.99,420.97,9,9,7.44,1.30,0,5.90,4.63,3.12,0.79,0.23,1,0
P3_orta_acgozlu_noev,8,1.00,849.96,246.90,1182.00,41.60,38.08,501.96,10,10,8.20,1.54,0,6.67,5.33,3.35,0.82,0.23,1,114.01
P3_orta_acgozlu_noev,9,1.00,1208.22,796.10,1612.80,44.99,40.96,732.19,10,10,7.13,2.58,0,10.44,7.63,2.15,1.13,0.15,1,0
P3_orta_acgozlu_noev,10,1.00,1374.72,973.90,1778.30,48.74,44.04,855.91,10,10,7.21,2.49,0,11.15,8.46,2.07,1.32,0.13,1,0
P3_orta_acgozlu_noev,11,1.00,1639.73,1079.90,2322.90,52.85,47.80,1046.16,11,11,7.99,2.73,0,12.36,9.67,2.14,1.50,0.12,1.00,0
P3_orta_acgozlu_noev,12,1.00,828.25,179.40,1546.60,57.58,51.75,1147.01,11,11,8.16,2.55,0,12.24,9.77,1.99,1.56,0.11,1,1052.45
P3_orta_acgozlu_noev,13,0.86,2204.16,1261.40,3217.20,62.70,55.93,1718.11,12,12,8.64,3.08,0,13.82,12.51,1.99,1.33,0.11,0.99,0
P3_orta_acgozlu_noev,14,0.86,3422.39,1820.80,5039.60,67.84,60.57,1625.59,12,12,8.63,3.05,0,13.42,11.25,2.16,1.11,0.12,1,0
P3_orta_acgozlu_noev,15,0.86,4991.46,2958.20,7127.80,72.95,65.19,1805.74,12,12,8.51,3.17,0,13.76,11.53,2.07,1.15,0.11,1,0
P3_orta_acgozlu_noev,16,0.86,5742.39,3567.20,7860.40,78.41,70.67,2098.32,13,13,9.13,3.56,0,14.89,12.70,2.31,1.24,0.12,1,1246.61
P3_orta_mantikli_ev,1,1.00,862.32,720.00,1010.50,15.63,15.00,150.10,8,8,7.28,0.36,0,6.79,1.98,2.43,0.23,0.22,0.96,0
P3_orta_mantikli_ev,2,1.00,1000.51,812.00,1168.20,19.33,18.36,366.62,8,8,7.18,0.47,0,6.29,4.60,2.23,0.87,0.19,0.89,0
P3_orta_mantikli_ev,3,1.00,1087.62,882.60,1315.20,23.01,21.80,431.15,8,8.00,7.17,0.50,0.00,6.27,5.36,2.04,1.12,0.18,0.97,0
P3_orta_mantikli_ev,4,1.00,205.69,66.70,347.80,26.58,25.07,580,8,8,7.10,0.59,0,6.16,6.91,2.03,1.32,0.17,1.00,1037.52
P3_orta_mantikli_ev,5,1.00,705.99,430.80,1029.20,30.57,28.76,492.82,9.08,9.08,7.59,1.22,0,5.86,5.58,3.09,0.94,0.23,0.95,0
P3_orta_mantikli_ev,6,1.00,1057.78,754.90,1324.10,34.34,31.80,408.05,9.09,9.09,7.37,1.53,0,5.90,4.45,3.15,0.67,0.23,0.98,0
P3_orta_mantikli_ev,7,1.00,1239.54,994.90,1477.10,38.15,35.23,430.96,9.16,9.15,7.30,1.54,0.01,5.88,4.70,3.20,0.64,0.23,0.96,0
P3_orta_mantikli_ev,8,1.00,379.41,64.50,1168.20,42.01,38.68,471.58,10,10,8.04,1.70,0,6.49,5.04,3.30,0.68,0.23,0.99,937.72
P3_orta_mantikli_ev,9,0.96,1029.08,604.80,1567.60,44.85,41.38,722.75,10.29,10.19,6.97,2.84,0.09,10.36,7.63,2.29,1.16,0.15,0.88,0
P3_orta_mantikli_ev,10,0.96,1675.69,1250.60,2098.80,47.81,43.70,847.78,10.34,10.24,7.32,2.61,0.09,11.03,8.71,2.03,1.44,0.13,0.92,0
P3_orta_mantikli_ev,11,0.96,2053.31,1527.00,2675.00,50.98,46.52,957.88,11.24,11.19,7.90,2.98,0.06,12.25,9.47,2.28,1.57,0.13,0.86,0
P3_orta_mantikli_ev,12,0.96,694.61,162.60,1489.60,54.55,49.78,984.77,11,11,7.76,2.95,0,11.62,9.15,2.23,1.43,0.13,1,1434.29
P3_orta_mantikli_ev,13,0.93,2111.44,1419.20,2835.00,58.95,53.54,1567.55,12.37,12.27,8.81,3.11,0.10,14.15,12.70,2.11,1.41,0.12,0.90,0
P3_orta_mantikli_ev,14,0.93,2844.50,1949.40,3932.20,63.39,57.18,1476.05,12.11,12.08,8.70,3.03,0.03,13.61,11.47,2.13,1.12,0.12,0.95,0
P3_orta_mantikli_ev,15,0.93,3770.07,2504.60,5283.00,68.22,61.26,1644.22,12.25,12.19,8.66,3.20,0.06,13.70,11.63,2.24,1.19,0.11,0.95,0
P3_orta_mantikli_ev,16,0.93,3587.11,1754.40,5629.80,73.73,66.25,1976.21,13,13,9.51,3.16,0,15.08,12.85,2.09,1.17,0.11,0.99,1563.72
P3_orta_mantikli_noev,1,1.00,852.33,720.00,955.00,15.62,15.00,141.10,8,8,7.27,0.35,0,6.76,1.86,2.43,0.22,0.22,0.96,0
P3_orta_mantikli_noev,2,1.00,1005.06,831.30,1170.00,19.34,18.39,371.35,8,8,7.22,0.46,0,6.32,4.66,2.19,0.92,0.19,0.90,0
P3_orta_mantikli_noev,3,1.00,1089.03,879.50,1309.50,23.00,21.72,442.47,8,8.00,7.17,0.51,0.00,6.31,5.51,2.04,1.11,0.18,0.97,0
P3_orta_mantikli_noev,4,1.00,210.27,63.00,373.40,26.59,25.08,591.05,8,8,7.13,0.57,0,6.24,7.04,1.98,1.30,0.17,0.99,1046.46
P3_orta_mantikli_noev,5,1.00,673.39,412.90,985.30,30.47,28.68,470.07,9,9,7.51,1.27,0,5.86,5.51,2.96,0.93,0.22,0.98,0
P3_orta_mantikli_noev,6,1.00,1041.74,743.80,1343.20,34.17,31.84,411.05,9,9,7.31,1.47,0,5.84,4.65,3.03,0.66,0.23,1.00,0
P3_orta_mantikli_noev,7,1.00,1223.66,987.50,1478.00,37.89,35.12,414.85,9,9,7.19,1.54,0,5.87,4.59,3.11,0.60,0.23,1,0
P3_orta_mantikli_noev,8,1.00,361.68,51.00,1158.20,41.79,38.75,474.23,10,10,8.07,1.68,0,6.51,5.09,3.34,0.72,0.23,1.00,975.73
P3_orta_mantikli_noev,9,0.95,989.69,593.00,1533.50,44.64,41.18,704.16,10,10,6.92,2.81,0,10.02,7.38,2.23,1.09,0.16,0.99,0
P3_orta_mantikli_noev,10,0.95,1623.68,1203.00,2034.00,47.72,43.74,821.86,10,10,7.30,2.49,0,11.00,8.44,2.01,1.35,0.12,1,0
P3_orta_mantikli_noev,11,0.95,2030.52,1529.00,2568.50,50.88,46.58,979.88,11,11,7.90,2.82,0,12.42,9.75,2.07,1.69,0.12,0.98,0
P3_orta_mantikli_noev,12,0.95,681.95,161.50,1361.50,54.57,49.86,1035.51,11,11,7.94,2.75,0,12.18,9.69,2.15,1.62,0.12,1.00,1493.39
P3_orta_mantikli_noev,13,0.95,1998.37,1310.20,2693.40,58.83,53.22,1450.00,12,12,8.50,3.18,0,13.51,12.11,2.24,1.30,0.12,0.99,0
P3_orta_mantikli_noev,14,0.95,2690.07,1965.60,3591.40,63.31,57.11,1440.95,12,12,8.74,2.91,0,13.91,11.69,2.04,1.28,0.11,1.00,0
P3_orta_mantikli_noev,15,0.95,3532.94,2351.00,4889.40,68.18,61.31,1567.43,12,12,8.62,3.08,0,13.66,11.50,2.05,1.09,0.11,1,0
P3_orta_mantikli_noev,16,0.95,3345.19,1623.80,5360.20,73.40,65.70,1967.40,13,13,9.22,3.40,0,15.13,13.07,2.21,1.30,0.11,0.99,1577.52
P3_iyi_hic_ev,1,1.00,925.80,795.00,1105.50,16.32,15.80,209.95,8,8,7.85,0.07,0,7.73,2.71,3.10,0.43,0.22,1,0
P3_iyi_hic_ev,2,1.00,1400.81,1177.70,1613.00,20.97,20.16,463.70,8,8,7.85,0.08,0,7.67,5.80,2.96,1.36,0.20,1.00,0
P3_iyi_hic_ev,3,1.00,1989,1732.80,2236.50,25.67,24.80,573.98,8,8,7.82,0.08,0,7.61,6.93,2.87,1.82,0.19,1.00,0
P3_iyi_hic_ev,4,1.00,1466.01,1145.80,1756.50,30.38,29.48,601.87,8,8,7.80,0.10,0,7.57,7.08,2.85,1.89,0.19,1,1140
P3_iyi_hic_ev,5,1.00,2099.31,1776.50,2419.30,35.42,33.96,601.95,9.08,9.08,8.29,0.74,0,6.35,6.55,3.81,1.65,0.23,0.97,0
P3_iyi_hic_ev,6,1.00,2644.82,2256.80,3000.30,40.25,38.24,517.43,9.09,9.09,8.12,0.92,0,6.59,5.48,3.76,1.30,0.23,0.99,0
P3_iyi_hic_ev,7,1.00,3158.95,2647.90,3604.90,45.12,42.68,485.26,9.16,9.15,8.15,0.94,0.01,6.53,5.04,3.91,1.09,0.23,0.97,0
P3_iyi_hic_ev,8,1.00,2353.77,1777.70,2983.10,50.33,47.32,548.53,10,10,8.94,0.99,0,7.24,5.60,4.05,1.34,0.23,1,1368
P3_iyi_hic_ev,9,1.00,3009.22,2415.70,3660.60,54.78,51.67,632.91,10.26,10.18,8.26,1.81,0.08,11.29,6.37,3.62,1.44,0.15,0.88,0
P3_iyi_hic_ev,10,1.00,3887.74,3213.90,4608.60,59.43,55.87,858.75,10.32,10.26,8.54,1.66,0.05,12.45,8.32,3.60,2.15,0.12,0.91,0
P3_iyi_hic_ev,11,1.00,4847.22,4085.70,5598.60,64.65,61.20,939.72,11.26,11.21,9.52,1.60,0.05,13.39,8.84,3.92,2.30,0.12,0.89,0
P3_iyi_hic_ev,12,1.00,4308.53,3393.50,5241.40,69.84,66.08,1090.45,11,11,9.52,1.41,0,13.60,9.92,3.59,2.64,0.11,1,1642
P3_iyi_hic_ev,13,1.00,5605.64,4556.00,6754.10,75.30,71.14,1273.48,12.33,12.24,10.21,1.92,0.09,15.31,11.15,4.27,2.90,0.12,0.87,0
P3_iyi_hic_ev,14,1.00,6932.65,5831.00,8084.50,80.69,76.55,1304.78,12.09,12.07,10.07,1.88,0.02,14.44,11.06,4.12,2.72,0.12,0.94,0
P3_iyi_hic_ev,15,1.00,8261.11,7012.90,9612.70,85.95,81.31,1314.86,12.26,12.23,10.05,2.10,0.03,15.13,10.92,4.12,2.65,0.11,0.94,0
P3_iyi_hic_ev,16,1.00,7746.65,6381.00,9138.40,91.70,86.32,1442.53,13,13,10.82,2.08,0,15.90,11.68,4.41,2.91,0.11,1,1970
P3_iyi_hic_noev,1,1.00,924.37,795.00,1105.00,16.30,15.80,208.83,8,8,7.84,0.08,0,7.69,2.69,3.09,0.47,0.22,1,0
P3_iyi_hic_noev,2,1.00,1402.56,1183.00,1623.00,21.02,20.40,463.70,8,8,7.87,0.08,0,7.68,5.80,2.94,1.43,0.20,1,0
P3_iyi_hic_noev,3,1.00,1977.01,1700.70,2231.50,25.71,24.84,561.03,8,8,7.84,0.07,0,7.66,6.77,2.85,1.75,0.19,1.00,0
P3_iyi_hic_noev,4,1.00,1465.77,1153.70,1724.50,30.44,29.44,614.60,8,8,7.85,0.09,0,7.62,7.23,2.82,1.95,0.18,1,1140
P3_iyi_hic_noev,5,1.00,2075.49,1731.70,2390.30,35.41,34.11,591.22,9,9,8.24,0.71,0,6.44,6.64,3.63,1.73,0.23,0.99,0
P3_iyi_hic_noev,6,1.00,2580.78,2159.50,2942.00,40.14,38.16,491.08,9,9,8.03,0.93,0,6.49,5.37,3.64,1.29,0.23,1,0
P3_iyi_hic_noev,7,1.00,3096.95,2587.50,3590.80,44.91,42.44,500.47,9,9,8.03,0.94,0,6.41,5.28,3.72,1.20,0.24,1,0
P3_iyi_hic_noev,8,1.00,2285.82,1732.50,2854.50,50.11,47.11,545.25,10,10,8.94,0.99,0,7.24,5.57,4.09,1.23,0.23,1.00,1368
P3_iyi_hic_noev,9,1.00,2984.32,2337.80,3565.30,54.44,51.59,685.25,10,10,8.13,1.81,0,11.47,6.83,3.40,1.57,0.15,0.99,0
P3_iyi_hic_noev,10,1.00,3851.07,3120.70,4546.20,59.04,55.91,853.32,10,10,8.41,1.51,0,12.16,8.24,3.39,2.21,0.12,1,0
P3_iyi_hic_noev,11,1.00,4843.11,3893.30,5667.20,64.07,60.56,976.63,11,11,9.30,1.63,0,13.28,9.18,3.63,2.48,0.12,0.99,0
P3_iyi_hic_noev,12,1.00,4219.56,3273.80,5196.50,69.21,65.63,1006.17,11,11,9.44,1.47,0,13.67,9.17,3.65,2.43,0.11,0.99,1642
P3_iyi_hic_noev,13,1.00,5494.71,4457.20,6548.30,74.65,71.18,1264.82,12,12,10.12,1.82,0,14.88,11.20,4.06,2.89,0.12,0.98,0
P3_iyi_hic_noev,14,1.00,6786.47,5760.50,7926.40,80.07,76.08,1284.53,12,12,10.12,1.81,0,14.66,11.05,4.04,2.84,0.11,1,0
P3_iyi_hic_noev,15,1.00,8113.99,7029.00,9290.30,85.42,81.19,1317.07,12,12,10.08,1.82,0,14.91,11.00,3.90,2.79,0.10,1,0
P3_iyi_hic_noev,16,1.00,7599.73,6325.80,8897.50,91.28,86.71,1445.37,13,13,10.98,1.95,0,16.10,11.73,4.40,2.88,0.10,1.00,1970
P3_iyi_acgozlu_ev,1,1.00,609.67,480.00,790.00,16.19,15.60,209.25,8,8,7.70,0.26,0,7.54,2.72,3.10,0.41,0.22,1,0
P3_iyi_acgozlu_ev,2,1.00,727.18,543.70,927.60,20.79,19.80,453.70,8,8,7.81,0.13,0,7.66,5.67,2.95,1.27,0.20,0.99,0
P3_iyi_acgozlu_ev,3,1.00,893.92,626.00,1158.00,25.56,24.56,565.03,8,8,7.82,0.09,0,7.65,6.84,3.00,1.78,0.20,1,0
P3_iyi_acgozlu_ev,4,1.00,195.39,74.00,304.30,30.33,29.08,636.93,8,8,7.82,0.09,0,7.61,7.49,3.05,1.91,0.19,1,950.41
P3_iyi_acgozlu_ev,5,1.00,880.18,575.40,1229.40,35.35,33.76,695.01,9.08,9.08,8.18,0.85,0,6.64,7.55,4.04,1.79,0.23,1.00,0
P3_iyi_acgozlu_ev,6,1.00,956.56,633.70,1299.00,40.27,38.38,511.60,9.09,9.09,7.99,1.03,0,6.55,5.40,4.13,1.01,0.24,1,0
P3_iyi_acgozlu_ev,7,1.00,1068.48,706.00,1475.10,45.28,42.68,606.39,9.16,9.16,7.85,1.22,0,6.56,6.25,4.16,1.15,0.23,1,0
P3_iyi_acgozlu_ev,8,1.00,503.12,94.90,1208.00,50.52,46.60,638.91,10,10,8.42,1.52,0,7.10,6.16,4.46,1.14,0.23,1,655.30
P3_iyi_acgozlu_ev,9,1.00,1493.73,979.50,2034.70,55.93,51.63,1183.77,10.26,10.24,7.96,2.19,0.02,13.56,10.91,3.21,2.06,0.16,0.94,0
P3_iyi_acgozlu_ev,10,1.00,2031.01,1353.30,2827.00,61.72,56.99,1411.68,10.32,10.31,8.22,2.00,0.00,13.90,12.15,3.15,2.32,0.15,0.97,0
P3_iyi_acgozlu_ev,11,1.00,3062.97,1909.10,4317.70,67.94,62.51,1732.26,11.26,11.25,8.80,2.38,0.01,14.88,13.02,3.46,2.49,0.16,0.95,0
P3_iyi_acgozlu_ev,12,1.00,3126.01,1058.00,4824.20,74.34,68.32,1850.63,11,11,8.67,2.25,0,14.58,12.53,3.22,2.31,0.15,1,1266.74
P3_iyi_acgozlu_ev,13,1.00,5461.83,3240.50,7552.50,81.32,75.03,2553.88,12.33,12.30,9.70,2.51,0.03,16.58,15.52,3.51,2.15,0.14,0.93,0
P3_iyi_acgozlu_ev,14,1.00,7994.85,5364.30,10346.30,88.13,81.46,2614.71,12.09,12.09,9.42,2.61,0,16.35,15.00,3.50,2.05,0.15,0.99,0
P3_iyi_acgozlu_ev,15,1.00,10675.69,7920.00,13106.10,94.55,87.86,2683.82,12.26,12.26,9.51,2.66,0.00,16.69,14.75,3.62,1.91,0.14,0.97,0
P3_iyi_acgozlu_ev,16,1.00,12303.92,9468.50,15085.20,98.71,95.06,2909.61,13,13,10.15,2.78,0,17.61,15.73,3.64,2.17,0.14,1,1278.20
P3_iyi_acgozlu_noev,1,1.00,600.95,480.00,785.00,16.19,15.60,200.40,8,8,7.70,0.25,0,7.54,2.60,3.11,0.42,0.22,1,0
P3_iyi_acgozlu_noev,2,1.00,725.19,513.90,952.00,20.82,19.88,452.40,8,8,7.80,0.13,0,7.62,5.66,2.94,1.27,0.20,1.00,0
P3_iyi_acgozlu_noev,3,1.00,900.91,625.70,1151.70,25.58,24.60,573.78,8,8,7.82,0.10,0,7.65,6.94,3.02,1.82,0.20,1,0
P3_iyi_acgozlu_noev,4,1.00,184.83,64.00,285.40,30.35,29.20,639,8,8,7.84,0.08,0,7.60,7.52,3.02,1.97,0.19,1,975.98
P3_iyi_acgozlu_noev,5,1.00,794.38,500.60,1092.10,35.34,33.84,618.38,9,9,8.15,0.79,0,6.60,6.97,3.94,1.65,0.23,1,0
P3_iyi_acgozlu_noev,6,1.00,937.03,629.20,1248.30,40.11,37.99,508.28,9,9,7.84,1.10,0,6.52,5.56,4.01,1.14,0.23,1,0
P3_iyi_acgozlu_noev,7,1.00,1066.37,712.40,1419.80,45.01,42.52,578.01,9,9,7.73,1.17,0,6.43,6.08,4.04,1.17,0.23,1,0
P3_iyi_acgozlu_noev,8,1.00,487.61,120.70,1155.70,50.28,46.72,603.56,10,10,8.54,1.38,0,7.19,5.95,4.45,1.05,0.23,1,623.02
P3_iyi_acgozlu_noev,9,1.00,1476.83,968.70,1943.10,55.55,51.67,1190.75,10,10,7.91,2.02,0,13.30,11.03,3.05,2.02,0.16,1,0
P3_iyi_acgozlu_noev,10,1.00,1941.38,1307.60,2586.20,60.95,56.12,1322.38,10,10,7.91,2,0,13.50,11.60,2.98,2.14,0.15,1,0
P3_iyi_acgozlu_noev,11,1.00,2800.19,1755.70,3980.40,66.97,61.84,1610.83,11,11,8.69,2.23,0,14.46,12.61,3.32,2.38,0.15,1,0
P3_iyi_acgozlu_noev,12,1.00,2749.56,1101.20,4740.70,73.46,68.00,1843.51,11,11,8.77,2.17,0,14.87,12.96,3.26,2.40,0.14,1,1250.39
P3_iyi_acgozlu_noev,13,1.00,4967.05,3024.00,7436.00,80.17,74.85,2445.34,12,12,9.31,2.61,0,15.97,15.28,3.34,2.12,0.14,1,0
P3_iyi_acgozlu_noev,14,1.00,7297.74,4807.90,9999.80,86.96,81.27,2491.96,12,12,9.36,2.56,0,16.32,14.69,3.39,1.93,0.15,1,0
P3_iyi_acgozlu_noev,15,1.00,9870.55,7082.80,12587.70,93.51,87.60,2589.09,12,12,9.27,2.66,0,16.04,14.42,3.49,1.95,0.14,1,0
P3_iyi_acgozlu_noev,16,1.00,11555.86,8708.40,14585.00,98.44,94.72,2949.99,13,13,10.26,2.67,0,17.77,15.97,3.55,2.28,0.14,1,1256.53
P3_iyi_mantikli_ev,1,1.00,925.80,795.00,1105.50,16.32,15.80,209.95,8,8,7.85,0.07,0,7.73,2.71,3.10,0.43,0.22,1,0
P3_iyi_mantikli_ev,2,1.00,1082.47,889.70,1295.10,20.83,20.00,477.83,8,8,7.70,0.24,0,7.53,5.97,2.92,1.41,0.20,1.00,0
P3_iyi_mantikli_ev,3,1.00,1197.05,979.50,1417.10,25.51,24.60,554.48,8,8,7.77,0.14,0,7.58,6.71,2.87,1.70,0.19,1,0
P3_iyi_mantikli_ev,4,1.00,524.52,215.70,818.10,30.10,28.88,844.05,8,8,7.79,0.15,0,7.46,9.93,2.74,2.28,0.17,1,1131.57
P3_iyi_mantikli_ev,5,1.00,1159.73,848.70,1486.50,34.83,33.08,627.54,9.08,9.08,7.91,1.10,0,6.61,6.84,3.75,1.33,0.23,1,0
P3_iyi_mantikli_ev,6,1.00,1419.32,1120.10,1722.40,39.32,37.23,543.43,9.09,9.09,7.68,1.34,0,6.58,5.79,3.80,0.98,0.23,1,0
P3_iyi_mantikli_ev,7,1.00,1445.21,1133.70,1766.10,44.22,41.40,563.43,9.16,9.16,7.75,1.35,0,6.64,5.85,3.93,1.07,0.23,0.99,0
P3_iyi_mantikli_ev,8,1.00,322.84,93.90,664.50,49.38,45.84,656.46,10,10,8.38,1.55,0,7.11,6.37,4.14,1.03,0.23,1,1232.83
P3_iyi_mantikli_ev,9,1.00,1464.95,924.80,2001.60,53.95,49.95,1133.12,10.26,10.23,7.77,2.40,0.03,13.46,10.18,3.19,1.92,0.17,0.92,0
P3_iyi_mantikli_ev,10,1.00,2333.21,1739.50,2914.80,58.84,54.08,1353.95,10.32,10.29,8.13,2.06,0.03,13.59,11.74,3.04,2.38,0.15,0.94,0
P3_iyi_mantikli_ev,11,1.00,3155.43,2166.00,4077.20,63.99,58.63,1584.22,11.26,11.23,8.63,2.55,0.03,14.87,12.62,3.39,2.53,0.16,0.94,0
P3_iyi_mantikli_ev,12,1.00,2391.42,976.30,3792.30,69.96,63.96,1769.36,11,11,8.69,2.24,0,14.60,13.06,3.05,2.52,0.15,1,1496.10
P3_iyi_mantikli_ev,13,1.00,4557.86,2788.20,6338.40,76.41,69.16,2517.38,12.33,12.30,9.50,2.67,0.03,16.50,15.70,3.48,2.24,0.14,0.95,0
P3_iyi_mantikli_ev,14,1.00,6689.91,4500.90,8799.10,83.04,75.48,2452.47,12.09,12.08,9.30,2.72,0.01,16.12,14.52,3.54,1.91,0.15,0.99,0
P3_iyi_mantikli_ev,15,1.00,9074.21,6604.20,11525.50,89.74,82.23,2559.28,12.26,12.26,9.43,2.74,0.00,16.31,14.56,3.72,1.96,0.14,0.99,0
P3_iyi_mantikli_ev,16,1.00,10717.41,7862.00,13361.80,95.94,89.64,2897.44,13,13,10.14,2.76,0,17.51,15.96,3.63,2.21,0.14,1,1234.90
P3_iyi_mantikli_noev,1,1.00,924.37,795.00,1105.00,16.30,15.80,208.83,8,8,7.84,0.08,0,7.69,2.69,3.09,0.47,0.22,1,0
P3_iyi_mantikli_noev,2,1.00,1083.90,868.10,1291.00,20.87,20.04,481.03,8,8,7.71,0.24,0,7.54,6.01,2.90,1.51,0.20,1,0
P3_iyi_mantikli_noev,3,1.00,1202.36,985.90,1430.00,25.49,24.64,551.63,8,8,7.75,0.17,0,7.56,6.67,2.86,1.77,0.19,1,0
P3_iyi_mantikli_noev,4,1.00,519.70,220.90,823.00,30.08,29.00,834.98,8,8,7.80,0.13,0,7.44,9.82,2.75,2.23,0.17,1,1133.71
P3_iyi_mantikli_noev,5,1.00,1114.92,813.70,1391.50,34.72,32.92,592.63,9,9,7.79,1.15,0,6.54,6.69,3.65,1.33,0.23,1,0
P3_iyi_mantikli_noev,6,1.00,1366.32,1053.50,1702.20,39.11,36.68,525.65,9,9,7.57,1.36,0,6.53,5.80,3.73,0.94,0.23,1,0
P3_iyi_mantikli_noev,7,1.00,1417.90,1114.90,1704.30,43.93,41.16,530.73,9,9,7.67,1.26,0,6.51,5.63,3.79,1.01,0.23,1,0
P3_iyi_mantikli_noev,8,1.00,291.53,104.50,528.40,49.18,45.76,660.71,10,10,8.43,1.49,0,7.20,6.60,4.14,1.02,0.23,1,1259.78
P3_iyi_mantikli_noev,9,1.00,1397.85,931.50,1887.10,53.76,49.68,1096.47,10,10,7.74,2.18,0,13.11,9.95,3.05,1.90,0.16,1,0
P3_iyi_mantikli_noev,10,1.00,2239.32,1715.40,2804.20,58.40,53.44,1308.99,10,10,7.87,2.04,0,13.13,11.56,2.83,2.23,0.15,1,0
P3_iyi_mantikli_noev,11,1.00,2996.08,2115.80,3851.50,63.47,57.98,1526.52,11,11,8.69,2.23,0,14.65,12.35,3.17,2.53,0.15,1,0
P3_iyi_mantikli_noev,12,1.00,2133.99,857.40,3489.90,69.39,63.36,1745.43,11,11,8.74,2.18,0,14.77,13.08,3.07,2.59,0.14,1,1520.76
P3_iyi_mantikli_noev,13,1.00,4068.26,2725.30,5649.20,75.77,69.02,2331.46,12,12,9.42,2.51,0,16.10,14.83,3.38,1.96,0.14,1,0
P3_iyi_mantikli_noev,14,1.00,6113.06,4125.80,7962.30,82.47,75.56,2431.93,12,12,9.41,2.51,0,16.20,14.74,3.41,1.97,0.14,1,0
P3_iyi_mantikli_noev,15,1.00,8472.10,5997.70,10828.30,89.28,82.30,2561.74,12,12,9.39,2.56,0,16.23,14.68,3.45,1.94,0.14,1,0
P3_iyi_mantikli_noev,16,1.00,10013.19,7320.70,12640.00,95.55,89.24,2822.51,13,13,10.02,2.86,0,17.52,15.47,3.68,2.06,0.15,1,1247
P4_zayif_hic_ev,1,1.00,936.97,849.00,1050.00,14.93,14.20,82.77,8,7.98,6.78,0.59,0.02,5.31,0.89,1.54,0.03,0.33,0.62,0
P4_zayif_hic_ev,2,1.00,1218.86,1000.00,1460.00,17.50,16.44,308.30,8,7.97,6.32,0.88,0.03,4.85,3.21,1.41,0.23,0.30,0.63,0
P4_zayif_hic_ev,3,1.00,1537.30,1243.50,1827.20,20.18,18.84,342.93,8,7.96,6.52,0.81,0.04,4.91,3.50,1.33,0.30,0.28,0.64,0
P4_zayif_hic_ev,4,1.00,352.90,94.90,600.50,22.74,21.16,413.67,8,7.99,6.45,0.96,0.01,4.64,4.21,1.35,0.37,0.27,0.86,1565.49
P4_zayif_hic_ev,5,1.00,727.53,425.50,1059.30,25.39,23.55,383.21,9.08,9.02,6.76,1.64,0.06,4.48,3.66,1.98,0.30,0.36,0.37,0
P4_zayif_hic_ev,6,1.00,1059.43,682.50,1435.30,28.11,25.82,335.54,9.09,9.08,6.83,1.71,0.01,4.53,3.15,1.99,0.26,0.36,0.62,0
P4_zayif_hic_ev,7,1.00,1372.44,904.00,1835.10,30.60,28.08,316.51,9.16,9.12,6.62,1.91,0.04,4.44,3.00,1.95,0.20,0.36,0.78,0
P4_zayif_hic_ev,8,1.00,409.11,148.50,1069.20,33.49,30.52,331.72,10,9.99,7.44,1.99,0.01,5.14,3.13,2.19,0.25,0.37,0.61,1266.82
P4_zayif_hic_ev,9,0.90,605.26,333.60,903.40,35.28,32.07,344.72,10.21,9.97,6.42,2.98,0.25,7.72,3.25,1.55,0.19,0.25,0.59,0
P4_zayif_hic_ev,10,0.90,1035.22,622.00,1470.60,37.15,33.39,456.88,10.35,10.14,6.67,2.86,0.21,8.07,4.24,1.42,0.30,0.21,0.69,0
P4_zayif_hic_ev,11,0.90,1555.92,1040.00,2124.40,39.11,35.56,549.68,11.26,10.97,7.25,3.08,0.29,9.22,5.04,1.46,0.41,0.21,0.53,0
P4_zayif_hic_ev,12,0.90,1121.84,131.80,2186.80,41.30,37.36,608.86,11,11.00,7.46,2.97,0.00,9.09,5.50,1.42,0.44,0.20,0.84,998.81
P4_zayif_hic_ev,13,0.44,1072.59,682.60,1554.80,43.80,40.03,810.43,12.29,11.95,8,3.25,0.34,9.67,7.14,1.19,0.50,0.18,0.39,0
P4_zayif_hic_ev,14,0.44,1826.65,1355.20,2405.00,45.92,42.17,805.88,12.01,11.92,8.06,3.28,0.09,10.05,6.99,1.29,0.44,0.18,0.63,0
P4_zayif_hic_ev,15,0.44,2545.60,1908.60,3214.80,47.82,43.92,770.98,12.17,12.05,7.97,3.49,0.12,10.22,6.67,1.24,0.38,0.18,0.77,0
P4_zayif_hic_ev,16,0.44,894.96,207.60,2307.80,50.00,46.06,862.26,13,12.99,8.41,3.98,0.01,10.92,7.42,1.56,0.45,0.18,0.72,2458.61
P4_zayif_hic_noev,1,1.00,930.93,854.00,1050.00,14.88,14.16,77.50,8,7.97,6.69,0.61,0.03,5.27,0.83,1.54,0.04,0.33,0.64,0
P4_zayif_hic_noev,2,1.00,1212.23,989.50,1427.50,17.51,16.40,309.62,8,7.97,6.46,0.80,0.03,4.92,3.22,1.35,0.22,0.29,0.61,0
P4_zayif_hic_noev,3,1.00,1524.03,1194.00,1827.20,20.20,18.88,338.75,8,7.96,6.57,0.81,0.04,4.97,3.46,1.34,0.28,0.28,0.63,0
P4_zayif_hic_noev,4,1.00,353.77,96.70,597.20,22.79,21.32,413.71,8,7.99,6.45,1.00,0.01,4.72,4.21,1.38,0.40,0.27,0.86,1550.40
P4_zayif_hic_noev,5,1.00,696.10,389.00,1014.00,25.36,23.40,371.75,9,8.97,6.64,1.74,0.03,4.33,3.69,1.93,0.32,0.36,0.33,0
P4_zayif_hic_noev,6,1.00,985.84,608.90,1361.30,28.04,26.04,312.71,9,9,6.78,1.77,0,4.46,3.04,1.93,0.24,0.36,0.72,0
P4_zayif_hic_noev,7,1.00,1280.76,857.20,1673.10,30.61,28.12,312.24,9,9,6.66,1.84,0,4.46,3.01,1.86,0.24,0.35,0.92,0
P4_zayif_hic_noev,8,1.00,454.80,155.20,1402.30,33.47,30.64,317.79,10,10,7.42,2.02,0,5.16,3.00,2.19,0.25,0.38,0.59,1118.25
P4_zayif_hic_noev,9,0.85,608.24,336.40,876.80,35.48,32.14,360.29,10,10.00,6.51,2.96,0.00,7.84,3.35,1.53,0.24,0.24,0.71,0
P4_zayif_hic_noev,10,0.85,1072.08,685.40,1452.20,37.28,33.84,501.39,10,10.00,6.54,2.87,0.00,8.03,4.63,1.31,0.40,0.20,0.85,0
P4_zayif_hic_noev,11,0.85,1589.93,1078.00,2108.00,39.52,35.92,554.62,11,10.99,7.45,2.93,0.01,9.47,5.06,1.45,0.42,0.21,0.60,0
P4_zayif_hic_noev,12,0.85,1217.38,180.60,2228.80,41.72,37.68,604.53,11,11.00,7.58,2.82,0.00,9.24,5.44,1.31,0.47,0.20,0.85,929.14
P4_zayif_hic_noev,13,0.37,1087.74,737.90,1505.00,44.78,40.62,813.42,12,11.96,8.08,3.26,0.04,9.83,7.20,1.29,0.54,0.18,0.46,0
P4_zayif_hic_noev,14,0.37,1885.60,1300.30,2525.20,47.00,42.58,849.49,12,11.99,8.01,3.41,0.01,10.11,7.42,1.46,0.50,0.18,0.72,0
P4_zayif_hic_noev,15,0.37,2671.59,1875.90,3370.40,49.12,44.05,844.41,12,12,8.12,3.34,0,10.15,7.30,1.18,0.44,0.17,0.85,0
P4_zayif_hic_noev,16,0.37,1027.73,211.40,2442.70,51.30,45.43,823.12,13,12.97,8.50,3.79,0.03,11.27,7.04,1.54,0.41,0.17,0.71,2402.78
P4_zayif_acgozlu_ev,1,1.00,566.20,479.00,675.00,14.93,14.20,86.80,8,7.97,6.75,0.59,0.03,5.30,0.93,1.57,0.02,0.32,0.59,0
P4_zayif_acgozlu_ev,2,1.00,704.10,505.60,907.50,17.53,16.48,306.20,8,7.97,6.38,0.85,0.03,4.90,3.18,1.36,0.19,0.29,0.62,0
P4_zayif_acgozlu_ev,3,1.00,801.53,605.80,1025.30,20.29,19.00,364.54,8,7.97,6.65,0.71,0.03,5.07,3.72,1.35,0.26,0.28,0.64,0
P4_zayif_acgozlu_ev,4,1.00,174.39,127.00,224.00,22.99,21.48,426.47,8,8,6.62,0.83,0,5.02,4.33,1.32,0.35,0.25,0.94,697.57
P4_zayif_acgozlu_ev,5,1.00,598.89,331.90,877.20,25.84,23.96,438.09,9.08,9.07,7.06,1.50,0.01,4.78,4.17,1.90,0.39,0.34,0.74,0
P4_zayif_acgozlu_ev,6,1.00,825.28,547.60,1074.60,28.68,25.96,364.47,9.09,9.08,7.06,1.52,0.01,4.69,3.41,1.89,0.26,0.34,0.91,0
P4_zayif_acgozlu_ev,7,1.00,874.53,618.00,1140.40,31.48,28.87,319.05,9.16,9.14,7.02,1.65,0.02,4.79,3.00,1.95,0.23,0.33,0.92,0
P4_zayif_acgozlu_ev,8,1.00,949.55,691.90,1232.60,32.50,29.47,375.91,10,10,7.59,1.81,0,5.36,3.53,2.10,0.25,0.33,0.95,0
P4_zayif_acgozlu_ev,9,1.00,1062.99,781.80,1371.40,34.09,30.56,384.49,10.26,10.11,6.22,3.33,0.15,8.22,3.67,1.65,0.23,0.24,0.83,0
P4_zayif_acgozlu_ev,10,1.00,1205.56,839.80,1580.20,35.96,32.20,521.71,10.32,10.21,6.62,3.04,0.10,8.42,4.83,1.51,0.42,0.20,0.86,0
P4_zayif_acgozlu_ev,11,1.00,1251.48,890.90,1666.30,38.40,34.44,634.72,11.26,11.15,7.54,3.05,0.11,9.66,5.79,1.40,0.45,0.20,0.80,0
P4_zayif_acgozlu_ev,12,1.00,1330.35,908.80,1801.40,41.04,36.39,730.68,11,11,7.36,3.10,0,9.28,6.41,1.31,0.52,0.17,1.00,13.01
P4_zayif_acgozlu_ev,13,0.01,1365.50,1063.50,1667.50,42.30,41.29,1362,12,12,8,3,0,14,10.50,0.50,0,0.10,0.50,0
P4_zayif_acgozlu_ev,14,0.01,2019.50,1592.70,2446.30,44.42,42.77,1376.50,11,11,7.50,3,0,9,10.50,0,0.50,0.12,1,0
P4_zayif_acgozlu_ev,15,0.01,3012,2307.20,3716.80,50.74,49.70,1638,14,13,11,1,1,13.50,12.50,0,1.50,0.10,0.50,0
P4_zayif_acgozlu_ev,16,0.01,1770.50,874.90,2666.10,56.76,55.06,1604,13,13,10.50,2,0,15,11.50,1,0,0.11,0.50,2113
P4_zayif_acgozlu_noev,1,1.00,564.06,479.00,675.00,14.88,14.20,84.97,8,7.98,6.67,0.61,0.02,5.20,0.91,1.57,0.03,0.32,0.64,0
P4_zayif_acgozlu_noev,2,1.00,696.03,527.00,874.50,17.49,16.40,295.49,8,7.96,6.41,0.84,0.04,4.98,3.08,1.35,0.19,0.29,0.63,0
P4_zayif_acgozlu_noev,3,1.00,789.13,589.30,1007.10,20.21,18.92,353.40,8,7.94,6.51,0.69,0.06,5.06,3.61,1.39,0.24,0.28,0.59,0
P4_zayif_acgozlu_noev,4,1.00,175.81,128.90,226.00,22.87,21.32,441.85,8,8,6.58,0.79,0,4.95,4.49,1.29,0.37,0.26,0.92,703.06
P4_zayif_acgozlu_noev,5,1.00,549.41,310.40,792.30,25.67,23.72,403.89,9,8.99,7.02,1.51,0.01,4.61,4.00,1.82,0.34,0.35,0.76,0
P4_zayif_acgozlu_noev,6,1.00,788.94,520.40,1100.20,28.32,25.76,346.17,9,9,6.81,1.71,0,4.59,3.37,1.88,0.26,0.33,0.94,0
P4_zayif_acgozlu_noev,7,1.00,862.84,629.30,1132.20,31.16,28.28,305.16,9,9,6.96,1.56,0,4.69,2.94,1.90,0.21,0.33,0.99,0
P4_zayif_acgozlu_noev,8,1.00,934.04,655.70,1201.80,32.07,29.16,370.43,10,10.00,7.52,1.89,0.00,5.22,3.48,2.05,0.27,0.35,0.88,0
P4_zayif_acgozlu_noev,9,1.00,1063.46,788.90,1387.40,33.84,30.64,411.02,10,10,6.33,3.12,0,8.16,3.85,1.52,0.29,0.23,0.95,0
P4_zayif_acgozlu_noev,10,1.00,1182.00,869.00,1506.00,35.95,32.67,493.85,10,10,6.86,2.74,0,8.68,4.56,1.23,0.38,0.19,0.98,0
P4_zayif_acgozlu_noev,11,1.00,1258.58,877.00,1693.10,38.44,34.88,641.96,11,11,7.53,2.93,0,9.74,5.84,1.27,0.52,0.19,0.92,0
P4_zayif_acgozlu_noev,12,1.00,1311.05,899.70,1747.90,41.06,36.80,708.82,11,11.00,7.37,3.03,0.00,9.29,6.28,1.31,0.47,0.18,0.98,29.66
P4_zayif_acgozlu_noev,13,0.02,1137.80,837.40,1430.00,44.75,42.34,977.60,12,12,8.40,3.40,0,10.80,7.80,1,0,0.17,1,0
P4_zayif_acgozlu_noev,14,0.02,1697.20,1198.20,2433.00,47.50,44.74,1062.40,12,12,8,3.40,0,10.20,8.40,1.60,0.60,0.15,0.80,0
P4_zayif_acgozlu_noev,15,0.02,2076.40,1590.20,2481.60,49.70,46.27,1218.40,12,12,7.40,4,0,9.60,10,0.60,0.60,0.17,1,0
P4_zayif_acgozlu_noev,16,0.02,1088.40,568.60,1530.40,54.27,49.80,1269.20,13,13,9.60,2.80,0,11.40,9.80,1.20,0.40,0.13,1,1060.40
P4_zayif_mantikli_ev,1,1.00,936.97,849.00,1050.00,14.93,14.20,82.77,8,7.98,6.78,0.59,0.02,5.31,0.89,1.54,0.03,0.33,0.62,0
P4_zayif_mantikli_ev,2,1.00,1183.34,994.50,1392.00,17.52,16.44,310.98,8,7.96,6.36,0.82,0.04,4.87,3.23,1.36,0.23,0.30,0.63,0
P4_zayif_mantikli_ev,3,1.00,1302.21,1088.70,1541.00,20.17,18.84,342.61,8,7.95,6.49,0.81,0.05,4.94,3.50,1.34,0.24,0.28,0.61,0
P4_zayif_mantikli_ev,4,1.00,247.14,203.00,304.00,22.73,21.40,426.83,8,8.00,6.51,0.87,0.00,4.76,4.34,1.26,0.38,0.27,0.84,1116.84
P4_zayif_mantikli_ev,5,1.00,642.93,365.00,956.20,25.51,23.40,407.96,9.08,9.05,6.96,1.52,0.03,4.62,3.89,1.93,0.36,0.37,0.57,0
P4_zayif_mantikli_ev,6,1.00,989.38,598.60,1353.60,28.36,25.76,355.24,9.09,9.08,7.00,1.59,0.01,4.82,3.33,2.03,0.27,0.36,0.76,0
P4_zayif_mantikli_ev,7,1.00,1289.20,858.90,1612.40,31.00,28.07,349.01,9.16,9.11,6.79,1.86,0.05,4.65,3.29,2.01,0.23,0.35,0.87,0
P4_zayif_mantikli_ev,8,1.00,1322.54,324.80,1705.10,33.84,30.44,359.75,10,9.99,7.50,1.91,0.01,5.31,3.39,2.18,0.21,0.37,0.73,129.91
P4_zayif_mantikli_ev,9,0.17,1020.67,393.50,1831.40,35.70,31.70,423.37,9.75,9.65,6.17,2.87,0.10,7.63,3.94,1.65,0.35,0.23,0.79,0
P4_zayif_mantikli_ev,10,0.17,1489.65,866.10,2055.90,37.75,32.77,603.92,10.27,10.21,6.83,2.79,0.06,8.69,5.58,1.50,0.33,0.20,0.77,0
P4_zayif_mantikli_ev,11,0.17,1822.06,1276.00,2390.10,39.86,35.01,635.73,11.19,11.10,7.42,2.96,0.10,10.02,5.71,1.40,0.42,0.19,0.60,0
P4_zayif_mantikli_ev,12,0.17,1552.56,386.60,2190.70,41.97,36.50,719.44,11,11,7.31,3.15,0,9.10,6.33,1.46,0.58,0.19,0.90,483.15
P4_zayif_mantikli_ev,13,0.04,1410.38,723.20,2275.80,44.55,41.62,963.77,12.54,12.31,7.69,3.77,0.23,11.15,7.92,1.23,0.23,0.19,0.38,0
P4_zayif_mantikli_ev,14,0.04,2187.54,1519.60,2667.20,47.06,43.54,1062.08,11.92,11.77,7.38,3.15,0.15,9.77,8.46,1.38,0.54,0.17,0.77,0
P4_zayif_mantikli_ev,15,0.04,2635.08,2163.80,2983.60,49.69,45.08,1076.46,11.77,11.77,7.77,3.15,0,9.62,8.31,1.38,0.31,0.16,0.92,0
P4_zayif_mantikli_ev,16,0.04,1050.92,42.80,2275.60,52.74,47.82,1281.31,13,13,8.46,3.85,0,11.23,9.46,1.15,0.46,0.14,0.92,2127.54
P4_zayif_mantikli_noev,1,1.00,930.93,854.00,1050.00,14.88,14.16,77.50,8,7.97,6.69,0.61,0.03,5.27,0.83,1.54,0.04,0.33,0.64,0
P4_zayif_mantikli_noev,2,1.00,1171.81,979.90,1358.00,17.50,16.44,307.71,8,7.97,6.46,0.78,0.03,4.95,3.20,1.31,0.22,0.29,0.62,0
P4_zayif_mantikli_noev,3,1.00,1303.12,1092.60,1549.50,20.10,18.88,347.90,8,7.95,6.43,0.83,0.05,4.87,3.55,1.33,0.26,0.28,0.60,0
P4_zayif_mantikli_noev,4,1.00,248.58,203.90,304.00,22.68,21.40,424.62,8,8.00,6.47,0.87,0.00,4.76,4.32,1.34,0.37,0.27,0.82,1121.64
P4_zayif_mantikli_noev,5,1.00,595.60,311.90,873.00,25.37,23.63,375.62,9,8.99,6.81,1.59,0.01,4.49,3.73,1.91,0.28,0.37,0.60,0
P4_zayif_mantikli_noev,6,1.00,913.58,575.00,1238.10,28.08,25.68,343.34,9,9,6.86,1.66,0,4.69,3.34,1.99,0.26,0.35,0.80,0
P4_zayif_mantikli_noev,7,1.00,1204.83,818.60,1577.10,30.73,27.76,336.19,9,9,6.76,1.69,0,4.58,3.24,1.92,0.20,0.35,0.95,0
P4_zayif_mantikli_noev,8,1.00,1291.87,306.00,1703.80,33.56,30.39,354.72,10,9.99,7.45,1.92,0.01,5.25,3.35,2.24,0.22,0.37,0.73,112.16
P4_zayif_mantikli_noev,9,0.17,957.76,389.00,1819.00,35.11,31.36,397.10,10,10,6.43,2.94,0,7.94,3.71,1.57,0.24,0.25,0.80,0
P4_zayif_mantikli_noev,10,0.17,1418.04,929.00,2020.00,37.17,33.08,586.69,10,10,6.92,2.63,0,8.43,5.43,1.29,0.33,0.18,0.92,0
P4_zayif_mantikli_noev,11,0.17,1816.16,1447.00,2193.00,39.53,35.20,650.43,11,11,7.75,2.76,0,9.92,5.94,1.39,0.55,0.19,0.65,0
P4_zayif_mantikli_noev,12,0.17,1739.45,1069.00,2212.00,41.71,35.76,647.02,11,11,7.47,2.92,0,9.47,5.76,1.37,0.35,0.17,0.98,225.55
P4_zayif_mantikli_noev,13,0.02,1369.83,559.50,2349.00,42.60,38.98,1069,12,12,7.83,3.33,0,12,9,0.67,0.83,0.15,0.67,0
P4_zayif_mantikli_noev,14,0.02,2052.67,1270.00,2705.50,45.28,41.40,1046.17,12,12,8.83,2.83,0,12.17,8.83,0.33,0.50,0.14,0.83,0
P4_zayif_mantikli_noev,15,0.02,2612.50,1660.50,3379.50,47.57,42.38,1068.17,12,12,8,3.67,0,9.33,8.50,1.50,0.50,0.11,1,0
P4_zayif_mantikli_noev,16,0.02,1260,478.00,2270.50,50.83,45.40,1322.17,13,13,9.50,2.50,0,12.83,9.83,0.83,0.50,0.10,0.67,1776.67
P4_orta_hic_ev,1,1.00,1095.26,947.00,1246.00,16.16,15.64,242.74,8,8,7.67,0.06,0,7.22,2.54,3.06,0.26,0.26,0.99,0
P4_orta_hic_ev,2,1.00,1592.96,1352.00,1834.50,20.32,19.40,507.01,8,8,7.44,0.23,0,6.82,5.18,2.95,0.79,0.24,0.97,0
P4_orta_hic_ev,3,1.00,2141.19,1841.20,2436.50,24.57,23.28,556.85,8,8,7.47,0.20,0,6.82,5.58,2.89,0.81,0.24,0.97,0
P4_orta_hic_ev,4,1.00,1089.42,747.80,1427.20,28.69,27.32,589.43,8,8,7.34,0.36,0,6.70,5.73,2.88,0.91,0.22,0.99,1630
P4_orta_hic_ev,5,1.00,1671.87,1240.70,2085.50,32.91,30.92,567.89,9.08,9.08,7.63,1.19,0,5.82,5.22,3.65,0.80,0.28,0.93,0
P4_orta_hic_ev,6,1.00,2197.33,1679.40,2694.40,37.07,34.80,508.16,9.09,9.09,7.61,1.20,0,5.88,4.55,3.63,0.63,0.28,0.98,0
P4_orta_hic_ev,7,1.00,2698.67,2051.60,3303.10,41.22,38.75,485.74,9.16,9.15,7.59,1.32,0.01,5.96,4.32,3.73,0.53,0.27,0.95,0
P4_orta_hic_ev,8,1.00,1254.45,539.80,1879.20,45.85,43.08,508.13,10,10,8.43,1.30,0,6.53,4.49,3.98,0.61,0.27,0.99,1948.25
P4_orta_hic_ev,9,1.00,1889.17,1078.40,2627.40,49.30,46.24,632.44,10.26,10.15,7.40,2.42,0.11,10.06,5.53,3.40,0.79,0.19,0.85,0
P4_orta_hic_ev,10,1.00,2717.94,1804.80,3559.20,53.00,49.58,832.58,10.32,10.24,7.72,2.19,0.08,10.70,7.10,3.33,1.15,0.17,0.87,0
P4_orta_hic_ev,11,1.00,3635.82,2598.30,4591.60,57.13,53.36,922.04,11.26,11.19,8.66,2.21,0.07,11.68,7.70,3.56,1.36,0.17,0.84,0
P4_orta_hic_ev,12,1.00,2253.90,1153.70,3276.80,61.13,56.92,986.34,11,11,8.51,2.17,0,11.52,8.02,3.34,1.28,0.16,1,2347
P4_orta_hic_ev,13,1.00,3532.29,2333.80,4542.50,65.40,61.44,1284.59,12.33,12.21,9.20,2.66,0.12,12.84,10.15,3.97,1.44,0.15,0.84,0
P4_orta_hic_ev,14,1.00,4774.79,3506.10,6015.10,69.49,65.12,1248.35,12.09,12.06,8.94,2.78,0.03,12.66,9.64,3.81,1.24,0.15,0.93,0
P4_orta_hic_ev,15,1.00,6008.93,4661.30,7245.10,73.50,68.75,1249.91,12.26,12.21,8.90,2.95,0.05,12.74,9.54,3.93,1.18,0.15,0.91,0
P4_orta_hic_ev,16,1.00,4574.66,3125.50,6038.30,78.10,73.44,1410.82,13,13,9.94,2.73,0,14.35,10.58,4.02,1.31,0.14,1.00,2817
P4_orta_hic_noev,1,1.00,1097.92,947.00,1246.00,16.17,15.64,245.43,8,8,7.69,0.05,0,7.24,2.57,3.07,0.27,0.26,0.99,0
P4_orta_hic_noev,2,1.00,1602.65,1371.50,1839.00,20.36,19.48,512.34,8,8,7.45,0.23,0,6.81,5.23,2.92,0.78,0.24,0.98,0
P4_orta_hic_noev,3,1.00,2156.31,1897.70,2463.20,24.60,23.44,562.37,8,8,7.48,0.22,0,6.85,5.63,2.87,0.81,0.23,0.96,0
P4_orta_hic_noev,4,1.00,1124.75,766.00,1459.50,28.74,27.48,604.85,8,8,7.36,0.33,0,6.74,5.88,2.85,0.92,0.22,1,1630
P4_orta_hic_noev,5,1.00,1656.83,1237.20,2046.30,32.83,31.03,538.90,9,9,7.51,1.22,0,5.77,5.14,3.54,0.80,0.28,0.97,0
P4_orta_hic_noev,6,1.00,2151.11,1653.80,2587.00,36.98,34.76,496.38,9,9,7.60,1.20,0,5.88,4.60,3.50,0.67,0.28,0.98,0
P4_orta_hic_noev,7,1.00,2616.06,2067.40,3165.20,41.02,38.76,469.68,9,9,7.40,1.32,0,5.86,4.26,3.60,0.52,0.27,1,0
P4_orta_hic_noev,8,1.00,1175.61,566.40,1749.80,45.53,42.68,515.10,10,10,8.30,1.45,0,6.58,4.56,3.99,0.62,0.27,0.99,1950.64
P4_orta_hic_noev,9,1.00,1810.16,1177.80,2432.20,49.12,46.00,642.03,10,10,7.49,2.21,0,10.20,5.55,3.24,0.78,0.19,0.99,0
P4_orta_hic_noev,10,1.00,2598.96,1883.90,3359.90,52.85,49.63,803.72,10,10,7.70,2.00,0,10.41,6.82,3.17,1.03,0.17,0.99,0
P4_orta_hic_noev,11,1.00,3504.32,2713.40,4318.40,56.93,53.57,922.72,11,11,8.48,2.27,0,11.82,7.68,3.56,1.22,0.16,0.98,0
P4_orta_hic_noev,12,1.00,2122.19,1268.00,3100.20,61.05,57.11,983.94,11,11,8.63,2.06,0,11.56,8.01,3.40,1.36,0.15,0.99,2347
P4_orta_hic_noev,13,1.00,3401.41,2463.20,4429.50,65.34,60.92,1307.71,12,12,9.19,2.51,0,13.14,10.44,3.79,1.43,0.15,0.95,0
P4_orta_hic_noev,14,1.00,4638.63,3596.40,5785.10,69.62,65.07,1264.58,12,12,9.22,2.49,0,13.06,9.87,3.63,1.21,0.15,0.98,0
P4_orta_hic_noev,15,1.00,5884.43,4832.50,7048.10,73.76,68.68,1266.53,12,12,9.00,2.69,0,12.76,9.69,3.63,1.23,0.14,1,0
P4_orta_hic_noev,16,1.00,4450.60,3165.80,5700.00,78.37,72.96,1405.07,13,13,9.85,2.80,0,14.38,10.53,4.08,1.38,0.14,0.99,2817
P4_orta_acgozlu_ev,1,1.00,711.99,572.00,871.00,16.12,15.60,234.69,8,8,7.68,0.05,0,7.23,2.46,2.96,0.26,0.25,0.99,0
P4_orta_acgozlu_ev,2,1.00,917.90,716.00,1127.30,20.25,19.36,497.97,8,8,7.45,0.22,0,6.81,5.08,2.87,0.78,0.23,0.97,0
P4_orta_acgozlu_ev,3,1.00,1065.25,783.70,1360.40,24.56,23.28,580.84,8,8,7.49,0.19,0,6.92,5.81,2.96,0.93,0.23,0.98,0
P4_orta_acgozlu_ev,4,1.00,231.04,163.00,299.00,28.77,27.32,660.94,8,8,7.43,0.20,0,6.82,6.42,2.89,1.06,0.22,1,976.70
P4_orta_acgozlu_ev,5,1.00,892.91,556.80,1226.70,33.05,31.16,676.83,9.08,9.08,7.60,1.18,0,5.97,6.22,3.84,0.84,0.27,0.99,0
P4_orta_acgozlu_ev,6,1.00,1131.65,831.30,1548.50,37.38,34.84,524.74,9.09,9.09,7.63,1.23,0,6.12,4.68,3.91,0.53,0.26,1,0
P4_orta_acgozlu_ev,7,1.00,1153.56,793.10,1585.60,41.68,38.87,515.11,9.16,9.16,7.46,1.45,0,6.06,4.53,3.98,0.45,0.26,1.00,0
P4_orta_acgozlu_ev,8,1.00,1199.95,819.80,1579.70,44.91,41.51,632.75,10,10,8.22,1.51,0,6.70,5.41,4.22,0.60,0.25,1,55.47
P4_orta_acgozlu_ev,9,1.00,1601.05,1138.30,2134.50,48.71,44.83,911.88,10.26,10.22,7.07,2.85,0.04,11.53,7.78,3.27,0.78,0.18,0.92,0
P4_orta_acgozlu_ev,10,1.00,1798.43,1208.60,2368.80,53.09,48.59,1096.31,10.32,10.30,7.37,2.64,0.02,11.50,8.80,3.18,1.01,0.17,0.95,0
P4_orta_acgozlu_ev,11,1.00,2228.41,1474.80,3090.60,58.10,53.52,1381.47,11.26,11.24,8.15,2.73,0.02,12.70,10.18,3.38,1.16,0.16,0.95,0
P4_orta_acgozlu_ev,12,1.00,1288.55,200.90,2462.80,63.47,58.56,1547.26,11,11,8.07,2.60,0,12.37,10.40,3.22,1.25,0.15,1,1449.40
P4_orta_acgozlu_ev,13,0.83,3117.09,1651.00,5037.40,69.38,63.13,2156.49,12.35,12.32,8.75,3.19,0.03,13.68,12.28,3.42,0.91,0.15,0.93,0
P4_orta_acgozlu_ev,14,0.83,5109.84,2645.20,7447.70,75.24,68.60,2237.23,12.12,12.10,8.91,2.91,0.01,13.56,12.03,3.30,0.94,0.15,0.98,0
P4_orta_acgozlu_ev,15,0.83,7372.36,4286.90,10193.70,81.22,73.88,2414.72,12.27,12.27,9.06,2.92,0.00,13.90,12.55,3.38,1.06,0.14,0.98,0
P4_orta_acgozlu_ev,16,0.83,8274.41,4945.90,10825.90,87.66,80.03,2749.14,13,13,9.70,2.92,0,14.84,13.68,3.34,1.14,0.13,1,1773.93
P4_orta_acgozlu_noev,1,1.00,721.56,577.00,871.00,16.13,15.60,243.16,8,8,7.68,0.05,0,7.24,2.55,2.96,0.27,0.25,0.99,0
P4_orta_acgozlu_noev,2,1.00,925.87,730.70,1124.30,20.28,19.32,509.11,8,8,7.45,0.24,0,6.83,5.20,2.84,0.81,0.23,0.96,0
P4_orta_acgozlu_noev,3,1.00,1071.27,794.60,1359.40,24.60,23.32,584.05,8,8,7.54,0.18,0,7.02,5.84,2.93,0.88,0.22,0.98,0
P4_orta_acgozlu_noev,4,1.00,232.34,171.00,299.20,28.85,27.36,646.06,8,8,7.46,0.22,0,6.86,6.28,2.92,1.00,0.22,1,971.19
P4_orta_acgozlu_noev,5,1.00,850.25,557.90,1146.40,33.06,31.24,640.34,9,9,7.51,1.15,0,5.85,6.10,3.76,0.84,0.26,1.00,0
P4_orta_acgozlu_noev,6,1.00,1079.95,731.00,1457.00,37.27,34.92,489.20,9,9,7.43,1.29,0,5.90,4.53,3.88,0.51,0.26,1,0
P4_orta_acgozlu_noev,7,1.00,1133.19,791.80,1501.20,41.38,38.59,518.54,9,9,7.24,1.47,0,5.92,4.67,3.96,0.45,0.26,1,0
P4_orta_acgozlu_noev,8,1.00,1194.84,810.70,1604.10,44.53,41.20,578.59,10,10,8.15,1.56,0,6.55,5.02,4.30,0.57,0.26,1,35.76
P4_orta_acgozlu_noev,9,1.00,1591.38,1127.00,2086.50,48.36,44.44,890.53,10,10,7.12,2.61,0,11.48,7.63,3.12,0.78,0.17,1,0
P4_orta_acgozlu_noev,10,1.00,1754.62,1280.50,2266.50,52.64,48.27,1083.35,10,10,7.22,2.52,0,11.17,8.89,3.00,1.08,0.17,1,0
P4_orta_acgozlu_noev,11,1.00,2160.75,1501.20,2964.30,57.50,52.63,1341.98,11,11,8.03,2.66,0,12.30,10.08,3.28,1.12,0.16,1,0
P4_orta_acgozlu_noev,12,1.00,1183.52,210.60,2116.70,62.87,57.24,1463.96,11,11,8.15,2.54,0,12.50,10.14,3.16,1.18,0.15,1,1356.60
P4_orta_acgozlu_noev,13,0.78,2885.40,1616.20,4386.60,68.96,63.16,2144.59,12,12,8.94,2.79,0,13.49,12.60,3.14,1.06,0.14,1,0
P4_orta_acgozlu_noev,14,0.78,4768.97,2775.20,6783.60,74.76,67.96,2207.77,12,12,8.81,2.83,0,13.51,12.33,3.21,1.08,0.14,1,0
P4_orta_acgozlu_noev,15,0.78,7025.03,4741.40,9518.60,80.65,73.90,2431.60,12,12,8.86,2.88,0,13.63,12.78,3.20,1.11,0.14,1,0
P4_orta_acgozlu_noev,16,0.78,7917.83,5588.20,10720.40,87.03,80.08,2751.91,13,13,9.64,2.99,0,14.91,13.81,3.40,1.17,0.14,1,1786.99
P4_orta_mantikli_ev,1,1.00,1095.26,947.00,1246.00,16.16,15.64,242.74,8,8,7.67,0.06,0,7.22,2.54,3.06,0.26,0.26,0.99,0
P4_orta_mantikli_ev,2,1.00,1410.28,1233.40,1593.50,20.30,19.40,509.95,8,8,7.45,0.20,0,6.82,5.21,2.85,0.77,0.23,0.97,0
P4_orta_mantikli_ev,3,1.00,1520.28,1257.50,1783.10,24.45,23.04,566.23,8,8,7.39,0.30,0,6.79,5.68,2.79,0.80,0.23,0.98,0
P4_orta_mantikli_ev,4,1.00,251.07,53.00,376.50,28.47,26.96,754.98,8,8,7.31,0.35,0,6.55,7.34,2.69,1.02,0.21,1,1482.25
P4_orta_mantikli_ev,5,1.00,845.96,499.90,1215.20,32.67,30.44,578.63,9.08,9.08,7.47,1.33,0,6.01,5.31,3.83,0.64,0.27,0.99,0
P4_orta_mantikli_ev,6,1.00,1348.98,948.50,1756.30,36.80,34.12,522.71,9.09,9.09,7.41,1.42,0,6.03,4.69,3.89,0.52,0.27,1.00,0
P4_orta_mantikli_ev,7,1.00,1653.07,1340.70,1989.50,40.94,37.76,530.24,9.16,9.16,7.42,1.50,0,6.11,4.73,3.93,0.44,0.26,0.98,0
P4_orta_mantikli_ev,8,1.00,620.92,95.80,1760.00,44.98,41.80,599.00,10,10,8.06,1.66,0,6.69,5.26,4.07,0.57,0.26,1,1166.67
P4_orta_mantikli_ev,9,0.94,1366.30,753.00,2301.00,48.30,44.54,871.65,10.22,10.19,6.94,3.00,0.02,10.89,7.59,3.35,0.87,0.18,0.92,0
P4_orta_mantikli_ev,10,0.94,2188.07,1574.40,2784.20,51.62,47.01,1057.71,10.28,10.26,7.12,2.86,0.02,11.15,8.90,3.32,0.93,0.17,0.93,0
P4_orta_mantikli_ev,11,0.94,2778.31,2111.80,3622.60,55.35,50.97,1239.77,11.28,11.23,8.05,2.89,0.05,12.75,10.07,3.43,1.32,0.17,0.92,0
P4_orta_mantikli_ev,12,0.94,995.11,125.20,2160.60,59.50,54.45,1324.98,11,11,7.86,2.84,0,12.29,10.17,3.23,1.25,0.16,1,2056.39
P4_orta_mantikli_ev,13,0.91,2509.38,1513.50,3620.80,64.30,58.72,1724.13,12.31,12.28,8.71,3.17,0.03,14.12,11.65,3.57,0.92,0.16,0.94,0
P4_orta_mantikli_ev,14,0.91,3589.29,2525.60,5149.40,69.27,62.28,1844.58,12.09,12.09,8.75,3.03,0.00,13.33,12.03,3.43,1.03,0.15,0.97,0
P4_orta_mantikli_ev,15,0.91,4854.20,3160.20,6871.80,74.85,67.46,2079.14,12.26,12.26,9.14,2.84,0.01,14.06,12.54,3.30,1.08,0.14,0.96,0
P4_orta_mantikli_ev,16,0.91,4332.51,1875.30,6903.30,80.81,73.21,2449.36,13,13,9.56,3.06,0,14.35,13.43,3.42,1.13,0.14,1,2295.79
P4_orta_mantikli_noev,1,1.00,1097.92,947.00,1246.00,16.17,15.64,245.43,8,8,7.69,0.05,0,7.24,2.57,3.07,0.27,0.26,0.99,0
P4_orta_mantikli_noev,2,1.00,1422.23,1247.70,1621.00,20.33,19.44,514.63,8,8,7.44,0.22,0,6.79,5.25,2.84,0.75,0.23,0.97,0
P4_orta_mantikli_noev,3,1.00,1510.67,1268.80,1781.20,24.51,23.36,556.95,8,8,7.48,0.27,0,6.88,5.58,2.76,0.77,0.23,0.98,0
P4_orta_mantikli_noev,4,1.00,263.71,64.90,436.50,28.57,27.24,763.88,8,8,7.34,0.32,0,6.58,7.42,2.70,1.04,0.21,1,1472.28
P4_orta_mantikli_noev,5,1.00,830.17,473.80,1146.80,32.73,30.82,570.85,9,9,7.42,1.34,0,5.95,5.43,3.73,0.63,0.27,1.00,0
P4_orta_mantikli_noev,6,1.00,1311.11,905.70,1725.80,36.71,34.12,507.93,9,9,7.24,1.54,0,5.92,4.71,3.81,0.51,0.27,1,0
P4_orta_mantikli_noev,7,1.00,1619.09,1289.20,1999.80,40.81,37.88,509.61,9,9,7.31,1.43,0,6.00,4.62,3.80,0.47,0.26,1,0
P4_orta_mantikli_noev,8,1.00,665.57,104.80,1736.00,44.78,41.28,551.15,10,10,7.95,1.71,0,6.51,4.87,4.14,0.48,0.26,1,1083.53
P4_orta_mantikli_noev,9,0.93,1391.90,715.00,2392.90,48.09,44.60,867.64,10,10,7.00,2.74,0,11.03,7.50,3.18,0.82,0.18,1,0
P4_orta_mantikli_noev,10,0.93,2136.51,1581.80,2679.20,51.51,47.47,1018.19,10,10,7.15,2.62,0,11,8.64,3.16,1.07,0.17,1,0
P4_orta_mantikli_noev,11,0.93,2669.77,2100.50,3362.70,55.18,50.83,1180.50,11,11,7.93,2.83,0,12.56,9.59,3.28,1.22,0.16,1.00,0
P4_orta_mantikli_noev,12,0.93,1030.18,189.50,2166.10,59.18,54.48,1271.01,11,11,7.94,2.72,0,12.55,9.77,3.31,1.26,0.16,1,1879.87
P4_orta_mantikli_noev,13,0.88,2528.85,1558.40,3512.00,63.94,58.70,1741.88,12,12,8.67,2.98,0,13.51,11.99,3.34,0.93,0.15,1.00,0
P4_orta_mantikli_noev,14,0.88,3571.68,2559.80,4972.80,68.94,62.76,1803.82,12,12,8.81,2.88,0,13.52,12.05,3.23,1.08,0.14,1,0
P4_orta_mantikli_noev,15,0.88,4651.88,2986.60,6734.60,74.30,66.98,1905.42,12,12,8.77,2.88,0,13.71,11.67,3.34,0.96,0.14,1,0
P4_orta_mantikli_noev,16,0.88,4019.80,1405.60,6943.40,80.18,71.90,2361.28,13,13,9.47,3.09,0,14.69,13.01,3.45,1.06,0.13,1,2316.28
P4_iyi_hic_ev,1,1.00,1090.54,916.50,1344.50,16.63,16.20,230.34,8,8,7.88,0.03,0,7.74,2.37,3.82,0.33,0.25,1,0
P4_iyi_hic_ev,2,1.00,1711.08,1436.50,1970.00,21.59,20.84,609.56,8,8,7.89,0.04,0,7.74,6.22,3.66,1.09,0.23,1,0
P4_iyi_hic_ev,3,1.00,2426.03,2121.00,2709.00,26.64,25.64,698.35,8,8,7.88,0.05,0,7.72,6.88,3.57,1.43,0.23,1,0
P4_iyi_hic_ev,4,1.00,1560.98,1235.70,1926.50,31.67,30.48,750.43,8,8,7.88,0.04,0,7.70,7.23,3.56,1.46,0.22,1,1630
P4_iyi_hic_ev,5,1.00,2348.70,1918.40,2802.10,36.90,35.36,751.87,9.08,9.08,8.23,0.78,0,6.56,6.73,4.40,1.33,0.26,0.99,0
P4_iyi_hic_ev,6,1.00,3025.30,2561.50,3508.90,41.96,39.96,642.32,9.09,9.09,8.10,0.93,0,6.45,5.60,4.41,1.07,0.26,1,0
P4_iyi_hic_ev,7,1.00,3693.59,3123.30,4258.70,47.00,44.60,631.90,9.16,9.16,8.07,1.03,0,6.63,5.44,4.51,0.88,0.26,0.99,0
P4_iyi_hic_ev,8,1.00,2393.16,1711.80,3022.00,52.44,49.80,639.99,10,10,8.83,1.08,0,7.19,5.45,4.77,0.88,0.26,1,1956
P4_iyi_hic_ev,9,1.00,3254.44,2487.50,3999.70,57.20,53.88,834.99,10.26,10.21,8.28,1.79,0.05,12.65,7.03,4.36,1.28,0.18,0.90,0
P4_iyi_hic_ev,10,1.00,4344.55,3539.50,5178.50,62.17,58.44,1071.14,10.32,10.29,8.52,1.67,0.03,12.88,8.74,4.44,1.82,0.17,0.93,0
P4_iyi_hic_ev,11,1.00,5594.65,4552.60,6568.10,67.76,64.28,1226.70,11.26,11.23,9.54,1.62,0.03,13.87,9.71,4.84,2.08,0.16,0.93,0
P4_iyi_hic_ev,12,1.00,4563.44,3386.50,5726.00,73.25,69.28,1304.25,11,11,9.46,1.47,0,13.86,10.02,4.47,2.08,0.16,1,2347
P4_iyi_hic_ev,13,1.00,6237.24,4991.30,7592.30,79.14,74.96,1649.04,12.33,12.27,10.30,1.89,0.06,15.22,12.23,5.21,2.43,0.15,0.92,0
P4_iyi_hic_ev,14,1.00,7899.15,6494.30,9335.10,84.90,80.08,1642.99,12.09,12.08,10.09,1.89,0.01,15.34,11.84,5.12,2.32,0.15,0.98,0
P4_iyi_hic_ev,15,1.00,9557.84,8042.20,11202.80,90.67,85.40,1643.11,12.26,12.26,10.17,2.01,0.00,15.29,11.61,5.18,2.27,0.15,0.97,0
P4_iyi_hic_ev,16,1.00,8558.30,6937.20,10134.80,96.34,91.73,1809.40,13,13,10.75,2.16,0,16.15,12.51,5.41,2.39,0.15,1,2817
P4_iyi_hic_noev,1,1.00,1096.60,911.70,1344.00,16.65,16.31,235.73,8,8,7.90,0.02,0,7.79,2.43,3.82,0.34,0.25,1,0
P4_iyi_hic_noev,2,1.00,1732.59,1480.00,1965.50,21.60,20.84,624.26,8,8,7.85,0.05,0,7.72,6.37,3.67,1.17,0.23,1,0
P4_iyi_hic_noev,3,1.00,2431.19,2120.00,2714.50,26.65,25.76,681.41,8,8,7.85,0.06,0,7.69,6.71,3.59,1.38,0.23,1,0
P4_iyi_hic_noev,4,1.00,1562.19,1216.80,1907.00,31.69,30.68,746.12,8,8,7.89,0.04,0,7.74,7.19,3.52,1.42,0.22,1,1630
P4_iyi_hic_noev,5,1.00,2300.24,1930.50,2705.00,36.74,35.36,722.17,9,9,8.07,0.83,0,6.42,6.70,4.19,1.30,0.26,1,0
P4_iyi_hic_noev,6,1.00,2938.81,2449.00,3358.50,41.74,39.68,623.28,9,9,8.01,0.93,0,6.47,5.63,4.28,1.05,0.26,1,0
P4_iyi_hic_noev,7,1.00,3575.23,3041.20,4079.80,46.69,44.36,622.04,9,9,7.97,0.99,0,6.47,5.48,4.33,0.88,0.26,1,0
P4_iyi_hic_noev,8,1.00,2250.55,1622.60,2780.20,52.02,49.60,616.69,10,10,8.71,1.19,0,7.10,5.26,4.73,0.87,0.26,1,1956
P4_iyi_hic_noev,9,1.00,3101.84,2415.90,3771.00,56.83,53.76,837.27,10,10,8.34,1.57,0,12.53,6.96,4.14,1.23,0.18,1,0
P4_iyi_hic_noev,10,1.00,4213.68,3408.90,5017.30,61.84,58.72,1097.36,10,10,8.51,1.43,0,12.67,8.91,4.19,1.83,0.16,1,0
P4_iyi_hic_noev,11,1.00,5439.05,4476.70,6376.30,67.33,64.24,1210.26,11,11,9.41,1.53,0,13.88,9.57,4.58,2.03,0.16,1,0
P4_iyi_hic_noev,12,1.00,4439.93,3389.70,5480.30,72.81,69.00,1335.49,11,11,9.44,1.50,0,13.93,10.29,4.51,2.22,0.15,1,2347
P4_iyi_hic_noev,13,1.00,6070.39,4965.20,7304.20,78.63,74.64,1621.74,12,12,10.16,1.76,0,15.01,12.16,4.92,2.33,0.15,1.00,0
P4_iyi_hic_noev,14,1.00,7684.64,6471.30,9000.70,84.38,80.08,1603.13,12,12,10.07,1.84,0,15.25,11.70,4.89,2.22,0.15,1,0
P4_iyi_hic_noev,15,1.00,9377.80,8034.80,10751.60,90.12,85.99,1684.39,12,12,10.10,1.80,0,15.30,11.97,4.84,2.36,0.15,1,0
P4_iyi_hic_noev,16,1.00,8363.52,6956.50,9834.00,95.93,91.12,1791.93,13,13,10.72,2.22,0,16.17,12.42,5.29,2.22,0.15,1,2817
P4_iyi_acgozlu_ev,1,1.00,703.60,489.00,969.00,16.62,16.20,219.08,8,8,7.88,0.03,0,7.72,2.26,3.81,0.31,0.25,1,0
P4_iyi_acgozlu_ev,2,1.00,999.66,741.80,1256.00,21.55,20.72,597.15,8,8,7.87,0.05,0,7.71,6.09,3.62,1.18,0.22,1,0
P4_iyi_acgozlu_ev,3,1.00,1147.34,811.20,1476.00,26.65,25.64,690.58,8,8,7.87,0.03,0,7.74,6.80,3.70,1.40,0.23,1,0
P4_iyi_acgozlu_ev,4,1.00,244.48,97.00,325.00,31.70,30.60,883.40,8,8,7.90,0.02,0,7.73,8.51,3.60,1.76,0.21,1,1319.40
P4_iyi_acgozlu_ev,5,1.00,1107.48,699.90,1525.80,36.94,35.20,869.34,9.08,9.08,8.12,0.90,0,6.64,7.77,4.70,1.32,0.25,1,0
P4_iyi_acgozlu_ev,6,1.00,1306.85,913.40,1757.10,41.97,39.40,677.03,9.09,9.09,7.86,1.16,0,6.60,5.89,4.66,0.90,0.25,1,0
P4_iyi_acgozlu_ev,7,1.00,1427.63,1017.40,1866.20,47.19,44.16,714.71,9.16,9.16,7.84,1.25,0,6.57,6.04,4.75,0.86,0.25,1,0
P4_iyi_acgozlu_ev,8,1.00,808.04,186.90,1691.10,52.40,48.56,787.96,10,10,8.45,1.47,0,7.20,6.23,5.11,0.85,0.24,1,727.66
P4_iyi_acgozlu_ev,9,1.00,1967.30,1224.40,2738.10,58.06,53.63,1487.46,10.26,10.26,7.89,2.28,0.00,13.91,11.33,4.27,1.64,0.18,0.97,0
P4_iyi_acgozlu_ev,10,1.00,2726.53,1858.90,3809.50,64.00,59.07,1728.12,10.32,10.32,7.96,2.27,0,13.89,12.40,4.25,1.90,0.18,0.99,0
P4_iyi_acgozlu_ev,11,1.00,3932.97,2332.80,5642.60,70.64,65.32,2112.15,11.26,11.26,8.75,2.43,0,15.22,13.29,4.67,2.07,0.18,0.99,0
P4_iyi_acgozlu_ev,12,1.00,3943.70,1707.60,6331.10,77.50,71.51,2382.05,11,11,8.67,2.24,0,15.06,13.49,4.42,1.99,0.17,1,1783.74
P4_iyi_acgozlu_ev,13,1.00,6710.22,3875.20,9655.90,84.66,78.40,3005.11,12.33,12.32,9.29,2.95,0.01,16.52,15.58,5.04,1.63,0.17,0.98,0
P4_iyi_acgozlu_ev,14,1.00,9691.73,6388.50,13286.60,91.72,85.24,3073.03,12.09,12.09,9.24,2.75,0,16.39,15.13,4.99,1.53,0.17,1.00,0
P4_iyi_acgozlu_ev,15,1.00,12933.62,9346.10,16900.70,97.48,92.34,3257.05,12.26,12.26,9.52,2.65,0,16.91,15.50,5.07,1.70,0.17,1,0
P4_iyi_acgozlu_ev,16,1.00,14505.64,10789.70,18631.90,99.55,98.99,3372.71,13,13,9.69,3.20,0,17.21,15.90,5.22,1.57,0.17,1,1800.11
P4_iyi_acgozlu_noev,1,1.00,709.22,489.00,969.00,16.64,16.24,224.31,8,8,7.90,0.02,0,7.77,2.31,3.81,0.35,0.25,1,0
P4_iyi_acgozlu_noev,2,1.00,1003.22,748.60,1261.00,21.60,20.84,602.70,8,8,7.87,0.05,0,7.75,6.15,3.62,1.25,0.22,1,0
P4_iyi_acgozlu_noev,3,1.00,1177.40,833.50,1497.30,26.72,25.80,715.24,8,8,7.90,0.02,0,7.75,7.04,3.67,1.48,0.23,1,0
P4_iyi_acgozlu_noev,4,1.00,246.95,101.80,325.10,31.79,30.80,861.26,8,8,7.89,0.02,0,7.70,8.29,3.62,1.75,0.21,1,1320.90
P4_iyi_acgozlu_noev,5,1.00,1069.73,685.70,1444.70,36.86,35.24,840.85,9,9,7.94,0.99,0,6.42,7.80,4.49,1.28,0.25,1,0
P4_iyi_acgozlu_noev,6,1.00,1244.02,846.50,1674.20,41.84,39.40,622.15,9,9,7.76,1.19,0,6.55,5.61,4.57,0.87,0.25,1,0
P4_iyi_acgozlu_noev,7,1.00,1403.22,993.90,1780.10,46.85,43.80,698.64,9,9,7.58,1.33,0,6.47,6.07,4.62,0.83,0.25,1,0
P4_iyi_acgozlu_noev,8,1.00,837.17,203.00,1678.50,52.05,48.00,742.87,10,10,8.55,1.38,0,7.20,6.01,5.18,0.82,0.24,1,658.22
P4_iyi_acgozlu_noev,9,1.00,1960.13,1261.30,2700.80,57.61,53.04,1479.58,10,10,7.79,2.16,0,13.70,11.44,4.13,1.79,0.18,1,0
P4_iyi_acgozlu_noev,10,1.00,2582.45,1725.40,3491.30,63.44,58.79,1645.92,10,10,7.80,2.13,0,13.66,12,4.15,1.88,0.17,1,0
P4_iyi_acgozlu_noev,11,1.00,3727.57,2315.40,5271.90,69.97,64.95,2024.43,11,11,8.62,2.31,0,14.91,13.03,4.48,2.12,0.18,1,0
P4_iyi_acgozlu_noev,12,1.00,3574.93,1073.00,6098.70,76.82,71.08,2312.61,11,11,8.72,2.21,0,15.23,13.42,4.37,2.11,0.17,1,1816.62
P4_iyi_acgozlu_noev,13,1.00,6282.80,3668.30,9016.40,83.82,78.23,2998.27,12,12,9.06,2.84,0,16.06,15.70,4.69,1.63,0.17,1,0
P4_iyi_acgozlu_noev,14,1.00,9170.44,6264.30,12341.70,90.89,85.23,2993.36,12,12,9.07,2.85,0,16.10,14.87,4.93,1.52,0.17,1,0
P4_iyi_acgozlu_noev,15,1.00,12301.36,8960.40,15484.70,96.89,91.66,3142.27,12,12,9.10,2.84,0,16.22,15.04,4.84,1.59,0.17,1,0
P4_iyi_acgozlu_noev,16,1.00,13772.25,10375.40,17218.90,99.46,98.64,3308.58,13,13,9.81,3.07,0,17.15,15.61,5.26,1.55,0.17,1,1837.24
P4_iyi_mantikli_ev,1,1.00,1090.54,916.50,1344.50,16.63,16.20,230.34,8,8,7.88,0.03,0,7.74,2.37,3.82,0.33,0.25,1,0
P4_iyi_mantikli_ev,2,1.00,1512.48,1238.00,1734.00,21.56,20.76,632.75,8,8,7.86,0.06,0,7.72,6.46,3.62,1.20,0.23,1,0
P4_iyi_mantikli_ev,3,1.00,1655.82,1347.20,1933.00,26.56,25.64,693.33,8,8,7.85,0.06,0,7.68,6.83,3.49,1.31,0.22,1.00,0
P4_iyi_mantikli_ev,4,1.00,610.44,290.90,948.90,31.47,30.32,1098.77,8,8,7.84,0.08,0,7.64,10.61,3.40,1.89,0.20,1,1623.00
P4_iyi_mantikli_ev,5,1.00,1392.63,957.60,1814.50,36.38,34.51,750.45,9.08,9.08,7.70,1.34,0,6.48,6.72,4.57,0.96,0.26,1,0
P4_iyi_mantikli_ev,6,1.00,1868.95,1508.90,2223.20,41.18,38.92,696.16,9.09,9.09,7.67,1.35,0,6.57,6.07,4.55,0.71,0.25,1,0
P4_iyi_mantikli_ev,7,1.00,1921.54,1530.00,2293.30,46.09,43.52,670.82,9.16,9.16,7.70,1.40,0,6.65,5.82,4.61,0.70,0.25,1,0
P4_iyi_mantikli_ev,8,1.00,367.16,91.80,674.00,51.36,48.24,780.34,10,10,8.30,1.63,0,7.14,6.29,4.89,0.68,0.25,1,1738.87
P4_iyi_mantikli_ev,9,1.00,1740.40,1138.70,2391.10,56.18,52.56,1356.20,10.26,10.25,7.75,2.43,0.01,13.62,10.33,4.31,1.58,0.18,0.95,0
P4_iyi_mantikli_ev,10,1.00,2932.40,2248.80,3623.30,61.15,56.82,1615.51,10.32,10.31,7.93,2.28,0.01,13.71,11.88,4.23,1.89,0.18,0.98,0
P4_iyi_mantikli_ev,11,1.00,4017.48,2853.70,5188.80,66.74,61.98,1932.46,11.26,11.25,8.89,2.27,0.01,15.38,13.29,4.60,2.19,0.18,0.98,0
P4_iyi_mantikli_ev,12,1.00,2501.21,875.90,4217.50,72.83,67.10,2045.30,11,11,8.50,2.40,0,14.78,13.10,4.35,2.09,0.18,1,2185.45
P4_iyi_mantikli_ev,13,1.00,5005.38,3295.40,7242.40,79.48,72.72,2973.64,12.33,12.33,9.29,2.96,0,16.59,16.20,5.01,1.84,0.17,0.96,0
P4_iyi_mantikli_ev,14,1.00,7392.09,4976.00,10308.90,86.49,79.48,2965.55,12.09,12.09,9.25,2.76,0,16.59,15.37,4.95,1.65,0.17,0.99,0
P4_iyi_mantikli_ev,15,1.00,10097.17,7035.10,13377.80,93.21,86.48,3027.59,12.26,12.26,9.23,2.92,0,16.35,14.79,5.15,1.49,0.17,1,0
P4_iyi_mantikli_ev,16,1.00,11681.58,8352.50,15182.90,98.08,93.28,3417.17,13,13,9.89,3.04,0,17.67,16.19,5.19,1.69,0.17,1,1753.61
P4_iyi_mantikli_noev,1,1.00,1096.60,911.70,1344.00,16.65,16.31,235.73,8,8,7.90,0.02,0,7.79,2.43,3.82,0.34,0.25,1,0
P4_iyi_mantikli_noev,2,1.00,1511.79,1233.00,1734.00,21.57,20.80,637.65,8,8,7.86,0.06,0,7.74,6.51,3.56,1.27,0.23,1,0
P4_iyi_mantikli_noev,3,1.00,1672.77,1378.20,1941.10,26.56,25.68,704.07,8,8,7.84,0.07,0,7.67,6.93,3.50,1.35,0.22,1.00,0
P4_iyi_mantikli_noev,4,1.00,588.87,297.80,924.10,31.51,30.36,1053.52,8,8,7.86,0.08,0,7.65,10.17,3.46,1.81,0.20,1,1616.99
P4_iyi_mantikli_noev,5,1.00,1327.76,915.80,1728.30,36.31,34.39,723.92,9,9,7.66,1.31,0,6.41,6.72,4.35,0.93,0.25,1,0
P4_iyi_mantikli_noev,6,1.00,1781.93,1412.60,2135.10,40.99,38.40,642.49,9,9,7.50,1.41,0,6.35,5.81,4.41,0.75,0.25,1,0
P4_iyi_mantikli_noev,7,1.00,1887.86,1502.90,2235.10,45.74,43.08,649.53,9,9,7.57,1.38,0,6.48,5.74,4.40,0.63,0.25,1,0
P4_iyi_mantikli_noev,8,1.00,355.00,80.10,575.60,50.99,48.07,756.70,10,10,8.34,1.58,0,7.05,6.25,4.95,0.76,0.25,1,1718.80
P4_iyi_mantikli_noev,9,1.00,1635.15,1112.70,2213.40,55.62,52.36,1276.91,10,10,7.58,2.38,0,13.38,9.86,4.09,1.53,0.18,1,0
P4_iyi_mantikli_noev,10,1.00,2869.49,2186.90,3547.20,60.42,56.67,1598.44,10,10,7.78,2.12,0,13.46,12.06,3.92,1.91,0.18,1,0
P4_iyi_mantikli_noev,11,1.00,3781.85,2709.70,4895.90,65.62,61.04,1787.11,11,11,8.57,2.34,0,14.80,12.73,4.39,2.01,0.18,1,0
P4_iyi_mantikli_noev,12,1.00,2139.49,764.00,3680.30,71.68,66.90,1978.56,11,11,8.63,2.30,0,14.97,13.13,4.28,2.07,0.17,1,2213.98
P4_iyi_mantikli_noev,13,1.00,4497.98,3114.50,6220.50,78.12,72.36,2859.93,12,12,9.13,2.81,0,16.10,15.97,4.67,1.73,0.17,1,0
P4_iyi_mantikli_noev,14,1.00,6575.47,4285.70,8861.90,84.82,78.49,2770.04,12,12,8.95,2.98,0,15.96,14.77,4.87,1.57,0.17,1,0
P4_iyi_mantikli_noev,15,1.00,9205.53,6458.10,11850.00,91.83,85.18,2991.38,12,12,9.13,2.79,0,16.21,14.86,4.83,1.53,0.17,1,0
P4_iyi_mantikli_noev,16,1.00,10673.32,7498.10,13773.50,97.62,92.48,3409.81,13,13,9.93,3.01,0,17.74,16.27,5.13,1.66,0.17,1,1800.13
